attempt_id,position,position_frac,n_items,accuracy_before,accuracy_after,accuracy_delta
0002a8bc-62f9-457a-8c18-1ee43a77ef78,11,0.3055555555555556,36,0.6363636363636364,0.0,-0.6363636363636364
0002a8bc-62f9-457a-8c18-1ee43a77ef78,15,0.4166666666666667,36,0.0,0.9166666666666666,0.9166666666666666
0002a8bc-62f9-457a-8c18-1ee43a77ef78,27,0.75,36,0.9166666666666666,0.0,-0.9166666666666666
0002a8bc-62f9-457a-8c18-1ee43a77ef78,31,0.8611111111111112,36,0.0,0.8,0.8
0004c816-1f7f-4633-bcee-e3e3f0168439,19,0.4222222222222222,45,0.8421052631578947,0.5,-0.3421052631578947
0022c38d-60b6-41ec-b694-0237513bb300,4,0.23529411764705882,17,1.0,0.2857142857142857,-0.7142857142857143
0022c38d-60b6-41ec-b694-0237513bb300,11,0.6470588235294118,17,0.2857142857142857,1.0,0.7142857142857143
00261b0c-f2fb-44b9-82b4-c8b923c09cea,20,0.6896551724137931,29,0.95,0.4444444444444444,-0.5055555555555555
0037ae18-324d-4e1b-88e0-f198498646f6,26,0.7222222222222222,36,0.23076923076923078,1.0,0.7692307692307692
0043d9f6-3399-439a-b210-7fda3d7ec082,5,0.29411764705882354,17,0.6,1.0,0.4
00463b22-77d5-4cad-b97d-5bf83e047afc,18,0.47368421052631576,38,1.0,0.5833333333333334,-0.41666666666666663
00463b22-77d5-4cad-b97d-5bf83e047afc,30,0.7894736842105263,38,0.5833333333333334,1.0,0.41666666666666663
005c8918-d3f4-4fca-9003-d74d8f084d85,26,0.896551724137931,29,0.8461538461538461,0.3333333333333333,-0.5128205128205128
00623ee9-15ae-4a6f-8cbc-ceb9ea765d13,24,0.5217391304347826,46,0.9583333333333334,0.5909090909090909,-0.36742424242424243
006f1417-ff1e-44b0-9a3f-68396b88cb15,10,0.43478260869565216,23,0.9,0.3,-0.6000000000000001
006f1417-ff1e-44b0-9a3f-68396b88cb15,20,0.8695652173913043,23,0.3,1.0,0.7
009ae0f5-b8a9-442e-bbdd-6053ed271406,17,0.7083333333333334,24,0.8235294117647058,0.2857142857142857,-0.5378151260504201
00a208a7-aa24-4e12-84dc-196b34e08116,29,0.725,40,0.9655172413793104,0.375,-0.5905172413793104
00a208a7-aa24-4e12-84dc-196b34e08116,37,0.925,40,0.375,1.0,0.625
00ced2c9-290d-4999-bf35-13a69ea5b700,3,0.13636363636363635,22,0.0,1.0,1.0
00ced2c9-290d-4999-bf35-13a69ea5b700,7,0.3181818181818182,22,1.0,0.25,-0.75
00ced2c9-290d-4999-bf35-13a69ea5b700,11,0.5,22,0.25,1.0,0.75
00ced2c9-290d-4999-bf35-13a69ea5b700,15,0.6818181818181818,22,1.0,0.42857142857142855,-0.5714285714285714
00e4ccc1-8839-454d-b453-9fb236ba9b1e,6,0.16666666666666666,36,0.6666666666666666,0.15384615384615385,-0.5128205128205128
00e4ccc1-8839-454d-b453-9fb236ba9b1e,19,0.5277777777777778,36,0.15384615384615385,0.625,0.47115384615384615
00e4ccc1-8839-454d-b453-9fb236ba9b1e,27,0.75,36,0.625,0.0,-0.625
00e4ccc1-8839-454d-b453-9fb236ba9b1e,31,0.8611111111111112,36,0.0,1.0,1.0
00e5d99b-d5a4-4061-b7b9-e91d665709af,5,0.1111111111111111,45,1.0,0.16666666666666666,-0.8333333333333334
00e5d99b-d5a4-4061-b7b9-e91d665709af,11,0.24444444444444444,45,0.16666666666666666,1.0,0.8333333333333334
00e5d99b-d5a4-4061-b7b9-e91d665709af,21,0.4666666666666667,45,1.0,0.3333333333333333,-0.6666666666666667
00e5d99b-d5a4-4061-b7b9-e91d665709af,30,0.6666666666666666,45,0.3333333333333333,0.8666666666666667,0.5333333333333334
00e9e44c-5c0c-4b33-8b30-529dbba7a922,24,0.6666666666666666,36,1.0,0.5833333333333334,-0.41666666666666663
0100ee8f-4268-4518-9b19-58b959d056c7,13,0.5416666666666666,24,1.0,0.0,-1.0
0100ee8f-4268-4518-9b19-58b959d056c7,16,0.6666666666666666,24,0.0,1.0,1.0
010837f4-0187-4d91-83db-13c8932c0283,5,0.1,50,0.4,0.8888888888888888,0.4888888888888888
010837f4-0187-4d91-83db-13c8932c0283,14,0.28,50,0.8888888888888888,0.11764705882352941,-0.7712418300653594
010837f4-0187-4d91-83db-13c8932c0283,31,0.62,50,0.11764705882352941,0.631578947368421,0.5139318885448916
01092cfc-5c52-435d-bb27-97d4e80c1740,14,0.30434782608695654,46,0.8571428571428571,0.0,-0.8571428571428571
01092cfc-5c52-435d-bb27-97d4e80c1740,18,0.391304347826087,46,0.0,0.8928571428571429,0.8928571428571429
010c4f8b-9749-47eb-8644-4550ff348251,25,0.5,50,0.0,1.0,1.0
010c4f8b-9749-47eb-8644-4550ff348251,29,0.58,50,1.0,0.5238095238095238,-0.47619047619047616
014e53f3-6f2b-4a8e-9a87-ae50e16950f2,25,0.5952380952380952,42,0.92,0.5294117647058824,-0.3905882352941177
0160e022-b468-4a10-9387-9b82e2a5dd69,17,0.40476190476190477,42,0.8823529411764706,0.45454545454545453,-0.42780748663101603
0160e022-b468-4a10-9387-9b82e2a5dd69,28,0.6666666666666666,42,0.45454545454545453,1.0,0.5454545454545454
0160e022-b468-4a10-9387-9b82e2a5dd69,33,0.7857142857142857,42,1.0,0.3333333333333333,-0.6666666666666667
0169136f-76f3-4aba-808e-ceddab80940f,3,0.06521739130434782,46,1.0,0.25,-0.75
0169136f-76f3-4aba-808e-ceddab80940f,7,0.15217391304347827,46,0.25,0.9166666666666666,0.6666666666666666
0169136f-76f3-4aba-808e-ceddab80940f,19,0.41304347826086957,46,0.9166666666666666,0.3,-0.6166666666666667
0169136f-76f3-4aba-808e-ceddab80940f,29,0.6304347826086957,46,0.3,1.0,0.7
0169136f-76f3-4aba-808e-ceddab80940f,33,0.717391304347826,46,1.0,0.3076923076923077,-0.6923076923076923
016f72b0-8002-4a86-a883-211e15cdb710,23,0.575,40,0.782608695652174,0.0,-0.782608695652174
016f72b0-8002-4a86-a883-211e15cdb710,26,0.65,40,0.0,0.5714285714285714,0.5714285714285714
0171f955-b56d-49a4-840d-b722cd9257d9,8,0.21052631578947367,38,0.875,0.0,-0.875
0171f955-b56d-49a4-840d-b722cd9257d9,11,0.2894736842105263,38,0.0,1.0,1.0
0171f955-b56d-49a4-840d-b722cd9257d9,14,0.3684210526315789,38,1.0,0.1875,-0.8125
0171f955-b56d-49a4-840d-b722cd9257d9,30,0.7894736842105263,38,0.1875,0.625,0.4375
0178398f-c39d-4081-9bab-1a88350f1a61,20,0.8333333333333334,24,1.0,0.0,-1.0
01796a10-7a82-4b81-bed2-69d3f98816f8,5,0.1,50,1.0,0.45454545454545453,-0.5454545454545454
01796a10-7a82-4b81-bed2-69d3f98816f8,27,0.54,50,0.45454545454545453,0.8947368421052632,0.44019138755980863
01796a10-7a82-4b81-bed2-69d3f98816f8,46,0.92,50,0.8947368421052632,0.25,-0.6447368421052632
0193775b-bedc-41fb-ad28-1d79aee0091a,21,0.4772727272727273,44,0.9523809523809523,0.6956521739130435,-0.25672877846790887
01c0d1b6-0185-4bef-b7ca-7282145f8114,10,0.5555555555555556,18,0.9,0.0,-0.9
01c19be2-6f9c-4402-85ab-2bf33f31a1a3,10,0.5882352941176471,17,1.0,0.25,-0.75
01c19be2-6f9c-4402-85ab-2bf33f31a1a3,14,0.8235294117647058,17,0.25,1.0,0.75
01eb43df-5893-4ded-82a0-33ed67ea95ee,28,0.56,50,0.7857142857142857,0.0,-0.7857142857142857
01eb43df-5893-4ded-82a0-33ed67ea95ee,33,0.66,50,0.0,0.5294117647058824,0.5294117647058824
0206c7c4-a16f-4928-b1fb-c91190d765a0,22,0.44,50,0.7727272727272727,0.42857142857142855,-0.34415584415584416
0206c7c4-a16f-4928-b1fb-c91190d765a0,43,0.86,50,0.42857142857142855,1.0,0.5714285714285714
020fe668-c76c-495c-9cbc-66d2cce9b214,15,0.4166666666666667,36,0.6666666666666666,0.14285714285714285,-0.5238095238095237
020fe668-c76c-495c-9cbc-66d2cce9b214,22,0.6111111111111112,36,0.14285714285714285,1.0,0.8571428571428572
020fe668-c76c-495c-9cbc-66d2cce9b214,25,0.6944444444444444,36,1.0,0.36363636363636365,-0.6363636363636364
02151f62-b7d5-4a0c-a609-86c202935341,3,0.10714285714285714,28,0.0,0.9166666666666666,0.9166666666666666
02151f62-b7d5-4a0c-a609-86c202935341,15,0.5357142857142857,28,0.9166666666666666,0.0,-0.9166666666666666
02151f62-b7d5-4a0c-a609-86c202935341,18,0.6428571428571429,28,0.0,0.6,0.6
02157c30-7e85-4704-b06a-fdd79a1c4aab,34,0.85,40,0.058823529411764705,0.8333333333333334,0.7745098039215687
0216578d-9362-4fea-8538-a410a11c5a48,10,0.5555555555555556,18,0.6,1.0,0.4
023e49ca-41ef-4504-9c31-5be055f15f12,3,0.17647058823529413,17,0.6666666666666666,0.0,-0.6666666666666666
023e49ca-41ef-4504-9c31-5be055f15f12,7,0.4117647058823529,17,0.0,0.8571428571428571,0.8571428571428571
023e49ca-41ef-4504-9c31-5be055f15f12,14,0.8235294117647058,17,0.8571428571428571,0.3333333333333333,-0.5238095238095237
024957ec-64d5-4401-af0b-ea51a8f96405,4,0.08333333333333333,48,1.0,0.0,-1.0
024957ec-64d5-4401-af0b-ea51a8f96405,8,0.16666666666666666,48,0.0,1.0,1.0
024957ec-64d5-4401-af0b-ea51a8f96405,14,0.2916666666666667,48,1.0,0.6176470588235294,-0.38235294117647056
029019b4-ef76-444d-aee9-5864aaf60932,22,0.5789473684210527,38,0.6363636363636364,0.0,-0.6363636363636364
029019b4-ef76-444d-aee9-5864aaf60932,25,0.6578947368421053,38,0.0,0.8888888888888888,0.8888888888888888
029019b4-ef76-444d-aee9-5864aaf60932,34,0.8947368421052632,38,0.8888888888888888,0.0,-0.8888888888888888
0298eec9-8bfe-42bd-b014-e93817ede082,17,0.34,50,0.8823529411764706,0.6060606060606061,-0.2762923351158645
02d6a8ab-0b58-4efd-8057-4723b01e34c4,19,0.5,38,0.8421052631578947,0.0,-0.8421052631578947
02d6a8ab-0b58-4efd-8057-4723b01e34c4,22,0.5789473684210527,38,0.0,1.0,1.0
02d6a8ab-0b58-4efd-8057-4723b01e34c4,26,0.6842105263157895,38,1.0,0.5,-0.5
02ff88ea-0832-4d6f-b29e-abe348704361,27,0.75,36,0.6666666666666666,1.0,0.33333333333333337
03112c79-6a3e-416a-b5f4-e001a49cb462,18,0.782608695652174,23,0.9444444444444444,0.4,-0.5444444444444444
03122bc8-8b2c-4334-bdbe-b1bf821448a7,12,0.3,40,0.16666666666666666,1.0,0.8333333333333334
03122bc8-8b2c-4334-bdbe-b1bf821448a7,15,0.375,40,1.0,0.125,-0.875
03122bc8-8b2c-4334-bdbe-b1bf821448a7,23,0.575,40,0.125,0.7647058823529411,0.6397058823529411
03168965-8ad3-4a13-b038-d9a3c65cd0c3,13,0.7222222222222222,18,1.0,0.4,-0.6
032239e2-6242-427e-9b99-33f86a6df4ce,35,0.875,40,0.9428571428571428,0.2,-0.7428571428571429
032cd1c2-168f-432d-8dbe-3b8c5728b929,29,0.725,40,1.0,0.5454545454545454,-0.4545454545454546
0349561d-a765-42f8-a206-fa2cfe5860b2,5,0.13157894736842105,38,1.0,0.24242424242424243,-0.7575757575757576
034eb09f-1857-4fbe-918a-e56d056b744e,8,0.2,40,0.875,0.0,-0.875
034eb09f-1857-4fbe-918a-e56d056b744e,15,0.375,40,0.0,1.0,1.0
034eb09f-1857-4fbe-918a-e56d056b744e,18,0.45,40,1.0,0.22727272727272727,-0.7727272727272727
0366b620-9d04-4aaa-bf18-f8513890e906,15,0.39473684210526316,38,1.0,0.43478260869565216,-0.5652173913043479
0376b0bd-f94f-4d75-8d69-d254ff0b7e86,18,0.391304347826087,46,0.6111111111111112,0.8928571428571429,0.28174603174603174
0398f5b6-6f7f-40b8-a428-9a0d5314980c,15,0.4166666666666667,36,0.9333333333333333,0.25,-0.6833333333333333
0398f5b6-6f7f-40b8-a428-9a0d5314980c,19,0.5277777777777778,36,0.25,0.8823529411764706,0.6323529411764706
039d1760-964a-44da-bd57-6366c95e33be,35,0.7777777777777778,45,0.8571428571428571,0.4,-0.4571428571428571
03edc3f4-fc54-4101-970f-9615240eaca4,8,0.36363636363636365,22,1.0,0.21428571428571427,-0.7857142857142857
03f2ba02-9329-4f46-b701-4677ccde3d08,4,0.16666666666666666,24,1.0,0.55,-0.44999999999999996
03f79f16-8d42-4245-a879-270bbf2ed79b,10,0.2777777777777778,36,1.0,0.4166666666666667,-0.5833333333333333
03f79f16-8d42-4245-a879-270bbf2ed79b,22,0.6111111111111112,36,0.4166666666666667,0.9285714285714286,0.5119047619047619
041f338a-d5f0-441a-ba7a-c94ba5239ef4,15,0.6521739130434783,23,0.9333333333333333,0.5,-0.43333333333333335
043a11bc-8498-4efe-a043-c7e6ef73dce4,25,0.625,40,0.96,0.2857142857142857,-0.6742857142857143
043a11bc-8498-4efe-a043-c7e6ef73dce4,32,0.8,40,0.2857142857142857,0.875,0.5892857142857143
043baae3-e407-4d0a-9529-747e2d50c00c,18,0.42857142857142855,42,0.9444444444444444,0.2,-0.7444444444444445
043baae3-e407-4d0a-9529-747e2d50c00c,28,0.6666666666666666,42,0.2,0.6428571428571429,0.4428571428571429
043fdad5-8ed5-4777-8d19-917c54e005fd,26,0.65,40,0.9230769230769231,0.25,-0.6730769230769231
043fdad5-8ed5-4777-8d19-917c54e005fd,30,0.75,40,0.25,1.0,0.75
043fdad5-8ed5-4777-8d19-917c54e005fd,36,0.9,40,1.0,0.25,-0.75
04499aff-bb39-45ce-8bfd-948cab0e37a8,26,0.65,40,0.8846153846153846,0.2857142857142857,-0.5989010989010989
045290d1-7858-4c14-b440-e337dfe0b998,3,0.17647058823529413,17,0.0,0.9285714285714286,0.9285714285714286
046ef2c8-0c19-4e66-adf7-5b8042e44b2e,22,0.5238095238095238,42,1.0,0.3333333333333333,-0.6666666666666667
046ef2c8-0c19-4e66-adf7-5b8042e44b2e,34,0.8095238095238095,42,0.3333333333333333,1.0,0.6666666666666667
046ef2c8-0c19-4e66-adf7-5b8042e44b2e,38,0.9047619047619048,42,1.0,0.25,-0.75
04725774-e8e0-44fd-bf47-84514f883bb0,12,0.42857142857142855,28,1.0,0.4,-0.6
04725774-e8e0-44fd-bf47-84514f883bb0,17,0.6071428571428571,28,0.4,1.0,0.6
048ca398-38b6-4068-ae2f-523cc8b8ea5e,6,0.13333333333333333,45,1.0,0.0,-1.0
048ca398-38b6-4068-ae2f-523cc8b8ea5e,10,0.2222222222222222,45,0.0,0.7272727272727273,0.7272727272727273
048ca398-38b6-4068-ae2f-523cc8b8ea5e,21,0.4666666666666667,45,0.7272727272727273,0.0,-0.7272727272727273
048ca398-38b6-4068-ae2f-523cc8b8ea5e,24,0.5333333333333333,45,0.0,0.9090909090909091,0.9090909090909091
048ca398-38b6-4068-ae2f-523cc8b8ea5e,35,0.7777777777777778,45,0.9090909090909091,0.4,-0.509090909090909
04a7bcff-50d7-4f97-a008-585fcf6d8c0d,23,0.7931034482758621,29,0.8695652173913043,0.5,-0.3695652173913043
04a7e9c6-1f53-47b9-a482-d79a804f8939,29,0.58,50,0.7241379310344828,0.0,-0.7241379310344828
04a7e9c6-1f53-47b9-a482-d79a804f8939,33,0.66,50,0.0,0.6470588235294118,0.6470588235294118
04c288a8-fbac-4217-be61-31677291136c,13,0.7222222222222222,18,0.7692307692307693,0.2,-0.5692307692307692
04c4aed6-747a-43da-b693-1221d1b2a64e,19,0.8260869565217391,23,0.7368421052631579,0.25,-0.48684210526315785
04ce38ed-6cf8-4f59-b82e-985e5f616470,5,0.1,50,1.0,0.3333333333333333,-0.6666666666666667
04ce38ed-6cf8-4f59-b82e-985e5f616470,14,0.28,50,0.3333333333333333,1.0,0.6666666666666667
04ce38ed-6cf8-4f59-b82e-985e5f616470,24,0.48,50,1.0,0.11538461538461539,-0.8846153846153846
04eafd99-242a-4eba-84ad-600341d6d581,13,0.7647058823529411,17,0.6923076923076923,0.0,-0.6923076923076923
0530b9ba-84ff-4e2a-9df3-5266c46d75b1,13,0.34210526315789475,38,0.7692307692307693,0.0,-0.7692307692307693
0530b9ba-84ff-4e2a-9df3-5266c46d75b1,18,0.47368421052631576,38,0.0,1.0,1.0
0530b9ba-84ff-4e2a-9df3-5266c46d75b1,21,0.5526315789473685,38,1.0,0.0,-1.0
0530b9ba-84ff-4e2a-9df3-5266c46d75b1,25,0.6578947368421053,38,0.0,0.8461538461538461,0.8461538461538461
05648c9d-04a1-426b-89d3-961b69e8b363,6,0.25,24,0.5,0.8888888888888888,0.38888888888888884
056c97c6-6786-4e7e-98b9-e9e4ad99b7b9,4,0.08695652173913043,46,0.5,0.9696969696969697,0.4696969696969697
056c97c6-6786-4e7e-98b9-e9e4ad99b7b9,37,0.8043478260869565,46,0.9696969696969697,0.25,-0.7196969696969697
056c97c6-6786-4e7e-98b9-e9e4ad99b7b9,41,0.8913043478260869,46,0.25,1.0,0.75
056dfc88-3837-488c-85a5-7f7e9dacb333,10,0.4166666666666667,24,0.6,1.0,0.4
056dfc88-3837-488c-85a5-7f7e9dacb333,17,0.7083333333333334,24,1.0,0.42857142857142855,-0.5714285714285714
058994cd-570d-43fa-ad8f-a771e27f0198,10,0.25,40,1.0,0.2857142857142857,-0.7142857142857143
058994cd-570d-43fa-ad8f-a771e27f0198,17,0.425,40,0.2857142857142857,0.8235294117647058,0.5378151260504201
058994cd-570d-43fa-ad8f-a771e27f0198,34,0.85,40,0.8235294117647058,0.3333333333333333,-0.49019607843137253
0589b743-b01d-40d8-ae86-ac917216f648,12,0.2608695652173913,46,0.25,1.0,0.75
0589b743-b01d-40d8-ae86-ac917216f648,16,0.34782608695652173,46,1.0,0.0,-1.0
0589b743-b01d-40d8-ae86-ac917216f648,20,0.43478260869565216,46,0.0,0.6842105263157895,0.6842105263157895
0589b743-b01d-40d8-ae86-ac917216f648,39,0.8478260869565217,46,0.6842105263157895,0.0,-0.6842105263157895
0589b743-b01d-40d8-ae86-ac917216f648,43,0.9347826086956522,46,0.0,0.6666666666666666,0.6666666666666666
058fdba4-2ac0-4d44-bbe0-b2fcabd41123,9,0.375,24,1.0,0.3333333333333333,-0.6666666666666667
05bc00a7-55be-4450-8b7d-655b23946691,15,0.4166666666666667,36,0.6666666666666666,0.9523809523809523,0.2857142857142857
05e19675-3cc0-4526-b885-cd5be056fbbd,12,0.5217391304347826,23,0.9166666666666666,0.45454545454545453,-0.4621212121212121
05e1fab5-0136-4d76-85c9-b6b5c3ccf1df,35,0.875,40,0.9142857142857143,0.4,-0.5142857142857142
05fc021b-9c15-4f79-8e93-01ec6a7dbc97,20,0.47619047619047616,42,0.85,0.3333333333333333,-0.5166666666666666
05fc021b-9c15-4f79-8e93-01ec6a7dbc97,38,0.9047619047619048,42,0.3333333333333333,1.0,0.6666666666666667
061a31a0-45b7-45ea-98fd-de06802f0703,5,0.1724137931034483,29,1.0,0.2222222222222222,-0.7777777777777778
061a31a0-45b7-45ea-98fd-de06802f0703,14,0.4827586206896552,29,0.2222222222222222,0.6666666666666666,0.4444444444444444
061be851-690a-4608-9de5-8751ee4b0a63,6,0.2608695652173913,23,1.0,0.46153846153846156,-0.5384615384615384
061be851-690a-4608-9de5-8751ee4b0a63,19,0.8260869565217391,23,0.46153846153846156,0.0,-0.46153846153846156
0629ca65-e439-47b7-990d-ebbb1f8c3888,7,0.175,40,1.0,0.6060606060606061,-0.3939393939393939
06415586-8761-4d86-90f0-2db99e5e8815,26,0.65,40,0.23076923076923078,0.7142857142857143,0.4835164835164835
06415586-8761-4d86-90f0-2db99e5e8815,33,0.825,40,0.7142857142857143,0.0,-0.7142857142857143
064c9089-a710-45f4-b756-3d8d846e7ddd,27,0.54,50,0.8888888888888888,0.25,-0.6388888888888888
064c9089-a710-45f4-b756-3d8d846e7ddd,31,0.62,50,0.25,1.0,0.75
064c9089-a710-45f4-b756-3d8d846e7ddd,46,0.92,50,1.0,0.5,-0.5
068db859-aa55-4f5d-9a73-8c03bac6d5c7,3,0.06,50,1.0,0.375,-0.625
068db859-aa55-4f5d-9a73-8c03bac6d5c7,19,0.38,50,0.375,1.0,0.625
068db859-aa55-4f5d-9a73-8c03bac6d5c7,24,0.48,50,1.0,0.2,-0.8
068db859-aa55-4f5d-9a73-8c03bac6d5c7,39,0.78,50,0.2,1.0,0.8
068db859-aa55-4f5d-9a73-8c03bac6d5c7,42,0.84,50,1.0,0.25,-0.75
0695a99a-fce0-4606-b0ed-d463d222e6da,12,0.25,48,0.9166666666666666,0.23333333333333334,-0.6833333333333333
0695a99a-fce0-4606-b0ed-d463d222e6da,42,0.875,48,0.23333333333333334,1.0,0.7666666666666666
06a62053-f345-4fa2-b7ca-7e500ad7db3e,22,0.5238095238095238,42,0.9090909090909091,0.0,-0.9090909090909091
06a62053-f345-4fa2-b7ca-7e500ad7db3e,25,0.5952380952380952,42,0.0,0.7058823529411765,0.7058823529411765
06b55e96-d681-4791-9bf4-c196efd6f3ef,18,0.782608695652174,23,0.7222222222222222,0.0,-0.7222222222222222
06c4bde0-eac1-4c0e-9a4c-41d3929698d5,10,0.2564102564102564,39,0.3,0.8,0.5
06c4bde0-eac1-4c0e-9a4c-41d3929698d5,15,0.38461538461538464,39,0.8,0.20833333333333334,-0.5916666666666667
06c70472-e4c3-4327-858f-7a3493d7aac0,22,0.5238095238095238,42,1.0,0.5,-0.5
06dad05f-99b6-41ab-83ca-14e7e13f60b2,33,0.717391304347826,46,0.42424242424242425,1.0,0.5757575757575757
06dad05f-99b6-41ab-83ca-14e7e13f60b2,36,0.782608695652174,46,1.0,0.0,-1.0
06e4aa8f-361d-4223-8dee-339b6130e7ee,10,0.2222222222222222,45,0.5,1.0,0.5
06e4aa8f-361d-4223-8dee-339b6130e7ee,26,0.5777777777777777,45,1.0,0.16666666666666666,-0.8333333333333334
06e4aa8f-361d-4223-8dee-339b6130e7ee,32,0.7111111111111111,45,0.16666666666666666,1.0,0.8333333333333334
06f77ad0-656f-4300-b9e0-e5cb3f801a3d,4,0.2222222222222222,18,0.5,0.0,-0.5
06f77ad0-656f-4300-b9e0-e5cb3f801a3d,9,0.5,18,0.0,0.5555555555555556,0.5555555555555556
06fc6441-454c-475c-bc9f-91351f7f0f43,19,0.4523809523809524,42,1.0,0.5714285714285714,-0.4285714285714286
06fc6441-454c-475c-bc9f-91351f7f0f43,26,0.6190476190476191,42,0.5714285714285714,0.0,-0.5714285714285714
06fc6441-454c-475c-bc9f-91351f7f0f43,34,0.8095238095238095,42,0.0,1.0,1.0
06fc6441-454c-475c-bc9f-91351f7f0f43,38,0.9047619047619048,42,1.0,0.0,-1.0
070c8f6d-ff1e-4fc3-b9c6-b1c502ce80d5,11,0.2894736842105263,38,0.8181818181818182,0.0,-0.8181818181818182
070c8f6d-ff1e-4fc3-b9c6-b1c502ce80d5,15,0.39473684210526316,38,0.0,0.8571428571428571,0.8571428571428571
070c8f6d-ff1e-4fc3-b9c6-b1c502ce80d5,22,0.5789473684210527,38,0.8571428571428571,0.0,-0.8571428571428571
070c8f6d-ff1e-4fc3-b9c6-b1c502ce80d5,29,0.7631578947368421,38,0.0,0.6666666666666666,0.6666666666666666
071e1222-a8c0-4a09-a49c-256affcdfdb8,14,0.30434782608695654,46,0.8571428571428571,0.0,-0.8571428571428571
071e1222-a8c0-4a09-a49c-256affcdfdb8,18,0.391304347826087,46,0.0,0.5357142857142857,0.5357142857142857
071f9402-ca54-474d-a900-89ad7274a0be,4,0.16666666666666666,24,0.25,0.7,0.44999999999999996
076f630c-58f1-41c3-a5c4-e636cc183235,13,0.26,50,0.9230769230769231,0.18181818181818182,-0.7412587412587412
076f630c-58f1-41c3-a5c4-e636cc183235,24,0.48,50,0.18181818181818182,0.6153846153846154,0.4335664335664336
076f630c-58f1-41c3-a5c4-e636cc183235,37,0.74,50,0.6153846153846154,0.0,-0.6153846153846154
078103ce-c941-4180-b1b6-1f8ffff0f5c5,12,0.6666666666666666,18,0.75,0.3333333333333333,-0.4166666666666667
07b0bfbe-9636-4ab1-9549-c8b841eb1b8c,6,0.3333333333333333,18,0.5,0.0,-0.5
07b0bfbe-9636-4ab1-9549-c8b841eb1b8c,10,0.5555555555555556,18,0.0,1.0,1.0
07b0bfbe-9636-4ab1-9549-c8b841eb1b8c,13,0.7222222222222222,18,1.0,0.4,-0.6
07c62d28-428b-4b44-a75f-f50af32d1aa7,5,0.2777777777777778,18,1.0,0.5,-0.5
07c62d28-428b-4b44-a75f-f50af32d1aa7,13,0.7222222222222222,18,0.5,0.0,-0.5
07cecdb5-980f-4746-8fbd-26dc592dfe6a,34,0.8947368421052632,38,1.0,0.25,-0.75
07e4e0b1-e15b-47fa-81d5-3a13bb030319,4,0.23529411764705882,17,0.0,0.7692307692307693,0.7692307692307693
08516ad5-2865-4d26-8d53-81c1a1044797,11,0.28205128205128205,39,0.9090909090909091,0.3,-0.6090909090909091
08516ad5-2865-4d26-8d53-81c1a1044797,21,0.5384615384615384,39,0.3,0.6666666666666666,0.36666666666666664
08695f8a-8d48-4ad9-8909-5057567b16c1,14,0.4827586206896552,29,0.9285714285714286,0.06666666666666667,-0.861904761904762
0875cd35-3c1d-452f-9b7e-812779c8c64c,17,0.34,50,0.9411764705882353,0.0,-0.9411764705882353
0875cd35-3c1d-452f-9b7e-812779c8c64c,40,0.8,50,0.0,0.7,0.7
0897415e-dd3e-4184-a3b6-759c6a267dc1,35,0.875,40,0.7714285714285715,0.2,-0.5714285714285714
08acea00-2116-4e46-9f2e-f729e65249e4,5,0.2777777777777778,18,1.0,0.0,-1.0
08acea00-2116-4e46-9f2e-f729e65249e4,8,0.4444444444444444,18,0.0,1.0,1.0
08acea00-2116-4e46-9f2e-f729e65249e4,14,0.7777777777777778,18,1.0,0.5,-0.5
08af7313-f987-4be2-bbe7-0a39187001d0,6,0.12,50,1.0,0.3333333333333333,-0.6666666666666667
08af7313-f987-4be2-bbe7-0a39187001d0,12,0.24,50,0.3333333333333333,1.0,0.6666666666666667
08af7313-f987-4be2-bbe7-0a39187001d0,22,0.44,50,1.0,0.5,-0.5
08c45d14-ba1f-4cbe-b076-0ef3d11b046f,8,0.2857142857142857,28,1.0,0.125,-0.875
08c45d14-ba1f-4cbe-b076-0ef3d11b046f,16,0.5714285714285714,28,0.125,1.0,0.875
08c45d14-ba1f-4cbe-b076-0ef3d11b046f,19,0.6785714285714286,28,1.0,0.1111111111111111,-0.8888888888888888
08d61442-934d-4c08-98f0-9a4cd48fe0ce,7,0.25,28,0.7142857142857143,0.0,-0.7142857142857143
08d61442-934d-4c08-98f0-9a4cd48fe0ce,12,0.42857142857142855,28,0.0,1.0,1.0
08d61442-934d-4c08-98f0-9a4cd48fe0ce,15,0.5357142857142857,28,1.0,0.23076923076923078,-0.7692307692307692
08e784be-f65c-4bc3-b33d-de7da817cc4f,17,0.4722222222222222,36,0.7058823529411765,0.2857142857142857,-0.4201680672268908
08e784be-f65c-4bc3-b33d-de7da817cc4f,24,0.6666666666666666,36,0.2857142857142857,0.9166666666666666,0.6309523809523809
08e9fbbc-3cec-4733-9fc7-63386ce43411,36,0.782608695652174,46,0.7222222222222222,0.0,-0.7222222222222222
08f3a604-636e-498d-95b2-90aa8ffedda0,15,0.6818181818181818,22,1.0,0.5714285714285714,-0.4285714285714286
08fb6bd2-b608-44a1-bbd5-7773e973f12f,22,0.4782608695652174,46,0.8636363636363636,0.0,-0.8636363636363636
08fb6bd2-b608-44a1-bbd5-7773e973f12f,26,0.5652173913043478,46,0.0,0.9230769230769231,0.9230769230769231
08fb6bd2-b608-44a1-bbd5-7773e973f12f,39,0.8478260869565217,46,0.9230769230769231,0.2857142857142857,-0.6373626373626374
08fcf8af-4289-4e29-838b-3a3b875a821f,15,0.3,50,0.3333333333333333,0.7714285714285715,0.43809523809523815
09079526-a3be-4ec2-bfe3-84ec835f410b,35,0.9210526315789473,38,0.9714285714285714,0.3333333333333333,-0.638095238095238
09089981-137a-4521-9ee5-4b8bffe62d66,10,0.43478260869565216,23,0.6,1.0,0.4
09089981-137a-4521-9ee5-4b8bffe62d66,18,0.782608695652174,23,1.0,0.2,-0.8
092af114-dd15-486c-8162-bffeb191a28f,5,0.10869565217391304,46,0.4,0.926829268292683,0.526829268292683
093c62e7-319a-4c42-93a5-07682b9ace39,3,0.16666666666666666,18,0.3333333333333333,0.9333333333333333,0.6000000000000001
094576d6-e197-4d12-9b95-e454f0285f53,5,0.29411764705882354,17,1.0,0.25,-0.75
0953179d-a1b4-43c2-8481-9aa60ab6aa3b,5,0.10869565217391304,46,0.8,0.0,-0.8
0953179d-a1b4-43c2-8481-9aa60ab6aa3b,9,0.1956521739130435,46,0.0,0.65625,0.65625
0953179d-a1b4-43c2-8481-9aa60ab6aa3b,41,0.8913043478260869,46,0.65625,0.2,-0.45625
095eafd8-2742-457b-88bc-c247af913454,11,0.4782608695652174,23,1.0,0.25,-0.75
095eafd8-2742-457b-88bc-c247af913454,19,0.8260869565217391,23,0.25,0.75,0.5
097bb463-4f3d-41e5-b7ba-73f0c6e81570,15,0.32608695652173914,46,0.8666666666666667,0.0,-0.8666666666666667
097bb463-4f3d-41e5-b7ba-73f0c6e81570,18,0.391304347826087,46,0.0,0.9047619047619048,0.9047619047619048
097bb463-4f3d-41e5-b7ba-73f0c6e81570,39,0.8478260869565217,46,0.9047619047619048,0.14285714285714285,-0.7619047619047619
098050aa-add5-4467-8692-4a55784dcef6,45,0.9,50,0.9111111111111111,0.4,-0.5111111111111111
098acbea-3d25-4517-8838-9a2aa1d253a6,7,0.175,40,0.0,0.4,0.4
098acbea-3d25-4517-8838-9a2aa1d253a6,32,0.8,40,0.4,1.0,0.6
09ac615f-e0e1-423e-ae09-103344da5337,13,0.5416666666666666,24,0.9230769230769231,0.45454545454545453,-0.4685314685314686
09b5c106-aba3-4f6c-8e82-1eda082a5a38,45,0.9,50,0.8888888888888888,0.4,-0.4888888888888888
09c1b626-8fc3-47be-8fee-d4dc2a245dd5,6,0.35294117647058826,17,0.8333333333333334,0.0,-0.8333333333333334
09c1b626-8fc3-47be-8fee-d4dc2a245dd5,10,0.5882352941176471,17,0.0,1.0,1.0
09c1b626-8fc3-47be-8fee-d4dc2a245dd5,13,0.7647058823529411,17,1.0,0.25,-0.75
09e1f50c-14fa-4ba5-acb1-efd08c6d6343,18,0.75,24,0.8888888888888888,0.0,-0.8888888888888888
09e78492-f336-43b8-9084-88f6b4a794a5,14,0.30434782608695654,46,0.7857142857142857,0.0,-0.7857142857142857
09e78492-f336-43b8-9084-88f6b4a794a5,17,0.3695652173913043,46,0.0,0.896551724137931,0.896551724137931
09f6f560-a814-4c97-907f-700d61bde942,6,0.13333333333333333,45,0.6666666666666666,0.14285714285714285,-0.5238095238095237
09f6f560-a814-4c97-907f-700d61bde942,13,0.28888888888888886,45,0.14285714285714285,0.6923076923076923,0.5494505494505495
09f6f560-a814-4c97-907f-700d61bde942,26,0.5777777777777777,45,0.6923076923076923,0.2631578947368421,-0.4291497975708502
0a042976-a713-45e6-8ff7-4382b031b3fa,7,0.2916666666666667,24,0.7142857142857143,0.0,-0.7142857142857143
0a042976-a713-45e6-8ff7-4382b031b3fa,11,0.4583333333333333,24,0.0,0.7692307692307693,0.7692307692307693
0a13d5d0-89a6-47ae-a4d9-771dc8ab1ecf,14,0.4827586206896552,29,1.0,0.25,-0.75
0a13d5d0-89a6-47ae-a4d9-771dc8ab1ecf,18,0.6206896551724138,29,0.25,0.8571428571428571,0.6071428571428571
0a13d5d0-89a6-47ae-a4d9-771dc8ab1ecf,25,0.8620689655172413,29,0.8571428571428571,0.25,-0.6071428571428571
0a242c28-0612-484d-94f7-f9776a432619,33,0.825,40,0.8484848484848485,0.2857142857142857,-0.5627705627705628
0a43ff06-cb33-42bd-becf-492515dae3f1,37,0.8809523809523809,42,0.9459459459459459,0.4,-0.5459459459459459
0a4e112c-9655-4370-a257-6b4649584a29,23,0.575,40,0.9565217391304348,0.4,-0.5565217391304348
0a4e112c-9655-4370-a257-6b4649584a29,28,0.7,40,0.4,1.0,0.6
0a69fb41-cb10-4eb8-82d6-e572b4a84dfc,26,0.896551724137931,29,0.8846153846153846,0.3333333333333333,-0.5512820512820513
0a714ff9-5e8c-4ce6-9cf8-ba165bbffc70,21,0.525,40,1.0,0.47368421052631576,-0.5263157894736843
0a7696e4-9813-4318-a75d-b15aa49889f0,13,0.3611111111111111,36,1.0,0.5833333333333334,-0.41666666666666663
0a7696e4-9813-4318-a75d-b15aa49889f0,25,0.6944444444444444,36,0.5833333333333334,1.0,0.41666666666666663
0a87f5d3-3f71-46cc-a8f4-a9df52359c46,10,0.2222222222222222,45,0.9,0.0,-0.9
0a87f5d3-3f71-46cc-a8f4-a9df52359c46,13,0.28888888888888886,45,0.0,0.875,0.875
0a87f5d3-3f71-46cc-a8f4-a9df52359c46,29,0.6444444444444445,45,0.875,0.14285714285714285,-0.7321428571428572
0a87f5d3-3f71-46cc-a8f4-a9df52359c46,36,0.8,45,0.14285714285714285,1.0,0.8571428571428572
0a87f5d3-3f71-46cc-a8f4-a9df52359c46,39,0.8666666666666667,45,1.0,0.3333333333333333,-0.6666666666666667
0a90535d-bbc4-402f-aea1-dbe8593e2bff,13,0.5652173913043478,23,0.9230769230769231,0.0,-0.9230769230769231
0a90535d-bbc4-402f-aea1-dbe8593e2bff,16,0.6956521739130435,23,0.0,0.8571428571428571,0.8571428571428571
0aa67f70-d38e-443a-9624-18da1767b870,8,0.34782608695652173,23,0.375,0.0,-0.375
0ab27fdf-53d0-4ce9-aef7-2881da80f3ef,5,0.11904761904761904,42,1.0,0.14285714285714285,-0.8571428571428572
0ab27fdf-53d0-4ce9-aef7-2881da80f3ef,12,0.2857142857142857,42,0.14285714285714285,1.0,0.8571428571428572
0ab98701-9471-42e9-a80b-e82f148fe6f3,13,0.5652173913043478,23,0.46153846153846156,0.0,-0.46153846153846156
0ab98701-9471-42e9-a80b-e82f148fe6f3,20,0.8695652173913043,23,0.0,0.6666666666666666,0.6666666666666666
0aba21f4-8a71-4ad1-8a3f-7c0d1333f4f9,32,0.64,50,0.3125,1.0,0.6875
0aba21f4-8a71-4ad1-8a3f-7c0d1333f4f9,36,0.72,50,1.0,0.07142857142857142,-0.9285714285714286
0aedba1e-602b-4aa3-8a2d-2840b8665ae8,10,0.21739130434782608,46,0.9,0.125,-0.775
0aedba1e-602b-4aa3-8a2d-2840b8665ae8,26,0.5652173913043478,46,0.125,0.8571428571428571,0.7321428571428571
0aedba1e-602b-4aa3-8a2d-2840b8665ae8,33,0.717391304347826,46,0.8571428571428571,0.0,-0.8571428571428571
0aedba1e-602b-4aa3-8a2d-2840b8665ae8,38,0.8260869565217391,46,0.0,0.5,0.5
0af32b5c-ab70-4b67-b7cc-807436ba5930,14,0.7777777777777778,18,0.9285714285714286,0.25,-0.6785714285714286
0af59a0d-f596-4518-a57b-f98b2699d4eb,3,0.06521739130434782,46,0.6666666666666666,0.0,-0.6666666666666666
0af59a0d-f596-4518-a57b-f98b2699d4eb,8,0.17391304347826086,46,0.0,0.7777777777777778,0.7777777777777778
0af59a0d-f596-4518-a57b-f98b2699d4eb,17,0.3695652173913043,46,0.7777777777777778,0.3793103448275862,-0.3984674329501916
0af8b14c-f899-4b62-89ec-c3ab4e6569dd,9,0.225,40,0.7777777777777778,0.35714285714285715,-0.42063492063492064
0af8b14c-f899-4b62-89ec-c3ab4e6569dd,23,0.575,40,0.35714285714285715,0.7647058823529411,0.407563025210084
0b099c7e-8900-45b5-b84f-c3e9a0e02ec2,12,0.41379310344827586,29,0.8333333333333334,0.23529411764705882,-0.5980392156862746
0b164337-3113-4a5d-82a5-990bf6723d3e,8,0.2857142857142857,28,0.125,0.5294117647058824,0.40441176470588236
0b164337-3113-4a5d-82a5-990bf6723d3e,25,0.8928571428571429,28,0.5294117647058824,0.0,-0.5294117647058824
0b1b9537-1cb7-454f-91e8-7b9fd789f0f0,7,0.3181818181818182,22,1.0,0.25,-0.75
0b1b9537-1cb7-454f-91e8-7b9fd789f0f0,11,0.5,22,0.25,0.9090909090909091,0.6590909090909091
0b273023-c88e-4e2e-821b-8e4d182f1853,19,0.8636363636363636,22,0.8947368421052632,0.3333333333333333,-0.5614035087719298
0b42188d-10dc-4f57-a3fd-b57e9b63fdf8,7,0.4117647058823529,17,1.0,0.3333333333333333,-0.6666666666666667
0b42188d-10dc-4f57-a3fd-b57e9b63fdf8,10,0.5882352941176471,17,0.3333333333333333,1.0,0.6666666666666667
0b482c43-e175-4399-9f70-51570de09e99,11,0.2391304347826087,46,0.8181818181818182,0.2857142857142857,-0.5324675324675325
0b482c43-e175-4399-9f70-51570de09e99,18,0.391304347826087,46,0.2857142857142857,0.8947368421052632,0.6090225563909775
0b482c43-e175-4399-9f70-51570de09e99,37,0.8043478260869565,46,0.8947368421052632,0.2,-0.6947368421052631
0b482c43-e175-4399-9f70-51570de09e99,42,0.9130434782608695,46,0.2,1.0,0.8
0b4ebd21-ea19-40c9-bdf2-5f1aa9aeaf00,9,0.2,45,0.7777777777777778,0.0,-0.7777777777777778
0b4ebd21-ea19-40c9-bdf2-5f1aa9aeaf00,13,0.28888888888888886,45,0.0,0.75,0.75
0b55b6cd-2ba5-46a1-87a4-a67b81f4122e,7,0.19444444444444445,36,0.8571428571428571,0.3793103448275862,-0.4778325123152709
0b5b3e88-aa1b-4e5e-9c56-f4ad80d97dec,34,0.8947368421052632,38,0.9411764705882353,0.25,-0.6911764705882353
0b6338df-c8c8-4acf-9da0-7b8a25bbcf46,4,0.18181818181818182,22,0.75,0.2777777777777778,-0.4722222222222222
0b659d1a-8440-4db4-9b9a-06a1acdc54c1,3,0.07692307692307693,39,0.3333333333333333,0.95,0.6166666666666667
0b659d1a-8440-4db4-9b9a-06a1acdc54c1,23,0.5897435897435898,39,0.95,0.5,-0.44999999999999996
0b6f5585-344e-4848-8502-05d6260bac91,10,0.3448275862068966,29,0.9,0.3157894736842105,-0.5842105263157895
0b867359-630b-4e40-9913-471215643cee,25,0.8620689655172413,29,1.0,0.5,-0.5
0b91be4a-ad89-45db-9de6-cf0e01c0b725,11,0.6111111111111112,18,0.0,0.6666666666666666,0.6666666666666666
0b91be4a-ad89-45db-9de6-cf0e01c0b725,14,0.7777777777777778,18,0.6666666666666666,0.0,-0.6666666666666666
0bf8800c-2d09-4360-8889-af7db4456ec0,28,0.6222222222222222,45,0.7142857142857143,0.11764705882352941,-0.5966386554621849
0c093cfb-56c0-4522-b35c-393fbd873305,35,0.7,50,0.11428571428571428,0.75,0.6357142857142857
0c093cfb-56c0-4522-b35c-393fbd873305,39,0.78,50,0.75,0.09090909090909091,-0.6590909090909091
0c0ac85c-03d9-4b92-8a7d-253003295fe0,8,0.2222222222222222,36,0.75,0.058823529411764705,-0.6911764705882353
0c0ac85c-03d9-4b92-8a7d-253003295fe0,25,0.6944444444444444,36,0.058823529411764705,0.6363636363636364,0.5775401069518716
0c10d37d-648d-47a5-a90a-70303f3bec79,22,0.55,40,0.9090909090909091,0.1111111111111111,-0.797979797979798
0c10d37d-648d-47a5-a90a-70303f3bec79,31,0.775,40,0.1111111111111111,0.7777777777777778,0.6666666666666667
0c22d463-da67-41e6-9e70-5ffa79f95d63,30,0.6,50,0.23333333333333334,0.8571428571428571,0.6238095238095238
0c22d463-da67-41e6-9e70-5ffa79f95d63,37,0.74,50,0.8571428571428571,0.15384615384615385,-0.7032967032967032
0c3da429-fbb8-4f64-9506-7a0bd0dcc6ab,4,0.13793103448275862,29,0.25,0.84,0.59
0c4aaeeb-1373-425d-8a6e-f87d0a59df7b,20,0.6896551724137931,29,0.75,0.0,-0.75
0c4aaeeb-1373-425d-8a6e-f87d0a59df7b,23,0.7931034482758621,29,0.0,0.8333333333333334,0.8333333333333334
0c57a5bc-a9a6-463e-aaf1-ea09a07dc50b,10,0.2777777777777778,36,0.8,0.0,-0.8
0c57a5bc-a9a6-463e-aaf1-ea09a07dc50b,13,0.3611111111111111,36,0.0,0.8695652173913043,0.8695652173913043
0c5a85aa-6974-4752-8a49-2bdeab7618e2,4,0.09523809523809523,42,0.75,0.2894736842105263,-0.4605263157894737
0c736522-5af4-48a3-9eca-afa6e79441e1,12,0.3,40,0.8333333333333334,0.26666666666666666,-0.5666666666666667
0c736522-5af4-48a3-9eca-afa6e79441e1,27,0.675,40,0.26666666666666666,0.8,0.5333333333333334
0c736522-5af4-48a3-9eca-afa6e79441e1,37,0.925,40,0.8,0.0,-0.8
0c737807-d0d9-431d-b80b-5ac0284461ae,27,0.6,45,0.9629629629629629,0.6666666666666666,-0.2962962962962963
0c8016da-4da7-43f9-8155-04d594fc3043,10,0.21739130434782608,46,0.8,0.0,-0.8
0c8016da-4da7-43f9-8155-04d594fc3043,13,0.2826086956521739,46,0.0,0.5833333333333334,0.5833333333333334
0c8016da-4da7-43f9-8155-04d594fc3043,25,0.5434782608695652,46,0.5833333333333334,0.9047619047619048,0.3214285714285714
0c9ed013-693a-4677-aef3-3cb3c2f7365d,25,0.5,50,0.72,1.0,0.28
0c9ed013-693a-4677-aef3-3cb3c2f7365d,47,0.94,50,1.0,0.3333333333333333,-0.6666666666666667
0ca2ce82-f0ad-4b3f-83d0-9fa0226aab1e,8,0.3333333333333333,24,1.0,0.5,-0.5
0ca65710-2014-49e5-a685-2e98a6d44fa8,7,0.3888888888888889,18,0.2857142857142857,0.9090909090909091,0.6233766233766234
0cc9038b-b5c6-4760-9562-e1956bdb6f5b,42,0.9333333333333333,45,0.9285714285714286,0.3333333333333333,-0.5952380952380953
0ccf62aa-24f9-4a29-8e3a-433e81068cae,28,0.7,40,0.8214285714285714,0.25,-0.5714285714285714
0ccf62aa-24f9-4a29-8e3a-433e81068cae,32,0.8,40,0.25,1.0,0.75
0cfa4d9d-d9ba-4721-b91e-14039917d51c,16,0.32,50,0.75,0.0,-0.75
0cfa4d9d-d9ba-4721-b91e-14039917d51c,19,0.38,50,0.0,0.8064516129032258,0.8064516129032258
0d0c14cf-1d3e-4a33-bfe0-9406d2647304,11,0.6111111111111112,18,0.8181818181818182,0.42857142857142855,-0.3896103896103897
0d15fe32-97db-4fd3-a79e-104254700828,25,0.5555555555555556,45,1.0,0.2857142857142857,-0.7142857142857143
0d15fe32-97db-4fd3-a79e-104254700828,32,0.7111111111111111,45,0.2857142857142857,0.9230769230769231,0.6373626373626374
0d210d76-d34a-467d-8119-e49aa0a34a32,34,0.8947368421052632,38,0.9705882352941176,0.25,-0.7205882352941176
0d25e8fd-7bb0-49bb-acc0-b0ad49e80993,6,0.25,24,0.6666666666666666,0.0,-0.6666666666666666
0d25e8fd-7bb0-49bb-acc0-b0ad49e80993,10,0.4166666666666667,24,0.0,0.6428571428571429,0.6428571428571429
0d26fb52-12d7-4cd5-9807-577c1b043c07,14,0.7777777777777778,18,0.5714285714285714,0.0,-0.5714285714285714
0d53670e-5029-4d9a-9ee7-5f0266e6dd4a,9,0.1956521739130435,46,0.6666666666666666,0.0,-0.6666666666666666
0d53670e-5029-4d9a-9ee7-5f0266e6dd4a,19,0.41304347826086957,46,0.0,0.5185185185185185,0.5185185185185185
0d649bd3-530f-4b3d-ad24-2c382ec4491e,12,0.6666666666666666,18,0.6666666666666666,0.0,-0.6666666666666666
0d649bd3-530f-4b3d-ad24-2c382ec4491e,15,0.8333333333333334,18,0.0,1.0,1.0
0d661954-bac9-4f97-8ee3-7816820ef2b5,10,0.2564102564102564,39,0.7,0.0,-0.7
0d661954-bac9-4f97-8ee3-7816820ef2b5,14,0.358974358974359,39,0.0,0.7272727272727273,0.7272727272727273
0d661954-bac9-4f97-8ee3-7816820ef2b5,25,0.6410256410256411,39,0.7272727272727273,0.0,-0.7272727272727273
0d661954-bac9-4f97-8ee3-7816820ef2b5,29,0.7435897435897436,39,0.0,0.7,0.7
0d6670f0-04e9-409a-b58e-3f4268dfddb9,33,0.9166666666666666,36,0.7575757575757576,0.0,-0.7575757575757576
0d72c4a3-0deb-4eca-9a66-0f8b50d02b8f,4,0.17391304347826086,23,0.75,0.0,-0.75
0d72c4a3-0deb-4eca-9a66-0f8b50d02b8f,8,0.34782608695652173,23,0.0,0.5555555555555556,0.5555555555555556
0d72c4a3-0deb-4eca-9a66-0f8b50d02b8f,17,0.7391304347826086,23,0.5555555555555556,0.0,-0.5555555555555556
0dbc5adf-70ac-4f5e-9da0-de04b041f865,6,0.13333333333333333,45,0.6666666666666666,0.0,-0.6666666666666666
0dbc5adf-70ac-4f5e-9da0-de04b041f865,9,0.2,45,0.0,0.88,0.88
0dbc5adf-70ac-4f5e-9da0-de04b041f865,34,0.7555555555555555,45,0.88,0.5454545454545454,-0.3345454545454546
0dbd3ce6-06e5-4fa2-8d7e-af2603a59dc9,12,0.5454545454545454,22,0.5,1.0,0.5
0dbd3ce6-06e5-4fa2-8d7e-af2603a59dc9,19,0.8636363636363636,22,1.0,0.0,-1.0
0dc46d41-3581-4671-9f08-814a085046e0,12,0.42857142857142855,28,1.0,0.25,-0.75
0dc46d41-3581-4671-9f08-814a085046e0,16,0.5714285714285714,28,0.25,0.75,0.5
0dd88e17-42c9-4614-8001-83cfe1b47b5f,33,0.825,40,0.2727272727272727,1.0,0.7272727272727273
0dd88e17-42c9-4614-8001-83cfe1b47b5f,36,0.9,40,1.0,0.0,-1.0
0ddb03ad-947a-4a5c-8e62-2f5df6c2c299,10,0.22727272727272727,44,0.2,0.7272727272727273,0.5272727272727273
0ddb03ad-947a-4a5c-8e62-2f5df6c2c299,21,0.4772727272727273,44,0.7272727272727273,0.0,-0.7272727272727273
0ddb03ad-947a-4a5c-8e62-2f5df6c2c299,24,0.5454545454545454,44,0.0,0.8571428571428571,0.8571428571428571
0ddb03ad-947a-4a5c-8e62-2f5df6c2c299,38,0.8636363636363636,44,0.8571428571428571,0.3333333333333333,-0.5238095238095237
0de0479e-467c-4f51-ab61-1fcf312d839c,13,0.5416666666666666,24,0.23076923076923078,1.0,0.7692307692307692
0de0479e-467c-4f51-ab61-1fcf312d839c,16,0.6666666666666666,24,1.0,0.125,-0.875
0de4be99-eb87-42df-8189-dd84f5efba89,9,0.391304347826087,23,1.0,0.25,-0.75
0de4be99-eb87-42df-8189-dd84f5efba89,13,0.5652173913043478,23,0.25,0.8,0.55
0dfc31a4-e495-4060-8cc8-de4ee7feef29,5,0.22727272727272727,22,1.0,0.5882352941176471,-0.4117647058823529
0e214d52-cb0e-4c91-95ad-78b21f71e302,3,0.075,40,0.0,0.5384615384615384,0.5384615384615384
0e214d52-cb0e-4c91-95ad-78b21f71e302,16,0.4,40,0.5384615384615384,0.875,0.33653846153846156
0e32444c-2dd3-4e3d-918b-2d1ca130902a,10,0.25,40,0.8,0.48,-0.32000000000000006
0e32444c-2dd3-4e3d-918b-2d1ca130902a,35,0.875,40,0.48,1.0,0.52
0e634095-8676-4603-92c0-f0a0e94d88ad,11,0.275,40,0.8181818181818182,0.0,-0.8181818181818182
0e634095-8676-4603-92c0-f0a0e94d88ad,16,0.4,40,0.0,0.8571428571428571,0.8571428571428571
0e634095-8676-4603-92c0-f0a0e94d88ad,23,0.575,40,0.8571428571428571,0.3333333333333333,-0.5238095238095237
0e634095-8676-4603-92c0-f0a0e94d88ad,32,0.8,40,0.3333333333333333,0.875,0.5416666666666667
0e678643-e646-429d-babc-cb821bba292f,14,0.35,40,1.0,0.6923076923076923,-0.3076923076923077
0e69c41e-ec9d-4f10-83f2-236b52a14950,8,0.2222222222222222,36,1.0,0.2,-0.8
0e69c41e-ec9d-4f10-83f2-236b52a14950,13,0.3611111111111111,36,0.2,0.9130434782608695,0.7130434782608694
0e6d2438-de5e-43c9-b502-96e14b5b8108,12,0.24,50,0.16666666666666666,1.0,0.8333333333333334
0e6d2438-de5e-43c9-b502-96e14b5b8108,15,0.3,50,1.0,0.3142857142857143,-0.6857142857142857
0e936f37-fd3c-4ffa-b143-f02f2a850c4e,12,0.41379310344827586,29,0.25,0.5882352941176471,0.3382352941176471
0ea74d0c-4f79-4f74-b800-cd860ee47717,35,0.875,40,0.8285714285714286,0.2,-0.6285714285714286
0ebab207-b72a-4f27-a7e0-9b061898768b,8,0.47058823529411764,17,0.875,0.3333333333333333,-0.5416666666666667
0ec0ff52-dc51-4702-9fb4-3c71e7bf2ada,22,0.6111111111111112,36,1.0,0.5714285714285714,-0.4285714285714286
0ed81dbf-692a-4e70-87d8-ce04d2928f73,14,0.8235294117647058,17,0.9285714285714286,0.3333333333333333,-0.5952380952380953
0ef1fabf-da2e-4528-9287-0130d622e930,22,0.7586206896551724,29,0.9545454545454546,0.5714285714285714,-0.3831168831168832
0f0f5e97-83d9-4ee5-8543-82c28f213cb5,13,0.7647058823529411,17,1.0,0.25,-0.75
0f200c8e-2ea7-404c-9860-fd51f3d80d7e,11,0.2894736842105263,38,1.0,0.15789473684210525,-0.8421052631578947
0f200c8e-2ea7-404c-9860-fd51f3d80d7e,30,0.7894736842105263,38,0.15789473684210525,0.625,0.46710526315789475
0f2c6d02-534c-4268-8166-1cbf8e2dbb91,3,0.125,24,0.6666666666666666,0.0,-0.6666666666666666
0f2c6d02-534c-4268-8166-1cbf8e2dbb91,7,0.2916666666666667,24,0.0,0.8333333333333334,0.8333333333333334
0f2c6d02-534c-4268-8166-1cbf8e2dbb91,19,0.7916666666666666,24,0.8333333333333334,0.4,-0.43333333333333335
0f3965bf-0f95-45ff-ac59-d85cf5d87d09,19,0.6551724137931034,29,0.8421052631578947,0.5,-0.3421052631578947
0f511f2a-dc36-44e9-be06-52db034d6912,33,0.7333333333333333,45,0.9090909090909091,0.4166666666666667,-0.4924242424242424
0f59761b-cc09-433e-acd7-ccf32589a52b,36,0.8,45,0.9166666666666666,0.0,-0.9166666666666666
0f59761b-cc09-433e-acd7-ccf32589a52b,39,0.8666666666666667,45,0.0,0.6666666666666666,0.6666666666666666
0f63d288-d378-4b8d-a097-bb28bc075dfe,4,0.08695652173913043,46,0.75,0.0,-0.75
0f63d288-d378-4b8d-a097-bb28bc075dfe,7,0.15217391304347827,46,0.0,0.7666666666666667,0.7666666666666667
0f63d288-d378-4b8d-a097-bb28bc075dfe,37,0.8043478260869565,46,0.7666666666666667,0.3333333333333333,-0.4333333333333334
0f7826b5-1c5e-479b-a7bb-bee0c9de20e5,24,0.5714285714285714,42,1.0,0.6666666666666666,-0.33333333333333337
0f7826b5-1c5e-479b-a7bb-bee0c9de20e5,39,0.9285714285714286,42,0.6666666666666666,0.0,-0.6666666666666666
0f7dbe5a-8e27-45c4-af11-45fe9f10e35f,31,0.7380952380952381,42,0.41935483870967744,1.0,0.5806451612903225
0f7dbe5a-8e27-45c4-af11-45fe9f10e35f,34,0.8095238095238095,42,1.0,0.125,-0.875
0f8057fa-b180-4b49-8dce-93e962a883e7,8,0.34782608695652173,23,0.75,0.125,-0.625
0f8057fa-b180-4b49-8dce-93e962a883e7,16,0.6956521739130435,23,0.125,0.5714285714285714,0.4464285714285714
0f89ab81-4eee-411d-a687-56a6ff7ac0ce,17,0.4473684210526316,38,0.5882352941176471,0.23809523809523808,-0.350140056022409
0fa86655-b94d-451e-9f64-233c67728f98,8,0.34782608695652173,23,0.5,0.06666666666666667,-0.43333333333333335
0faf0e21-2c3f-4452-aa3e-8929dead735e,16,0.42105263157894735,38,1.0,0.4090909090909091,-0.5909090909090908
0fb5b8d9-bbd1-4aed-8048-760744e4531f,10,0.2222222222222222,45,1.0,0.0,-1.0
0fb5b8d9-bbd1-4aed-8048-760744e4531f,13,0.28888888888888886,45,0.0,0.84375,0.84375
0fd3b8fc-6f85-4c7b-b815-03e2846f5a75,31,0.7045454545454546,44,0.967741935483871,0.5384615384615384,-0.42928039702233256
0fe27fdf-fdf8-440b-8cdd-4a75a679e515,28,0.6086956521739131,46,0.6785714285714286,0.0,-0.6785714285714286
0fe27fdf-fdf8-440b-8cdd-4a75a679e515,32,0.6956521739130435,46,0.0,0.6428571428571429,0.6428571428571429
100c8005-7d2a-43e8-a7b4-ec7bbf45eb42,27,0.675,40,1.0,0.4,-0.6
100c8005-7d2a-43e8-a7b4-ec7bbf45eb42,32,0.8,40,0.4,1.0,0.6
100cab4e-a3d2-41f4-a743-a3de5dbadb81,7,0.30434782608695654,23,0.7142857142857143,0.0,-0.7142857142857143
100cab4e-a3d2-41f4-a743-a3de5dbadb81,13,0.5652173913043478,23,0.0,0.5,0.5
100cab4e-a3d2-41f4-a743-a3de5dbadb81,19,0.8260869565217391,23,0.5,1.0,0.5
104c4bcb-14d7-49ce-ba23-3455551e627c,12,0.6666666666666666,18,1.0,0.5,-0.5
10505f19-e6d6-43bd-aa06-67a71198c5bc,21,0.875,24,0.9047619047619048,0.3333333333333333,-0.5714285714285714
1055f27b-ec03-4e4a-97aa-5049be2e23e7,9,0.391304347826087,23,0.7777777777777778,0.0,-0.7777777777777778
1055f27b-ec03-4e4a-97aa-5049be2e23e7,20,0.8695652173913043,23,0.0,0.6666666666666666,0.6666666666666666
1067d1dd-f372-4f8d-b27d-f6c5a7db2163,4,0.18181818181818182,22,0.5,0.05555555555555555,-0.4444444444444444
106ef1cc-2eba-4329-9453-7a6acf93c47e,6,0.3333333333333333,18,0.6666666666666666,0.0,-0.6666666666666666
10b959f6-e04c-4aac-87de-fe1d6ccf6e1b,11,0.3793103448275862,29,0.8181818181818182,0.16666666666666666,-0.6515151515151516
10c6ca1a-2eff-4f76-ba70-b471d8c4b8cd,47,0.94,50,0.8723404255319149,0.3333333333333333,-0.5390070921985817
10cab150-1ce5-4d07-83f7-bc1827f24cb7,13,0.7647058823529411,17,0.8461538461538461,0.25,-0.5961538461538461
10e66b97-7e40-455e-bb46-393a261189c4,9,0.391304347826087,23,0.3333333333333333,0.875,0.5416666666666667
10e66b97-7e40-455e-bb46-393a261189c4,17,0.7391304347826086,23,0.875,0.16666666666666666,-0.7083333333333334
10f2926b-c20e-400d-af71-c827cc099430,6,0.3333333333333333,18,1.0,0.0,-1.0
10f2926b-c20e-400d-af71-c827cc099430,9,0.5,18,0.0,0.75,0.75
10f2926b-c20e-400d-af71-c827cc099430,13,0.7222222222222222,18,0.75,0.2,-0.55
10f72230-4260-40b3-8387-5ea699a867b1,7,0.2413793103448276,29,0.7142857142857143,0.125,-0.5892857142857143
10f72230-4260-40b3-8387-5ea699a867b1,15,0.5172413793103449,29,0.125,0.8,0.675
10f72230-4260-40b3-8387-5ea699a867b1,20,0.6896551724137931,29,0.8,0.2222222222222222,-0.5777777777777778
1125da34-68dd-47e1-bb7a-a6e83b8f61a4,15,0.6521739130434783,23,0.9333333333333333,0.5,-0.43333333333333335
1128d3a6-5254-4ee3-a78f-fe068cc5cce4,18,0.42857142857142855,42,0.8333333333333334,0.4166666666666667,-0.4166666666666667
114670f8-5ede-4cc2-b39a-1425e1d6b977,7,0.4117647058823529,17,0.42857142857142855,1.0,0.5714285714285714
114670f8-5ede-4cc2-b39a-1425e1d6b977,14,0.8235294117647058,17,1.0,0.3333333333333333,-0.6666666666666667
114c94d5-7989-4de4-af75-fa6474be29d1,39,0.78,50,0.8974358974358975,0.25,-0.6474358974358975
114c94d5-7989-4de4-af75-fa6474be29d1,47,0.94,50,0.25,1.0,0.75
1157f43b-edbd-4f85-bcfa-5d68c37546f4,3,0.125,24,1.0,0.23809523809523808,-0.7619047619047619
1159aede-d20c-4a06-b922-997ff28b1987,15,0.6521739130434783,23,0.8,0.125,-0.675
11651316-c7ac-4145-b833-3e135b343947,23,0.46,50,0.782608695652174,0.0,-0.782608695652174
11651316-c7ac-4145-b833-3e135b343947,30,0.6,50,0.0,0.7,0.7
1168e113-c727-446f-960d-cd525832b09a,6,0.2727272727272727,22,1.0,0.5625,-0.4375
116f2bdf-b86f-46a0-8ca8-8ab852dabb24,34,0.68,50,0.9411764705882353,0.375,-0.5661764705882353
116f2bdf-b86f-46a0-8ca8-8ab852dabb24,42,0.84,50,0.375,0.875,0.5
116faabd-80a9-4ad7-b2cc-739a88a74d23,9,0.4090909090909091,22,1.0,0.2,-0.8
116faabd-80a9-4ad7-b2cc-739a88a74d23,14,0.6363636363636364,22,0.2,0.75,0.55
11853f75-1a67-4a47-866e-b8fd15f497e5,22,0.5,44,1.0,0.6363636363636364,-0.36363636363636365
118df092-562d-4d7a-9e28-4322e61b1097,12,0.6666666666666666,18,0.8333333333333334,0.0,-0.8333333333333334
118df092-562d-4d7a-9e28-4322e61b1097,15,0.8333333333333334,18,0.0,0.6666666666666666,0.6666666666666666
118f646d-71b6-4509-9d90-d9fb7b92a7cf,20,0.4,50,1.0,0.5666666666666667,-0.43333333333333335
119d1ed7-a294-4efd-9ceb-a5ce9100f8ab,12,0.6666666666666666,18,0.75,0.0,-0.75
119d1ed7-a294-4efd-9ceb-a5ce9100f8ab,15,0.8333333333333334,18,0.0,1.0,1.0
11a2914a-8f5f-4625-86f7-a3e62a855d20,27,0.6428571428571429,42,0.8888888888888888,0.125,-0.7638888888888888
11a2914a-8f5f-4625-86f7-a3e62a855d20,35,0.8333333333333334,42,0.125,0.5714285714285714,0.4464285714285714
11a2abec-a9f3-4afe-867a-6504fae7c47e,7,0.2916666666666667,24,1.0,0.25,-0.75
11a2abec-a9f3-4afe-867a-6504fae7c47e,11,0.4583333333333333,24,0.25,1.0,0.75
11a2abec-a9f3-4afe-867a-6504fae7c47e,17,0.7083333333333334,24,1.0,0.2857142857142857,-0.7142857142857143
11aa7418-6cfb-4933-8651-83c8228f1244,30,0.6666666666666666,45,0.8333333333333334,0.0,-0.8333333333333334
11e64b48-e001-4551-8e3e-c7fe28a369bf,33,0.825,40,0.9393939393939394,0.5714285714285714,-0.36796536796536805
11e6bc47-818a-42c3-a130-1ffe4ef813ea,6,0.20689655172413793,29,0.8333333333333334,0.2222222222222222,-0.6111111111111112
11e6bc47-818a-42c3-a130-1ffe4ef813ea,15,0.5172413793103449,29,0.2222222222222222,1.0,0.7777777777777778
11e6bc47-818a-42c3-a130-1ffe4ef813ea,20,0.6896551724137931,29,1.0,0.0,-1.0
11e6bc47-818a-42c3-a130-1ffe4ef813ea,23,0.7931034482758621,29,0.0,1.0,1.0
11ec5ad0-714f-4eae-bdc8-7639f5015c0d,28,0.6666666666666666,42,0.17857142857142858,0.6,0.4214285714285714
11ec5ad0-714f-4eae-bdc8-7639f5015c0d,38,0.9047619047619048,42,0.6,0.0,-0.6
11fec1a1-2642-4e84-8b7c-c97ba17b845b,34,0.68,50,0.9117647058823529,0.1875,-0.7242647058823529
12027a66-fa84-4fa9-b88c-65ca91fc1164,14,0.7777777777777778,18,1.0,0.5,-0.5
120a3056-bd9a-466e-88ab-d211f6af0f60,13,0.26,50,0.6923076923076923,0.0,-0.6923076923076923
120a3056-bd9a-466e-88ab-d211f6af0f60,17,0.34,50,0.0,1.0,1.0
120a3056-bd9a-466e-88ab-d211f6af0f60,20,0.4,50,1.0,0.15384615384615385,-0.8461538461538461
120a3056-bd9a-466e-88ab-d211f6af0f60,33,0.66,50,0.15384615384615385,0.7058823529411765,0.5520361990950227
120e215e-8f0b-4ba4-a463-97cbef94d111,36,0.9,40,0.9444444444444444,0.5,-0.4444444444444444
1226ae1d-4c6c-4d6d-8e87-dda2e7e7b12a,19,0.475,40,0.8947368421052632,0.2,-0.6947368421052631
1226ae1d-4c6c-4d6d-8e87-dda2e7e7b12a,24,0.6,40,0.2,1.0,0.8
1226ae1d-4c6c-4d6d-8e87-dda2e7e7b12a,30,0.75,40,1.0,0.5,-0.5
1229d81c-f2a9-456d-ac17-a896a8387c74,4,0.23529411764705882,17,1.0,0.25,-0.75
1229d81c-f2a9-456d-ac17-a896a8387c74,8,0.47058823529411764,17,0.25,0.8888888888888888,0.6388888888888888
12402d42-5277-486d-9737-5cafb8eac592,20,0.8333333333333334,24,0.95,0.5,-0.44999999999999996
126a6d97-2d19-4880-b557-c056b761f7fc,3,0.17647058823529413,17,1.0,0.3333333333333333,-0.6666666666666667
126a6d97-2d19-4880-b557-c056b761f7fc,6,0.35294117647058826,17,0.3333333333333333,1.0,0.6666666666666667
127a89de-3bc7-4267-8828-3cf027afed95,9,0.391304347826087,23,0.6666666666666666,0.14285714285714285,-0.5238095238095237
128ab970-fe51-4ecd-ba35-a73997adcc84,28,0.7,40,0.9285714285714286,0.0,-0.9285714285714286
128ab970-fe51-4ecd-ba35-a73997adcc84,32,0.8,40,0.0,0.5,0.5
128ae79c-3eec-4211-bb46-dc62868e7656,14,0.8235294117647058,17,1.0,0.3333333333333333,-0.6666666666666667
12917a5a-bfc3-48de-b7ae-16b5b4655fa6,17,0.38636363636363635,44,0.8823529411764706,0.0,-0.8823529411764706
12917a5a-bfc3-48de-b7ae-16b5b4655fa6,20,0.45454545454545453,44,0.0,0.8,0.8
12917a5a-bfc3-48de-b7ae-16b5b4655fa6,30,0.6818181818181818,44,0.8,0.0,-0.8
12917a5a-bfc3-48de-b7ae-16b5b4655fa6,34,0.7727272727272727,44,0.0,0.8333333333333334,0.8333333333333334
12917a5a-bfc3-48de-b7ae-16b5b4655fa6,40,0.9090909090909091,44,0.8333333333333334,0.25,-0.5833333333333334
12bcee41-602c-48c3-96ca-0286ede49f44,3,0.06666666666666667,45,0.6666666666666666,0.0,-0.6666666666666666
12bcee41-602c-48c3-96ca-0286ede49f44,41,0.9111111111111111,45,0.0,0.75,0.75
12c138ad-3b6a-4e78-9134-62d391db6344,11,0.4782608695652174,23,0.9090909090909091,0.5555555555555556,-0.3535353535353535
12c138ad-3b6a-4e78-9134-62d391db6344,20,0.8695652173913043,23,0.5555555555555556,0.0,-0.5555555555555556
12c89360-043a-4423-a0c4-9c8f5c794391,17,0.7083333333333334,24,0.9411764705882353,0.42857142857142855,-0.5126050420168067
12d81453-74b4-4bcd-bb83-9dda0da8bda6,22,0.7586206896551724,29,0.7727272727272727,0.14285714285714285,-0.6298701298701299
12de5cb5-7744-4d10-8612-f4c8980ed840,9,0.21428571428571427,42,0.6666666666666666,0.15151515151515152,-0.5151515151515151
12e9cf11-b6ab-4443-8a99-18fe6b67188a,29,0.725,40,0.8620689655172413,0.0,-0.8620689655172413
12e9cf11-b6ab-4443-8a99-18fe6b67188a,32,0.8,40,0.0,0.625,0.625
12ff6649-bc30-474b-b0fb-a0ea562e0cce,3,0.13636363636363635,22,1.0,0.2631578947368421,-0.736842105263158
130e7777-c941-4d6f-a5bf-0d8b5c5a7cd4,29,0.6590909090909091,44,0.8275862068965517,0.06666666666666667,-0.7609195402298851
13225f72-0361-4912-b6bc-b175376da1ca,15,0.6818181818181818,22,0.26666666666666666,1.0,0.7333333333333334
13225f72-0361-4912-b6bc-b175376da1ca,18,0.8181818181818182,22,1.0,0.25,-0.75
133482e7-41a0-4773-8016-be6dac63757b,17,0.4146341463414634,41,0.8235294117647058,0.0,-0.8235294117647058
133482e7-41a0-4773-8016-be6dac63757b,20,0.4878048780487805,41,0.0,0.7142857142857143,0.7142857142857143
134dfe7a-8efb-4369-be3f-e0b671ccf693,5,0.10869565217391304,46,0.6,0.0,-0.6
134dfe7a-8efb-4369-be3f-e0b671ccf693,9,0.1956521739130435,46,0.0,1.0,1.0
134dfe7a-8efb-4369-be3f-e0b671ccf693,12,0.2608695652173913,46,1.0,0.0,-1.0
134dfe7a-8efb-4369-be3f-e0b671ccf693,16,0.34782608695652173,46,0.0,0.7666666666666667,0.7666666666666667
1382f9cb-941a-4e7b-bdec-7f47f4b68a66,34,0.8717948717948718,39,0.9705882352941176,0.2,-0.7705882352941176
138b6404-86c6-44f2-9984-32750ba356cb,25,0.5555555555555556,45,0.96,0.65,-0.30999999999999994
13908f28-483b-4d15-a731-74f9c81b2047,6,0.16666666666666666,36,1.0,0.5,-0.5
13908f28-483b-4d15-a731-74f9c81b2047,24,0.6666666666666666,36,0.5,0.9166666666666666,0.41666666666666663
13d17bd0-4f50-4298-b5ee-6df61fdbe637,38,0.9047619047619048,42,0.7368421052631579,0.0,-0.7368421052631579
13dc9acc-4541-456a-8bdf-0ec2bfb7107a,11,0.6111111111111112,18,0.7272727272727273,0.0,-0.7272727272727273
13de9149-c047-4818-8c5b-0f0c02863695,12,0.2727272727272727,44,1.0,0.5625,-0.4375
13fad9b5-a05d-4c3e-9666-4088b3b95dd2,45,0.9,50,0.8888888888888888,0.2,-0.6888888888888889
13fd0de0-4b81-4205-a39e-3aa51372bf53,12,0.3,40,0.75,0.0,-0.75
13fd0de0-4b81-4205-a39e-3aa51372bf53,15,0.375,40,0.0,0.88,0.88
140054a8-2e2f-445f-a71a-d67c840f503e,32,0.8,40,0.9375,0.0,-0.9375
140054a8-2e2f-445f-a71a-d67c840f503e,36,0.9,40,0.0,0.75,0.75
14205f9e-e58b-41b0-8d49-61a371555a2c,4,0.13793103448275862,29,0.75,0.125,-0.625
14205f9e-e58b-41b0-8d49-61a371555a2c,12,0.41379310344827586,29,0.125,0.8571428571428571,0.7321428571428571
14205f9e-e58b-41b0-8d49-61a371555a2c,19,0.6551724137931034,29,0.8571428571428571,0.2,-0.657142857142857
1423941e-28c1-4885-bde1-8e9ac776ed57,25,0.625,40,0.88,0.0,-0.88
1423941e-28c1-4885-bde1-8e9ac776ed57,28,0.7,40,0.0,1.0,1.0
1423941e-28c1-4885-bde1-8e9ac776ed57,33,0.825,40,1.0,0.42857142857142855,-0.5714285714285714
143b3639-7228-415f-b6bb-dfe456a26d09,3,0.08333333333333333,36,0.3333333333333333,0.9090909090909091,0.5757575757575757
143b8c7d-f06a-4a0f-a865-57e29e403594,3,0.10344827586206896,29,0.3333333333333333,0.8461538461538461,0.5128205128205128
1443ff6f-3603-4dae-bab6-6027505a4959,13,0.26,50,0.9230769230769231,0.5945945945945946,-0.3284823284823285
14491833-441a-4097-b1e9-749540fe1472,41,0.9318181818181818,44,0.9512195121951219,0.3333333333333333,-0.6178861788617886
145840e5-d871-404b-945b-cb05c004d054,11,0.4782608695652174,23,0.8181818181818182,0.3333333333333333,-0.4848484848484849
145cd696-8373-4bef-bedf-98322bae1ea3,17,0.37777777777777777,45,0.058823529411764705,0.35714285714285715,0.29831932773109243
14631b24-0eec-4add-9dc3-68df1df490d3,35,0.7,50,0.8857142857142857,0.0,-0.8857142857142857
14631b24-0eec-4add-9dc3-68df1df490d3,38,0.76,50,0.0,1.0,1.0
147d7875-5a9d-4115-aef9-5b40384bbc07,5,0.2777777777777778,18,1.0,0.0,-1.0
147d7875-5a9d-4115-aef9-5b40384bbc07,11,0.6111111111111112,18,0.0,0.7142857142857143,0.7142857142857143
148410ec-cd45-4ae6-8a86-2286d5b077d3,26,0.6842105263157895,38,0.2692307692307692,1.0,0.7307692307692308
148410ec-cd45-4ae6-8a86-2286d5b077d3,29,0.7631578947368421,38,1.0,0.3333333333333333,-0.6666666666666667
14c22f19-a2ac-460d-8482-de7c01a61fc6,13,0.5416666666666666,24,0.9230769230769231,0.0,-0.9230769230769231
14c22f19-a2ac-460d-8482-de7c01a61fc6,16,0.6666666666666666,24,0.0,0.75,0.75
14d50de3-6207-4566-9dee-b55eaab451e1,20,0.5,40,0.9,0.5,-0.4
14e4424d-df9e-412c-8099-118e5400c066,16,0.4444444444444444,36,1.0,0.25,-0.75
14e4424d-df9e-412c-8099-118e5400c066,24,0.6666666666666666,36,0.25,0.8333333333333334,0.5833333333333334
151c2891-ff31-4713-ad5d-3d5080787ab3,4,0.08,50,1.0,0.5,-0.5
151c2891-ff31-4713-ad5d-3d5080787ab3,16,0.32,50,0.5,0.0,-0.5
151c2891-ff31-4713-ad5d-3d5080787ab3,20,0.4,50,0.0,0.7333333333333333,0.7333333333333333
15464150-cc8f-4ac3-9d7d-6dde27592455,15,0.39473684210526316,38,1.0,0.2608695652173913,-0.7391304347826086
1556848f-3290-42a9-bb0b-68c5dcf3858d,7,0.4117647058823529,17,0.5714285714285714,1.0,0.4285714285714286
1559ecf7-6ecf-4293-ad58-24171a651e56,13,0.7222222222222222,18,0.9230769230769231,0.4,-0.5230769230769231
155bf91e-7e22-4cfd-86d9-e10ed57ad045,10,0.2222222222222222,45,0.7,0.25,-0.44999999999999996
155bf91e-7e22-4cfd-86d9-e10ed57ad045,34,0.7555555555555555,45,0.25,1.0,0.75
155bf91e-7e22-4cfd-86d9-e10ed57ad045,37,0.8222222222222222,45,1.0,0.125,-0.875
1560443d-83cd-42f7-97dc-83f193b2ae29,4,0.10526315789473684,38,1.0,0.14285714285714285,-0.8571428571428572
1560443d-83cd-42f7-97dc-83f193b2ae29,11,0.2894736842105263,38,0.14285714285714285,0.8888888888888888,0.746031746031746
156c0ccb-3d5a-467c-bd47-6983c612c31f,23,0.575,40,1.0,0.6470588235294118,-0.3529411764705882
15711d90-e2a5-4143-b132-d7a519e8599f,20,0.5,40,0.95,0.0,-0.95
15711d90-e2a5-4143-b132-d7a519e8599f,28,0.7,40,0.0,0.75,0.75
15711d90-e2a5-4143-b132-d7a519e8599f,32,0.8,40,0.75,0.0,-0.75
15711d90-e2a5-4143-b132-d7a519e8599f,37,0.925,40,0.0,0.6666666666666666,0.6666666666666666
15a5fa84-be45-434b-a4d9-3238219616ef,8,0.34782608695652173,23,0.875,0.5333333333333333,-0.3416666666666667
15b27a6c-b753-4262-aa2c-d42cd7bfad2e,31,0.62,50,0.22580645161290322,0.6666666666666666,0.4408602150537634
15b27a6c-b753-4262-aa2c-d42cd7bfad2e,46,0.92,50,0.6666666666666666,0.0,-0.6666666666666666
15b68ed1-aadb-4e45-8f12-9dc756f11e87,9,0.5,18,0.8888888888888888,0.3333333333333333,-0.5555555555555556
15d94d8c-b808-405a-a7b1-299e7d5b1567,32,0.6956521739130435,46,0.5625,0.2857142857142857,-0.2767857142857143
15e2f514-7f44-4221-9917-b8f75884bea1,3,0.06666666666666667,45,0.0,1.0,1.0
15e2f514-7f44-4221-9917-b8f75884bea1,6,0.13333333333333333,45,1.0,0.41025641025641024,-0.5897435897435898
15eb7a88-db13-470d-8746-816e4bde4314,42,0.84,50,0.9523809523809523,0.0,-0.9523809523809523
15eb7a88-db13-470d-8746-816e4bde4314,45,0.9,50,0.0,0.8,0.8
15f4b65f-5f30-4425-9f79-3bcfdb7ff39c,23,0.575,40,0.9565217391304348,0.5294117647058824,-0.42710997442455245
1602199f-7c5f-4436-84ba-235c18cf1508,16,0.6956521739130435,23,0.9375,0.5714285714285714,-0.3660714285714286
162083e6-0f19-4ee2-9164-f91d5ded48d8,5,0.11904761904761904,42,1.0,0.36666666666666664,-0.6333333333333333
162083e6-0f19-4ee2-9164-f91d5ded48d8,35,0.8333333333333334,42,0.36666666666666664,0.0,-0.36666666666666664
164576ee-77e9-4816-8b43-97c34fcbf2fe,16,0.32,50,0.75,0.0,-0.75
164576ee-77e9-4816-8b43-97c34fcbf2fe,19,0.38,50,0.0,0.9032258064516129,0.9032258064516129
164a9f06-d68a-45ab-88ac-c0c707842c7e,6,0.2608695652173913,23,1.0,0.18181818181818182,-0.8181818181818181
164a9f06-d68a-45ab-88ac-c0c707842c7e,17,0.7391304347826086,23,0.18181818181818182,0.8333333333333334,0.6515151515151516
166480ac-1057-4afd-9997-3b754649573e,27,0.75,36,0.4074074074074074,1.0,0.5925925925925926
168253ef-7063-408f-913b-77e7e5fb8898,4,0.08888888888888889,45,0.0,0.7037037037037037,0.7037037037037037
168253ef-7063-408f-913b-77e7e5fb8898,31,0.6888888888888889,45,0.7037037037037037,0.0,-0.7037037037037037
168253ef-7063-408f-913b-77e7e5fb8898,35,0.7777777777777778,45,0.0,0.9,0.9
168a4f69-361f-4302-b4fe-ec6225fffd55,6,0.13333333333333333,45,1.0,0.0,-1.0
168a4f69-361f-4302-b4fe-ec6225fffd55,9,0.2,45,0.0,1.0,1.0
168a4f69-361f-4302-b4fe-ec6225fffd55,21,0.4666666666666667,45,1.0,0.625,-0.375
1695cda8-d262-4742-a4da-1e9433bb65f5,4,0.08333333333333333,48,1.0,0.0,-1.0
1695cda8-d262-4742-a4da-1e9433bb65f5,7,0.14583333333333334,48,0.0,0.7586206896551724,0.7586206896551724
1695cda8-d262-4742-a4da-1e9433bb65f5,36,0.75,48,0.7586206896551724,0.4166666666666667,-0.3419540229885057
1695cec8-b847-4f0f-9f47-8214a6cd5d4e,5,0.1111111111111111,45,1.0,0.125,-0.875
1695cec8-b847-4f0f-9f47-8214a6cd5d4e,13,0.28888888888888886,45,0.125,1.0,0.875
1695cec8-b847-4f0f-9f47-8214a6cd5d4e,16,0.35555555555555557,45,1.0,0.0,-1.0
1695cec8-b847-4f0f-9f47-8214a6cd5d4e,21,0.4666666666666667,45,0.0,0.8333333333333334,0.8333333333333334
1695cec8-b847-4f0f-9f47-8214a6cd5d4e,27,0.6,45,0.8333333333333334,0.0,-0.8333333333333334
1695cec8-b847-4f0f-9f47-8214a6cd5d4e,30,0.6666666666666666,45,0.0,1.0,1.0
1695cec8-b847-4f0f-9f47-8214a6cd5d4e,35,0.7777777777777778,45,1.0,0.1,-0.9
1698145e-a47b-4c5e-8c99-cc3999abe483,3,0.08333333333333333,36,0.0,1.0,1.0
1698145e-a47b-4c5e-8c99-cc3999abe483,6,0.16666666666666666,36,1.0,0.2,-0.8
1698145e-a47b-4c5e-8c99-cc3999abe483,21,0.5833333333333334,36,0.2,0.6666666666666666,0.4666666666666666
1698145e-a47b-4c5e-8c99-cc3999abe483,33,0.9166666666666666,36,0.6666666666666666,0.0,-0.6666666666666666
16a6c63b-75c8-41da-959a-69519eb9fa1d,4,0.08,50,0.25,0.9666666666666667,0.7166666666666667
16a6c63b-75c8-41da-959a-69519eb9fa1d,34,0.68,50,0.9666666666666667,0.5,-0.4666666666666667
16a6c63b-75c8-41da-959a-69519eb9fa1d,46,0.92,50,0.5,1.0,0.5
16b5e469-09dd-479e-8845-75a1a2970116,21,0.4375,48,0.3333333333333333,0.8571428571428571,0.5238095238095237
16b5e469-09dd-479e-8845-75a1a2970116,35,0.7291666666666666,48,0.8571428571428571,0.46153846153846156,-0.39560439560439553
16c2dea2-6a43-4683-aa2e-65d8ff470f8a,41,0.82,50,0.0,0.5555555555555556,0.5555555555555556
1705b18d-30bd-480b-8c9b-7b175d25e40a,10,0.5555555555555556,18,0.5,1.0,0.5
1705b18d-30bd-480b-8c9b-7b175d25e40a,13,0.7222222222222222,18,1.0,0.0,-1.0
171aeeff-df13-4f42-b68e-6a7a8763ce9a,5,0.2777777777777778,18,1.0,0.0,-1.0
17354d56-3cc0-4f3a-a673-656dfd63f814,25,0.625,40,0.84,0.26666666666666666,-0.5733333333333333
173acb28-c147-4a00-ad8a-c285b613c86f,15,0.8333333333333334,18,0.8666666666666667,0.3333333333333333,-0.5333333333333334
173e5825-2ff8-4992-b798-f8dbfd49f39e,9,0.375,24,0.6666666666666666,1.0,0.33333333333333337
174f88d3-9b13-400f-8665-d6d2c49bfee2,8,0.2222222222222222,36,0.875,0.25,-0.625
174f88d3-9b13-400f-8665-d6d2c49bfee2,12,0.3333333333333333,36,0.25,0.9583333333333334,0.7083333333333334
175870d7-940b-494a-bd4b-bda19df4e46b,9,0.2,45,0.5555555555555556,0.125,-0.4305555555555556
175870d7-940b-494a-bd4b-bda19df4e46b,41,0.9111111111111111,45,0.125,1.0,0.875
175ee057-af0b-490c-a591-f58db01bcba3,10,0.43478260869565216,23,0.7,0.3076923076923077,-0.39230769230769225
1769d21e-c4f8-470d-8379-2d73d1117e4f,17,0.425,40,0.5882352941176471,0.0,-0.5882352941176471
1769d21e-c4f8-470d-8379-2d73d1117e4f,23,0.575,40,0.0,1.0,1.0
1769d21e-c4f8-470d-8379-2d73d1117e4f,27,0.675,40,1.0,0.15384615384615385,-0.8461538461538461
178d803e-4805-4752-bae5-2b273d584e9d,33,0.825,40,1.0,0.0,-1.0
178d803e-4805-4752-bae5-2b273d584e9d,36,0.9,40,0.0,1.0,1.0
1790c010-b70a-43b4-be93-cfb647c41924,14,0.30434782608695654,46,0.9285714285714286,0.0,-0.9285714285714286
1790c010-b70a-43b4-be93-cfb647c41924,20,0.43478260869565216,46,0.0,0.9615384615384616,0.9615384615384616
179d3fff-8214-4ed8-915e-30aa3b6e7746,17,0.4473684210526316,38,0.7647058823529411,0.0,-0.7647058823529411
179d3fff-8214-4ed8-915e-30aa3b6e7746,20,0.5263157894736842,38,0.0,0.7777777777777778,0.7777777777777778
17b4ece7-9116-4256-8d9d-e8846285183e,28,0.6666666666666666,42,0.9285714285714286,0.16666666666666666,-0.761904761904762
17b4ece7-9116-4256-8d9d-e8846285183e,34,0.8095238095238095,42,0.16666666666666666,0.625,0.45833333333333337
17b866bf-0026-47a6-b405-27be575fcfe0,4,0.23529411764705882,17,0.5,0.9230769230769231,0.42307692307692313
17c3e6c2-7ed7-4ac9-aaba-f73c1926165d,17,0.425,40,1.0,0.6956521739130435,-0.30434782608695654
17dbb436-3e61-4a40-85f0-e31dd24b49e0,12,0.5217391304347826,23,0.9166666666666666,0.3333333333333333,-0.5833333333333333
17dbb436-3e61-4a40-85f0-e31dd24b49e0,18,0.782608695652174,23,0.3333333333333333,1.0,0.6666666666666667
17de1f1d-5017-4172-b59c-22313ad7b558,25,0.5,50,0.0,0.64,0.64
17e65b77-3b6f-408e-8be4-1696390a2af0,12,0.5217391304347826,23,1.0,0.2727272727272727,-0.7272727272727273
17eb48bc-b739-41d2-bab3-645a6f40f21b,25,0.5555555555555556,45,0.92,0.5,-0.42000000000000004
17eb48bc-b739-41d2-bab3-645a6f40f21b,41,0.9111111111111111,45,0.5,1.0,0.5
18095b86-57a1-46fd-aa85-d348aa9c07ca,6,0.16666666666666666,36,0.8333333333333334,0.16666666666666666,-0.6666666666666667
18095b86-57a1-46fd-aa85-d348aa9c07ca,12,0.3333333333333333,36,0.16666666666666666,1.0,0.8333333333333334
18095b86-57a1-46fd-aa85-d348aa9c07ca,15,0.4166666666666667,36,1.0,0.42857142857142855,-0.5714285714285714
18095b86-57a1-46fd-aa85-d348aa9c07ca,29,0.8055555555555556,36,0.42857142857142855,1.0,0.5714285714285714
183a4f35-86bd-4422-95f3-18b9268a02e4,10,0.25,40,0.9,0.2857142857142857,-0.6142857142857143
183a4f35-86bd-4422-95f3-18b9268a02e4,31,0.775,40,0.2857142857142857,1.0,0.7142857142857143
183a4f35-86bd-4422-95f3-18b9268a02e4,34,0.85,40,1.0,0.16666666666666666,-0.8333333333333334
18643418-00f9-4f69-b6b2-d69acd2a3b37,6,0.3333333333333333,18,0.8333333333333334,0.0,-0.8333333333333334
18643418-00f9-4f69-b6b2-d69acd2a3b37,10,0.5555555555555556,18,0.0,1.0,1.0
18643418-00f9-4f69-b6b2-d69acd2a3b37,13,0.7222222222222222,18,1.0,0.4,-0.6
186bf7d4-aca7-4084-8d02-eca54113bb03,6,0.16666666666666666,36,0.6666666666666666,0.1,-0.5666666666666667
186bf7d4-aca7-4084-8d02-eca54113bb03,16,0.4444444444444444,36,0.1,0.9,0.8
189db180-0e3b-4a80-a518-08c45ac1e336,24,0.6,40,0.8333333333333334,0.4444444444444444,-0.38888888888888895
189db180-0e3b-4a80-a518-08c45ac1e336,33,0.825,40,0.4444444444444444,1.0,0.5555555555555556
18a2b4f0-6152-4a02-a290-09011115ad2c,11,0.4782608695652174,23,0.9090909090909091,0.3333333333333333,-0.5757575757575757
18b81d42-d71e-4d79-b264-04002c7db00e,17,0.3695652173913043,46,0.9411764705882353,0.6206896551724138,-0.32048681541582147
18d6c32d-d6ae-4e74-9b04-0f0372ea9079,4,0.16666666666666666,24,1.0,0.4,-0.6
18d6c32d-d6ae-4e74-9b04-0f0372ea9079,9,0.375,24,0.4,1.0,0.6
18d6c32d-d6ae-4e74-9b04-0f0372ea9079,16,0.6666666666666666,24,1.0,0.375,-0.625
18df9f80-bc61-450f-8371-b3a5cbc6b85e,4,0.18181818181818182,22,1.0,0.25,-0.75
18df9f80-bc61-450f-8371-b3a5cbc6b85e,8,0.36363636363636365,22,0.25,0.9090909090909091,0.6590909090909091
18df9f80-bc61-450f-8371-b3a5cbc6b85e,19,0.8636363636363636,22,0.9090909090909091,0.3333333333333333,-0.5757575757575757
18e09e43-e2e2-4f86-b910-48e68f9dbb81,5,0.1724137931034483,29,0.8,0.08333333333333333,-0.7166666666666667
18e09e43-e2e2-4f86-b910-48e68f9dbb81,17,0.5862068965517241,29,0.08333333333333333,1.0,0.9166666666666666
18e09e43-e2e2-4f86-b910-48e68f9dbb81,20,0.6896551724137931,29,1.0,0.2222222222222222,-0.7777777777777778
19012ed7-84d7-4853-9683-70af35528bd6,36,0.9,40,0.8611111111111112,0.25,-0.6111111111111112
1914c948-6443-4359-a9da-58e28773ebfa,27,0.7105263157894737,38,0.9629629629629629,0.45454545454545453,-0.5084175084175084
19151ce9-70aa-46a5-80e1-6ab178fdaf6a,15,0.5357142857142857,28,0.8666666666666667,0.25,-0.6166666666666667
19151ce9-70aa-46a5-80e1-6ab178fdaf6a,19,0.6785714285714286,28,0.25,0.8888888888888888,0.6388888888888888
191d080d-ee4a-4e9f-b63d-17d931b1890d,28,0.7,40,0.9285714285714286,0.3333333333333333,-0.5952380952380953
191d1058-12fd-4096-98f4-7b780313e568,9,0.4090909090909091,22,0.6666666666666666,0.07692307692307693,-0.5897435897435896
193ac920-f2d2-47c1-8f47-3a08c7b1e972,29,0.58,50,0.9310344827586207,0.2,-0.7310344827586206
193ac920-f2d2-47c1-8f47-3a08c7b1e972,34,0.68,50,0.2,0.8125,0.6125
194198b2-fdb4-4c8e-aca8-a4846398728b,23,0.46,50,0.6956521739130435,0.3125,-0.38315217391304346
194198b2-fdb4-4c8e-aca8-a4846398728b,39,0.78,50,0.3125,0.8181818181818182,0.5056818181818182
1954f64b-b222-403a-aabc-983bcc5db100,36,0.8181818181818182,44,0.6944444444444444,0.25,-0.4444444444444444
19554514-7517-4437-8456-6deadefe89fc,20,0.6896551724137931,29,0.8,0.0,-0.8
19554514-7517-4437-8456-6deadefe89fc,23,0.7931034482758621,29,0.0,1.0,1.0
19554514-7517-4437-8456-6deadefe89fc,26,0.896551724137931,29,1.0,0.0,-1.0
19a92bfa-b9aa-4a0b-98fe-3818256e8a71,42,0.84,50,0.8571428571428571,0.25,-0.6071428571428571
19b9b79e-acc9-4bdd-b008-5991fcd9a562,14,0.5,28,0.9285714285714286,0.42857142857142855,-0.5
19c057fb-8a30-4751-84fc-19e9c5745154,22,0.6111111111111112,36,0.8636363636363636,0.0,-0.8636363636363636
19c057fb-8a30-4751-84fc-19e9c5745154,25,0.6944444444444444,36,0.0,0.8181818181818182,0.8181818181818182
19c35e83-d005-4c35-9a70-479ee28ce299,30,0.75,40,0.8666666666666667,0.25,-0.6166666666666667
19c35e83-d005-4c35-9a70-479ee28ce299,34,0.85,40,0.25,1.0,0.75
19c59545-6f71-4bcb-93cc-b8922294cad9,4,0.08695652173913043,46,1.0,0.0,-1.0
19c59545-6f71-4bcb-93cc-b8922294cad9,8,0.17391304347826086,46,0.0,0.7307692307692307,0.7307692307692307
19c59545-6f71-4bcb-93cc-b8922294cad9,34,0.7391304347826086,46,0.7307692307692307,0.0,-0.7307692307692307
19c59545-6f71-4bcb-93cc-b8922294cad9,40,0.8695652173913043,46,0.0,0.5,0.5
19c85da3-151f-41b7-8ce7-65b761a1584f,8,0.21052631578947367,38,1.0,0.07692307692307693,-0.9230769230769231
19c85da3-151f-41b7-8ce7-65b761a1584f,34,0.8947368421052632,38,0.07692307692307693,0.75,0.6730769230769231
19ce7b95-b976-42e6-b34a-965d933bed8d,20,0.8333333333333334,24,1.0,0.5,-0.5
19f1cfb8-ac6f-4fd3-92a2-13a9a5da2514,22,0.5789473684210527,38,1.0,0.5625,-0.4375
1a01967a-5c6c-48c2-aa03-f4555065809a,13,0.7222222222222222,18,1.0,0.6,-0.4
1a03c917-d3c9-441c-a422-3d6c48ff0cf1,4,0.1,40,1.0,0.2,-0.8
1a03c917-d3c9-441c-a422-3d6c48ff0cf1,9,0.225,40,0.2,0.9545454545454546,0.7545454545454546
1a03c917-d3c9-441c-a422-3d6c48ff0cf1,31,0.775,40,0.9545454545454546,0.3333333333333333,-0.6212121212121213
1a0e423d-528b-46f4-8a76-bc075911e8fe,20,0.4,50,0.95,0.0,-0.95
1a0e423d-528b-46f4-8a76-bc075911e8fe,23,0.46,50,0.0,0.9090909090909091,0.9090909090909091
1a0e423d-528b-46f4-8a76-bc075911e8fe,45,0.9,50,0.9090909090909091,0.4,-0.509090909090909
1a0f4918-a4be-4ef9-b750-72395d109316,9,0.1875,48,1.0,0.47368421052631576,-0.5263157894736843
1a0f4918-a4be-4ef9-b750-72395d109316,28,0.5833333333333334,48,0.47368421052631576,0.9,0.42631578947368426
1a670a47-1246-48bc-8838-51fc575cc723,33,0.66,50,0.030303030303030304,1.0,0.9696969696969697
1a670a47-1246-48bc-8838-51fc575cc723,36,0.72,50,1.0,0.0,-1.0
1a670a47-1246-48bc-8838-51fc575cc723,39,0.78,50,0.0,0.7272727272727273,0.7272727272727273
1a825ea3-6b87-4258-ba56-c7f7de7d0d10,36,0.9,40,0.8888888888888888,0.25,-0.6388888888888888
1aaf50f3-a4fd-476a-bbe4-260ca768fcd7,18,0.75,24,0.1111111111111111,0.5,0.3888888888888889
1ab7f507-1a73-476f-a55f-54453aa33e27,4,0.08695652173913043,46,1.0,0.0,-1.0
1ab7f507-1a73-476f-a55f-54453aa33e27,7,0.15217391304347827,46,0.0,0.717948717948718,0.717948717948718
1ac2885e-29bb-4324-8b3f-a4207af45369,24,0.6,40,1.0,0.625,-0.375
1ac47fa0-9de7-4840-a2e8-126d7afcb8d5,27,0.6,45,0.7037037037037037,0.0,-0.7037037037037037
1ac47fa0-9de7-4840-a2e8-126d7afcb8d5,30,0.6666666666666666,45,0.0,1.0,1.0
1ac47fa0-9de7-4840-a2e8-126d7afcb8d5,34,0.7555555555555555,45,1.0,0.18181818181818182,-0.8181818181818181
1ad7ef30-2be0-4bb9-a85d-e4b23d936509,3,0.13043478260869565,23,0.0,0.8,0.8
1ad8d8f5-eabc-4612-80b6-940b89a37582,3,0.10344827586206896,29,0.3333333333333333,1.0,0.6666666666666667
1ad8d8f5-eabc-4612-80b6-940b89a37582,12,0.41379310344827586,29,1.0,0.5294117647058824,-0.47058823529411764
1b0546a3-d736-44b2-bfd2-d6db1c5f5cd7,41,0.9111111111111111,45,0.6097560975609756,0.0,-0.6097560975609756
1b0ceb5a-5ddf-4c55-894f-ffcaddb00d0c,14,0.3684210526315789,38,0.6428571428571429,0.0,-0.6428571428571429
1b0ceb5a-5ddf-4c55-894f-ffcaddb00d0c,24,0.631578947368421,38,0.0,0.8571428571428571,0.8571428571428571
1b1d6823-dfee-4461-9258-4f269ca6d54a,25,0.625,40,1.0,0.2,-0.8
1b1d6823-dfee-4461-9258-4f269ca6d54a,30,0.75,40,0.2,1.0,0.8
1b1d6823-dfee-4461-9258-4f269ca6d54a,34,0.85,40,1.0,0.3333333333333333,-0.6666666666666667
1b237578-dffa-4a99-953a-a145b09f03f1,9,0.2,45,1.0,0.25,-0.75
1b237578-dffa-4a99-953a-a145b09f03f1,21,0.4666666666666667,45,0.25,0.6470588235294118,0.3970588235294118
1b237578-dffa-4a99-953a-a145b09f03f1,38,0.8444444444444444,45,0.6470588235294118,0.14285714285714285,-0.5042016806722689
1b4361ee-2507-4f54-8116-cce2cd208fd3,27,0.6428571428571429,42,0.8518518518518519,0.2,-0.6518518518518519
1b59c746-064b-4a02-a802-7a5520273271,9,0.18,50,1.0,0.5555555555555556,-0.4444444444444444
1b59c746-064b-4a02-a802-7a5520273271,27,0.54,50,0.5555555555555556,0.8695652173913043,0.31400966183574874
1b5ec4e4-5394-47c0-a9c7-213ff9e43dd5,22,0.4888888888888889,45,0.3181818181818182,1.0,0.6818181818181819
1b5ec4e4-5394-47c0-a9c7-213ff9e43dd5,25,0.5555555555555556,45,1.0,0.25,-0.75
1b5f0fbb-c700-4ae3-bd75-b24d0ccb20c2,3,0.06666666666666667,45,0.3333333333333333,1.0,0.6666666666666667
1b5f0fbb-c700-4ae3-bd75-b24d0ccb20c2,12,0.26666666666666666,45,1.0,0.48484848484848486,-0.5151515151515151
1b6878e0-a9d2-4685-93b0-aef5f69d7223,11,0.22,50,1.0,0.25,-0.75
1b6878e0-a9d2-4685-93b0-aef5f69d7223,15,0.3,50,0.25,1.0,0.75
1b6878e0-a9d2-4685-93b0-aef5f69d7223,20,0.4,50,1.0,0.4166666666666667,-0.5833333333333333
1b6878e0-a9d2-4685-93b0-aef5f69d7223,32,0.64,50,0.4166666666666667,0.8333333333333334,0.4166666666666667
1b79c28e-3b9e-4ee1-9053-4ba9bc04bdc7,5,0.2777777777777778,18,0.6,0.15384615384615385,-0.4461538461538461
1b90d263-4414-447d-9e79-61e8f87bb427,42,0.9130434782608695,46,0.7857142857142857,0.25,-0.5357142857142857
1b976000-a100-47b8-8f60-1e16bae538d1,11,0.5,22,0.36363636363636365,0.9090909090909091,0.5454545454545454
1bb3401d-e651-45c7-96c0-2008ac697314,33,0.8048780487804879,41,0.8787878787878788,0.375,-0.5037878787878788
1bcbd9e4-a254-4ad5-b3ce-b09fca80c2e1,7,0.30434782608695654,23,0.7142857142857143,0.0,-0.7142857142857143
1bcbd9e4-a254-4ad5-b3ce-b09fca80c2e1,13,0.5652173913043478,23,0.0,0.8,0.8
1bcc6059-094f-4ceb-a89c-b152fc7a9c14,4,0.09523809523809523,42,1.0,0.2894736842105263,-0.7105263157894737
1be0cce6-d604-4bb0-ab04-fbfe3e6fad06,7,0.4117647058823529,17,0.42857142857142855,0.8,0.3714285714285715
1be3ccb5-59a5-4716-aa41-f275179bc6a4,12,0.6666666666666666,18,0.5833333333333334,0.0,-0.5833333333333334
1be4eb44-5659-4f38-9eab-ffcba36fde72,46,0.92,50,0.9347826086956522,0.25,-0.6847826086956522
1bed89f0-ade1-4f8e-8bea-a192015baddd,3,0.17647058823529413,17,0.6666666666666666,0.14285714285714285,-0.5238095238095237
1bfca3bd-b027-4270-ab50-272565612589,19,0.7916666666666666,24,0.631578947368421,0.2,-0.431578947368421
1bfd865e-8d58-480d-97e0-b78683688e80,12,0.3,40,1.0,0.0,-1.0
1bfd865e-8d58-480d-97e0-b78683688e80,15,0.375,40,0.0,1.0,1.0
1bfd865e-8d58-480d-97e0-b78683688e80,18,0.45,40,1.0,0.0,-1.0
1bfd865e-8d58-480d-97e0-b78683688e80,21,0.525,40,0.0,0.9,0.9
1bfd865e-8d58-480d-97e0-b78683688e80,31,0.775,40,0.9,0.3333333333333333,-0.5666666666666667
1c1acd9e-4f7c-45f0-ae8e-a960df75d12c,13,0.7647058823529411,17,0.8461538461538461,0.25,-0.5961538461538461
1c1e9371-c862-4466-923d-b75a5ea241de,9,0.375,24,0.6666666666666666,1.0,0.33333333333333337
1c27fcd0-9133-4017-af5e-622c99ddefb1,28,0.7,40,0.8571428571428571,0.0,-0.8571428571428571
1c27fcd0-9133-4017-af5e-622c99ddefb1,32,0.8,40,0.0,1.0,1.0
1c27fcd0-9133-4017-af5e-622c99ddefb1,35,0.875,40,1.0,0.0,-1.0
1c325089-6262-4422-bdee-21256bcc6ca6,14,0.5833333333333334,24,0.9285714285714286,0.16666666666666666,-0.761904761904762
1c325089-6262-4422-bdee-21256bcc6ca6,20,0.8333333333333334,24,0.16666666666666666,0.75,0.5833333333333334
1c352b85-71d5-4956-956a-9b8ff226169d,21,0.5,42,0.9047619047619048,0.0,-0.9047619047619048
1c352b85-71d5-4956-956a-9b8ff226169d,27,0.6428571428571429,42,0.0,0.6666666666666666,0.6666666666666666
1c3bceb8-2a29-4295-9d90-f1c8fc24ba57,5,0.2777777777777778,18,0.6,0.15384615384615385,-0.4461538461538461
1c4650ad-b183-4609-90ae-82da51a6f755,9,0.1956521739130435,46,0.8888888888888888,0.25,-0.6388888888888888
1c4650ad-b183-4609-90ae-82da51a6f755,17,0.3695652173913043,46,0.25,0.9,0.65
1c4650ad-b183-4609-90ae-82da51a6f755,37,0.8043478260869565,46,0.9,0.0,-0.9
1c4650ad-b183-4609-90ae-82da51a6f755,41,0.8913043478260869,46,0.0,1.0,1.0
1c6e3be8-4dd2-41d4-b4af-5f714c6dc98c,13,0.26,50,0.6153846153846154,0.16666666666666666,-0.4487179487179488
1c6e3be8-4dd2-41d4-b4af-5f714c6dc98c,19,0.38,50,0.16666666666666666,0.8571428571428571,0.6904761904761905
1c6e3be8-4dd2-41d4-b4af-5f714c6dc98c,26,0.52,50,0.8571428571428571,0.20833333333333334,-0.6488095238095237
1c70d929-9b27-47dc-b6c1-51c12d77e47e,10,0.43478260869565216,23,0.7,0.0,-0.7
1c70d929-9b27-47dc-b6c1-51c12d77e47e,13,0.5652173913043478,23,0.0,0.7,0.7
1c71737e-33df-45be-abf5-a0f734d83e0b,3,0.13043478260869565,23,0.6666666666666666,0.1,-0.5666666666666667
1c8091ce-4e87-4608-baaf-8375b7257d16,20,0.6896551724137931,29,0.8,0.2,-0.6000000000000001
1c8091ce-4e87-4608-baaf-8375b7257d16,25,0.8620689655172413,29,0.2,0.75,0.55
1c94e6f6-155a-46f7-91fb-25409867cb06,5,0.10869565217391304,46,0.4,0.8529411764705882,0.4529411764705882
1c94e6f6-155a-46f7-91fb-25409867cb06,39,0.8478260869565217,46,0.8529411764705882,0.2857142857142857,-0.5672268907563025
1ca8ea0c-c20e-4ee2-a63d-8171d96567e8,11,0.6111111111111112,18,0.36363636363636365,1.0,0.6363636363636364
1ca8ea0c-c20e-4ee2-a63d-8171d96567e8,14,0.7777777777777778,18,1.0,0.25,-0.75
1cafcfd3-fcc9-4c1b-9f42-0b487f7d4d1e,6,0.25,24,0.6666666666666666,0.16666666666666666,-0.5
1cafcfd3-fcc9-4c1b-9f42-0b487f7d4d1e,12,0.5,24,0.16666666666666666,1.0,0.8333333333333334
1cb2e441-6d18-4a98-8409-34832bcef85e,5,0.2777777777777778,18,0.6,0.07692307692307693,-0.523076923076923
1cba24ac-beeb-4f58-8524-6ff932028873,36,0.9,40,0.9722222222222222,0.5,-0.4722222222222222
1cbf289b-2eed-4e87-8af1-d7c4cc5d5b10,17,0.4722222222222222,36,0.8823529411764706,0.5263157894736842,-0.3560371517027864
1ce03bfa-a237-436a-94dd-17fceeda19ca,47,0.94,50,0.6808510638297872,0.0,-0.6808510638297872
1ce6238a-2575-4ea5-866d-1fe5e99a8cd5,6,0.16666666666666666,36,1.0,0.45454545454545453,-0.5454545454545454
1ce6238a-2575-4ea5-866d-1fe5e99a8cd5,17,0.4722222222222222,36,0.45454545454545453,0.9473684210526315,0.492822966507177
1cf2e3b6-a92b-47c3-b820-c781025e30e0,10,0.5555555555555556,18,1.0,0.3333333333333333,-0.6666666666666667
1cf2e3b6-a92b-47c3-b820-c781025e30e0,13,0.7222222222222222,18,0.3333333333333333,1.0,0.6666666666666667
1d064a38-37c1-4f26-b14f-245cb52edf46,4,0.10526315789473684,38,0.5,1.0,0.5
1d0af2c9-d1d6-4ab2-ab3e-669623f9d834,17,0.7391304347826086,23,0.8823529411764706,0.3333333333333333,-0.5490196078431373
1d2789e5-5084-4c76-8f53-21adbf8b5153,7,0.14,50,0.8571428571428571,0.2857142857142857,-0.5714285714285714
1d2789e5-5084-4c76-8f53-21adbf8b5153,14,0.28,50,0.2857142857142857,1.0,0.7142857142857143
1d2789e5-5084-4c76-8f53-21adbf8b5153,21,0.42,50,1.0,0.5,-0.5
1d2789e5-5084-4c76-8f53-21adbf8b5153,43,0.86,50,0.5,0.0,-0.5
1d3df663-317d-4462-8180-c7fa0e6e9290,46,0.92,50,0.9782608695652174,0.25,-0.7282608695652174
1d48651b-254d-42f5-baaa-ad91e79fcc8c,34,0.7555555555555555,45,0.7941176470588235,0.0,-0.7941176470588235
1d48651b-254d-42f5-baaa-ad91e79fcc8c,37,0.8222222222222222,45,0.0,0.8,0.8
1d48651b-254d-42f5-baaa-ad91e79fcc8c,42,0.9333333333333333,45,0.8,0.0,-0.8
1d4e640c-2184-4e8d-bcb9-49b48c7973c1,16,0.34782608695652173,46,0.625,0.0,-0.625
1d6e60c6-20c7-4131-ad74-be22d75b805a,6,0.3333333333333333,18,1.0,0.0,-1.0
1d6e60c6-20c7-4131-ad74-be22d75b805a,10,0.5555555555555556,18,0.0,0.875,0.875
1d71cea6-e543-4a33-83ed-73a5a1368b94,23,0.5,46,0.5652173913043478,0.21739130434782608,-0.34782608695652173
1d80b170-4d9e-4d0a-b9aa-1dc0c268dc86,6,0.16666666666666666,36,0.8333333333333334,0.0,-0.8333333333333334
1d80b170-4d9e-4d0a-b9aa-1dc0c268dc86,12,0.3333333333333333,36,0.0,0.5833333333333334,0.5833333333333334
1d88881b-8a57-4e73-93b8-0aa6350ad3f4,5,0.2777777777777778,18,0.6,0.0,-0.6
1d88881b-8a57-4e73-93b8-0aa6350ad3f4,8,0.4444444444444444,18,0.0,0.8,0.8
1d913f8f-9c02-4965-a767-536ffeb5351c,21,0.5833333333333334,36,1.0,0.26666666666666666,-0.7333333333333334
1d91f981-2671-48fe-bbe2-9635dabd36ee,3,0.17647058823529413,17,1.0,0.0,-1.0
1d91f981-2671-48fe-bbe2-9635dabd36ee,6,0.35294117647058826,17,0.0,0.8181818181818182,0.8181818181818182
1d927b5f-34f2-4723-b602-44f03667b73d,3,0.13636363636363635,22,0.3333333333333333,0.8947368421052632,0.5614035087719298
1dc96a83-aa98-4f22-904b-451e6145fcac,25,0.5434782608695652,46,0.8,0.3333333333333333,-0.46666666666666673
1dc96a83-aa98-4f22-904b-451e6145fcac,37,0.8043478260869565,46,0.3333333333333333,1.0,0.6666666666666667
1dcecc7c-674d-414d-83b6-9b484f6765fc,4,0.23529411764705882,17,0.5,1.0,0.5
1de5425c-e587-45b6-b91c-5d21a8a02e28,6,0.14285714285714285,42,0.3333333333333333,1.0,0.6666666666666667
1de5425c-e587-45b6-b91c-5d21a8a02e28,10,0.23809523809523808,42,1.0,0.125,-0.875
1de5425c-e587-45b6-b91c-5d21a8a02e28,18,0.42857142857142855,42,0.125,1.0,0.875
1de5425c-e587-45b6-b91c-5d21a8a02e28,21,0.5,42,1.0,0.0,-1.0
1de5425c-e587-45b6-b91c-5d21a8a02e28,24,0.5714285714285714,42,0.0,0.6666666666666666,0.6666666666666666
1de5425c-e587-45b6-b91c-5d21a8a02e28,33,0.7857142857142857,42,0.6666666666666666,0.1111111111111111,-0.5555555555555556
1e009dd7-2734-48df-805a-9ceef560eae5,15,0.39473684210526316,38,0.9333333333333333,0.5217391304347826,-0.41159420289855075
1e0b45be-aef8-4f35-bc8c-bfc2ebb45bac,16,0.7272727272727273,22,0.9375,0.0,-0.9375
1e213fa1-58f8-4fab-ad00-50e06d02ad39,22,0.4782608695652174,46,0.7727272727272727,0.36363636363636365,-0.40909090909090906
1e213fa1-58f8-4fab-ad00-50e06d02ad39,33,0.717391304347826,46,0.36363636363636365,0.9230769230769231,0.5594405594405595
1e38a54c-6a7d-4839-8aaa-a9fa610ff94d,44,0.88,50,0.9772727272727273,0.5,-0.4772727272727273
1e453f16-7320-42f3-9764-752b17e65927,29,0.6444444444444445,45,0.896551724137931,0.0,-0.896551724137931
1e453f16-7320-42f3-9764-752b17e65927,32,0.7111111111111111,45,0.0,0.6923076923076923,0.6923076923076923
1e5dfb7f-5bfe-4afb-87d8-b385d93e2af2,3,0.17647058823529413,17,1.0,0.2857142857142857,-0.7142857142857143
1e5dfb7f-5bfe-4afb-87d8-b385d93e2af2,10,0.5882352941176471,17,0.2857142857142857,0.8571428571428571,0.5714285714285714
1ea32b1e-b806-40a1-8c54-ffecca88c42b,3,0.06,50,0.0,0.8666666666666667,0.8666666666666667
1ea32b1e-b806-40a1-8c54-ffecca88c42b,18,0.36,50,0.8666666666666667,0.34375,-0.5229166666666667
1ea9aae1-326e-4fff-81e4-b4996334dadc,5,0.2777777777777778,18,0.0,0.7692307692307693,0.7692307692307693
1ec093a1-c6ed-47e7-9b1d-3e276c4d4547,21,0.4666666666666667,45,0.6190476190476191,0.125,-0.49404761904761907
1ee80fc6-c8cb-4f80-b908-43067aeef811,18,0.4,45,0.9444444444444444,0.3333333333333333,-0.6111111111111112
1f0f92e8-412c-4348-8b35-fc1eca45b860,4,0.23529411764705882,17,0.5,1.0,0.5
1f0f92e8-412c-4348-8b35-fc1eca45b860,13,0.7647058823529411,17,1.0,0.25,-0.75
1f41761b-3860-4b0f-8ed5-3853a0b98c1a,28,0.56,50,0.7857142857142857,0.0,-0.7857142857142857
1f41761b-3860-4b0f-8ed5-3853a0b98c1a,31,0.62,50,0.0,0.6842105263157895,0.6842105263157895
1f52c4b5-eac7-490d-af8c-e7a5e4894220,17,0.4722222222222222,36,0.5882352941176471,1.0,0.4117647058823529
1f52c4b5-eac7-490d-af8c-e7a5e4894220,28,0.7777777777777778,36,1.0,0.5,-0.5
1f6319a7-79d4-4097-8f7d-f58b5254e149,14,0.7777777777777778,18,0.9285714285714286,0.5,-0.4285714285714286
1f6a23a2-8136-4150-8103-2be69e8bbf2d,22,0.5238095238095238,42,0.6818181818181818,0.0,-0.6818181818181818
1f6a23a2-8136-4150-8103-2be69e8bbf2d,29,0.6904761904761905,42,0.0,1.0,1.0
1f6a23a2-8136-4150-8103-2be69e8bbf2d,33,0.7857142857142857,42,1.0,0.0,-1.0
1f6a23a2-8136-4150-8103-2be69e8bbf2d,37,0.8809523809523809,42,0.0,0.6,0.6
1f6d4b5a-6b5e-4022-9a4a-21ccc108b748,17,0.7083333333333334,24,1.0,0.5714285714285714,-0.4285714285714286
1f748287-2c63-4ae0-a6fb-e8e23088d65a,39,0.8666666666666667,45,0.7692307692307693,0.0,-0.7692307692307693
1f748287-2c63-4ae0-a6fb-e8e23088d65a,42,0.9333333333333333,45,0.0,1.0,1.0
1f86b042-4c27-4d08-af19-945e118c8fea,10,0.2631578947368421,38,0.8,0.0,-0.8
1f86b042-4c27-4d08-af19-945e118c8fea,13,0.34210526315789475,38,0.0,0.6666666666666666,0.6666666666666666
1f86b042-4c27-4d08-af19-945e118c8fea,22,0.5789473684210527,38,0.6666666666666666,0.14285714285714285,-0.5238095238095237
1f86b042-4c27-4d08-af19-945e118c8fea,29,0.7631578947368421,38,0.14285714285714285,1.0,0.8571428571428572
1f86b042-4c27-4d08-af19-945e118c8fea,32,0.8421052631578947,38,1.0,0.16666666666666666,-0.8333333333333334
1f9ec6c9-80d4-424e-b776-c8ca89d8b965,5,0.1111111111111111,45,0.8,0.0,-0.8
1f9ec6c9-80d4-424e-b776-c8ca89d8b965,11,0.24444444444444444,45,0.0,0.5588235294117647,0.5588235294117647
1fa97868-3859-49f9-be3f-bf5c85ce6e90,47,0.94,50,0.9361702127659575,0.3333333333333333,-0.6028368794326242
1fae64f5-395c-413b-b0f3-9973c939b0b5,3,0.075,40,0.3333333333333333,0.8648648648648649,0.5315315315315317
1fb21cb1-cf5d-4bed-8c1f-a3707d70c490,3,0.17647058823529413,17,0.3333333333333333,0.8571428571428571,0.5238095238095237
1fbdd335-fcd3-4d7b-99cc-0abb861b5bd9,19,0.3958333333333333,48,0.631578947368421,0.896551724137931,0.26497277676951003
1fc29a1e-d4aa-46ee-9097-b78f4e12f9cf,41,0.9318181818181818,44,0.926829268292683,0.3333333333333333,-0.5934959349593496
1fcce0bf-c5a0-4448-b9ce-77839740f3fe,19,0.4523809523809524,42,0.6842105263157895,0.0,-0.6842105263157895
1fcce0bf-c5a0-4448-b9ce-77839740f3fe,23,0.5476190476190477,42,0.0,1.0,1.0
1fcce0bf-c5a0-4448-b9ce-77839740f3fe,26,0.6190476190476191,42,1.0,0.2,-0.8
1fcce0bf-c5a0-4448-b9ce-77839740f3fe,36,0.8571428571428571,42,0.2,0.6666666666666666,0.4666666666666666
1ffdefbf-296f-425e-8c16-384de01308ac,40,0.8,50,0.35,0.0,-0.35
20099110-b138-4a8c-a3f5-b63b5b145769,5,0.21739130434782608,23,1.0,0.5555555555555556,-0.4444444444444444
2024eff4-8b81-44d6-9636-397e291bd793,23,0.5,46,0.6521739130434783,0.2608695652173913,-0.391304347826087
2032e8f1-08b0-45b0-8c34-62dfee8aa4e6,9,0.2,45,0.8888888888888888,0.125,-0.7638888888888888
2032e8f1-08b0-45b0-8c34-62dfee8aa4e6,17,0.37777777777777777,45,0.125,0.8214285714285714,0.6964285714285714
2034f114-79d7-4f37-a268-2a34267ea452,15,0.4166666666666667,36,0.8666666666666667,0.25,-0.6166666666666667
2034f114-79d7-4f37-a268-2a34267ea452,19,0.5277777777777778,36,0.25,0.8823529411764706,0.6323529411764706
2036c8a8-fc5a-4643-baf9-f7c0c6080476,10,0.21739130434782608,46,0.3,0.8571428571428571,0.5571428571428572
2036c8a8-fc5a-4643-baf9-f7c0c6080476,38,0.8260869565217391,46,0.8571428571428571,0.0,-0.8571428571428571
2036c8a8-fc5a-4643-baf9-f7c0c6080476,42,0.9130434782608695,46,0.0,1.0,1.0
203a6d6d-0fa8-4d75-9d3e-ff86c3eec3de,10,0.2,50,1.0,0.25,-0.75
203a6d6d-0fa8-4d75-9d3e-ff86c3eec3de,14,0.28,50,0.25,0.8846153846153846,0.6346153846153846
203a6d6d-0fa8-4d75-9d3e-ff86c3eec3de,40,0.8,50,0.8846153846153846,0.4,-0.48461538461538456
203e9644-5548-4081-bfca-512d9c4ab07b,9,0.18,50,0.4444444444444444,1.0,0.5555555555555556
203e9644-5548-4081-bfca-512d9c4ab07b,14,0.28,50,1.0,0.0,-1.0
203e9644-5548-4081-bfca-512d9c4ab07b,18,0.36,50,0.0,0.5,0.5
203e9644-5548-4081-bfca-512d9c4ab07b,32,0.64,50,0.5,0.0,-0.5
203e9644-5548-4081-bfca-512d9c4ab07b,40,0.8,50,0.0,0.7142857142857143,0.7142857142857143
203e9644-5548-4081-bfca-512d9c4ab07b,47,0.94,50,0.7142857142857143,0.0,-0.7142857142857143
205c24d1-1a25-43a4-a3ca-1dc92fd08f79,19,0.38,50,0.8947368421052632,0.3870967741935484,-0.5076400679117148
205e8624-a590-49d2-a172-8a76b8154e48,15,0.375,40,0.6,0.0,-0.6
205e8624-a590-49d2-a172-8a76b8154e48,19,0.475,40,0.0,0.7692307692307693,0.7692307692307693
205e8624-a590-49d2-a172-8a76b8154e48,32,0.8,40,0.7692307692307693,0.25,-0.5192307692307693
20665f1c-97c2-45d5-aaa4-12a1813bd970,3,0.10344827586206896,29,0.6666666666666666,0.15384615384615385,-0.5128205128205128
2078926b-4688-406f-9f40-c8498923d740,7,0.2916666666666667,24,0.8571428571428571,0.0,-0.8571428571428571
2078926b-4688-406f-9f40-c8498923d740,11,0.4583333333333333,24,0.0,0.5384615384615384,0.5384615384615384
209c1c52-d488-427d-97cb-e4c055e17aa0,10,0.2564102564102564,39,0.9,0.0,-0.9
209c1c52-d488-427d-97cb-e4c055e17aa0,13,0.3333333333333333,39,0.0,0.9615384615384616,0.9615384615384616
20ad61c4-e0bc-4457-80b5-05e13b09214f,7,0.15217391304347827,46,0.7142857142857143,0.3,-0.4142857142857143
20ad61c4-e0bc-4457-80b5-05e13b09214f,27,0.5869565217391305,46,0.3,0.7894736842105263,0.48947368421052634
20bb229a-a8a0-4fc0-bb67-fef1caa47eb3,18,0.45,40,0.3888888888888889,0.8181818181818182,0.42929292929292934
20c98df6-3b09-4cd1-82c6-9e77d9f8a863,33,0.9166666666666666,36,1.0,0.0,-1.0
21053553-c48a-4cae-9538-a2888bea3842,35,0.8333333333333334,42,0.9142857142857143,0.42857142857142855,-0.4857142857142857
21181c23-b81c-45f6-9517-f0b42cc16dbf,4,0.2222222222222222,18,1.0,0.5714285714285714,-0.4285714285714286
212a36ac-79d8-4d22-a192-efce12a9abf3,11,0.6470588235294118,17,0.5454545454545454,1.0,0.4545454545454546
21409dd2-211a-4fec-a687-74611ff8b633,14,0.3888888888888889,36,0.8571428571428571,0.0,-0.8571428571428571
21409dd2-211a-4fec-a687-74611ff8b633,19,0.5277777777777778,36,0.0,1.0,1.0
21409dd2-211a-4fec-a687-74611ff8b633,23,0.6388888888888888,36,1.0,0.2222222222222222,-0.7777777777777778
21409dd2-211a-4fec-a687-74611ff8b633,32,0.8888888888888888,36,0.2222222222222222,1.0,0.7777777777777778
214ef1b5-3fea-4129-9de5-1aac7083a033,17,0.34,50,0.9411764705882353,0.0,-0.9411764705882353
214ef1b5-3fea-4129-9de5-1aac7083a033,20,0.4,50,0.0,0.9333333333333333,0.9333333333333333
215ed533-a8f8-4892-b223-f80d69acdf0e,6,0.3333333333333333,18,1.0,0.5,-0.5
2167aab2-52ef-465c-8a90-6b987844ca5c,5,0.17857142857142858,28,1.0,0.16666666666666666,-0.8333333333333334
2167aab2-52ef-465c-8a90-6b987844ca5c,11,0.39285714285714285,28,0.16666666666666666,0.8,0.6333333333333334
2167aab2-52ef-465c-8a90-6b987844ca5c,16,0.5714285714285714,28,0.8,0.25,-0.55
216cd2fe-8010-4af5-b99f-5871999eb07a,13,0.5652173913043478,23,0.3076923076923077,1.0,0.6923076923076923
216cd2fe-8010-4af5-b99f-5871999eb07a,17,0.7391304347826086,23,1.0,0.3333333333333333,-0.6666666666666667
217b8bd6-099c-4a93-af0a-fc527e94d5e3,22,0.44,50,0.8636363636363636,0.6071428571428571,-0.25649350649350655
21bd7a47-4696-4dcd-a7b8-abdcf2a52c58,8,0.17391304347826086,46,0.5,1.0,0.5
21bd7a47-4696-4dcd-a7b8-abdcf2a52c58,16,0.34782608695652173,46,1.0,0.36666666666666664,-0.6333333333333333
21f023cb-5ebe-4f99-9a0a-2cf0c70798ba,25,0.6944444444444444,36,1.0,0.5454545454545454,-0.4545454545454546
21f468a2-ed16-4bb4-9070-2203f9cb94ba,5,0.125,40,0.0,1.0,1.0
21f468a2-ed16-4bb4-9070-2203f9cb94ba,8,0.2,40,1.0,0.35,-0.65
21f468a2-ed16-4bb4-9070-2203f9cb94ba,28,0.7,40,0.35,1.0,0.65
2208830c-eee7-422c-9b73-38d6f8fa3c2c,36,0.782608695652174,46,0.8055555555555556,0.0,-0.8055555555555556
2208830c-eee7-422c-9b73-38d6f8fa3c2c,39,0.8478260869565217,46,0.0,1.0,1.0
22174a6e-de1c-4bd0-b850-92f9173341c7,22,0.6111111111111112,36,1.0,0.25,-0.75
22174a6e-de1c-4bd0-b850-92f9173341c7,30,0.8333333333333334,36,0.25,0.8333333333333334,0.5833333333333334
22215396-bfec-4144-b789-20d1b6432ffa,23,0.6388888888888888,36,0.8260869565217391,0.5384615384615384,-0.2876254180602007
22256542-9dd2-4696-8446-a756ec8b54fe,20,0.5555555555555556,36,0.85,0.0,-0.85
22256542-9dd2-4696-8446-a756ec8b54fe,24,0.6666666666666666,36,0.0,0.75,0.75
2225c154-eb91-43f0-be06-a0c3b9230290,9,0.4090909090909091,22,1.0,0.5384615384615384,-0.46153846153846156
222b15a3-a068-4ac3-b644-84f7575f8e4b,45,0.9,50,0.9333333333333333,0.4,-0.5333333333333333
222d5b52-a0d1-488d-8e6a-289ae4b93355,4,0.1,40,0.75,0.0,-0.75
222d5b52-a0d1-488d-8e6a-289ae4b93355,7,0.175,40,0.0,0.8484848484848485,0.8484848484848485
22372979-8ca9-4f56-be22-41ba220c4037,18,0.782608695652174,23,0.6111111111111112,0.2,-0.41111111111111115
2238088d-462a-42c1-937d-9eeca37adbe6,18,0.782608695652174,23,1.0,0.6,-0.4
224215dc-a530-4872-8031-ae90fc8400db,21,0.4666666666666667,45,0.7142857142857143,0.4583333333333333,-0.255952380952381
22450693-98ed-4864-a3dc-045472a6bafe,19,0.4523809523809524,42,0.7894736842105263,0.391304347826087,-0.39816933638443935
224d66a5-1f73-4f0b-a0a3-a4c791635e49,24,0.6,40,0.9166666666666666,0.625,-0.29166666666666663
22510332-6aa6-4db1-85eb-309b92bf7dc2,10,0.3448275862068966,29,1.0,0.631578947368421,-0.368421052631579
2262630a-aee6-418c-acc5-315a89d42298,19,0.5277777777777778,36,0.9473684210526315,0.0,-0.9473684210526315
2262630a-aee6-418c-acc5-315a89d42298,22,0.6111111111111112,36,0.0,1.0,1.0
2262630a-aee6-418c-acc5-315a89d42298,25,0.6944444444444444,36,1.0,0.0,-1.0
2262630a-aee6-418c-acc5-315a89d42298,28,0.7777777777777778,36,0.0,0.875,0.875
227ac4f1-356b-4a90-a5ef-b216075e95e7,24,0.8275862068965517,29,0.9166666666666666,0.2,-0.7166666666666666
229bfde0-a3a6-461e-b260-0566f77039e9,31,0.775,40,0.8709677419354839,0.0,-0.8709677419354839
229bfde0-a3a6-461e-b260-0566f77039e9,34,0.85,40,0.0,0.8333333333333334,0.8333333333333334
22a363b8-87c3-4156-8099-08de152eed0a,18,0.782608695652174,23,1.0,0.6,-0.4
22b0fb4f-f078-4e48-9e0a-9298d39cef3f,20,0.4444444444444444,45,0.9,0.16666666666666666,-0.7333333333333334
22b0fb4f-f078-4e48-9e0a-9298d39cef3f,26,0.5777777777777777,45,0.16666666666666666,0.875,0.7083333333333334
22b0fb4f-f078-4e48-9e0a-9298d39cef3f,42,0.9333333333333333,45,0.875,0.3333333333333333,-0.5416666666666667
22bd8a75-3e99-47ca-8515-2c1a8d40b152,14,0.2916666666666667,48,0.8571428571428571,0.0,-0.8571428571428571
22bd8a75-3e99-47ca-8515-2c1a8d40b152,18,0.375,48,0.0,0.8823529411764706,0.8823529411764706
22bd8a75-3e99-47ca-8515-2c1a8d40b152,35,0.7291666666666666,48,0.8823529411764706,0.0,-0.8823529411764706
22bd8a75-3e99-47ca-8515-2c1a8d40b152,38,0.7916666666666666,48,0.0,0.7,0.7
22dceedb-55dd-48ce-9742-53cbd3019db3,3,0.17647058823529413,17,0.6666666666666666,0.0,-0.6666666666666666
22dceedb-55dd-48ce-9742-53cbd3019db3,6,0.35294117647058826,17,0.0,0.9090909090909091,0.9090909090909091
22f2426b-147a-4bed-8a4c-58172e64f160,28,0.7,40,0.07142857142857142,0.6666666666666666,0.5952380952380952
22f3cf96-c1bc-4ddb-b3e7-05736b221f93,22,0.7586206896551724,29,1.0,0.25,-0.75
22f3cf96-c1bc-4ddb-b3e7-05736b221f93,26,0.896551724137931,29,0.25,1.0,0.75
22f81da4-cba8-4584-b607-74e6819c892e,46,0.92,50,0.9565217391304348,0.5,-0.4565217391304348
22f8e060-2904-488b-bcf2-901832c5a717,3,0.13043478260869565,23,1.0,0.0,-1.0
23016f91-7903-4b61-9cce-1e3bee3f0a0b,7,0.2916666666666667,24,0.8571428571428571,0.0,-0.8571428571428571
23016f91-7903-4b61-9cce-1e3bee3f0a0b,10,0.4166666666666667,24,0.0,0.6428571428571429,0.6428571428571429
230d0c4d-8360-4040-8d6e-9ed0109cc127,4,0.23529411764705882,17,1.0,0.23076923076923078,-0.7692307692307692
231353b5-b701-4a9a-9a24-0be89af0477d,3,0.075,40,1.0,0.21621621621621623,-0.7837837837837838
231f6bd6-9b28-4eda-b6e4-0c23ce17ff7b,8,0.17777777777777778,45,0.5,0.9285714285714286,0.4285714285714286
231f6bd6-9b28-4eda-b6e4-0c23ce17ff7b,22,0.4888888888888889,45,0.9285714285714286,0.35714285714285715,-0.5714285714285714
231f6bd6-9b28-4eda-b6e4-0c23ce17ff7b,36,0.8,45,0.35714285714285715,0.8888888888888888,0.5317460317460316
232e1f0a-87fc-4a34-89d7-1f838887fb0f,17,0.37777777777777777,45,0.8823529411764706,0.0,-0.8823529411764706
232e1f0a-87fc-4a34-89d7-1f838887fb0f,22,0.4888888888888889,45,0.0,0.8695652173913043,0.8695652173913043
23360f7d-bee4-41ae-bff7-73cdf8a19089,7,0.3888888888888889,18,1.0,0.4,-0.6
23360f7d-bee4-41ae-bff7-73cdf8a19089,12,0.6666666666666666,18,0.4,1.0,0.6
233f43a0-ddb5-47c5-ab00-f91936004e41,33,0.7333333333333333,45,0.7878787878787878,0.0,-0.7878787878787878
233f43a0-ddb5-47c5-ab00-f91936004e41,37,0.8222222222222222,45,0.0,1.0,1.0
23525a84-9173-468f-9aa1-e1aec95d4e18,14,0.6086956521739131,23,0.7857142857142857,0.0,-0.7857142857142857
23525a84-9173-468f-9aa1-e1aec95d4e18,17,0.7391304347826086,23,0.0,0.8333333333333334,0.8333333333333334
2356ed60-cfee-4960-ab1b-87453545f555,27,0.54,50,0.7407407407407407,0.0,-0.7407407407407407
2356ed60-cfee-4960-ab1b-87453545f555,33,0.66,50,0.0,0.7647058823529411,0.7647058823529411
235c8f15-47c4-4931-bd06-7e86f2d836b5,46,0.92,50,1.0,0.5,-0.5
2370abb4-5b72-403a-be54-bf4a1acff049,5,0.2777777777777778,18,0.8,0.0,-0.8
2370abb4-5b72-403a-be54-bf4a1acff049,8,0.4444444444444444,18,0.0,0.5,0.5
23853b06-dfb2-4903-9e97-3872d68d5da1,15,0.4166666666666667,36,0.8666666666666667,0.0,-0.8666666666666667
23853b06-dfb2-4903-9e97-3872d68d5da1,18,0.5,36,0.0,0.7777777777777778,0.7777777777777778
239be50b-bdd4-4d4d-8fec-0f773d888d3c,10,0.2222222222222222,45,0.9,0.0,-0.9
239be50b-bdd4-4d4d-8fec-0f773d888d3c,14,0.3111111111111111,45,0.0,1.0,1.0
239be50b-bdd4-4d4d-8fec-0f773d888d3c,18,0.4,45,1.0,0.0,-1.0
239be50b-bdd4-4d4d-8fec-0f773d888d3c,21,0.4666666666666667,45,0.0,0.9166666666666666,0.9166666666666666
23a03d32-85f7-46e8-87bb-c3aa697cac59,9,0.375,24,0.3333333333333333,0.7333333333333333,0.39999999999999997
23aa800d-fd13-4d3b-aa4f-dc3ef4cdc98d,8,0.4444444444444444,18,0.5,0.0,-0.5
23aa800d-fd13-4d3b-aa4f-dc3ef4cdc98d,12,0.6666666666666666,18,0.0,0.6666666666666666,0.6666666666666666
23adfcd1-6483-40f2-83d6-6c2babaf35bc,8,0.3333333333333333,24,0.375,0.8125,0.4375
23b67d28-8bb4-4ea1-bded-41b75ac517c3,32,0.7111111111111111,45,0.59375,0.07692307692307693,-0.5168269230769231
23c969f6-32bc-40d9-aed8-8558067f979f,5,0.125,40,0.0,0.95,0.95
23c969f6-32bc-40d9-aed8-8558067f979f,25,0.625,40,0.95,0.4666666666666667,-0.4833333333333333
23d6d43f-88ee-4486-8045-052890acad90,5,0.2777777777777778,18,0.0,1.0,1.0
240b6be7-b995-4d68-994c-70fb759e1de7,20,0.5,40,0.7,0.25,-0.44999999999999996
24356165-0472-48d6-be08-86fa0845bd64,3,0.06,50,1.0,0.21428571428571427,-0.7857142857142857
24356165-0472-48d6-be08-86fa0845bd64,17,0.34,50,0.21428571428571427,0.5454545454545454,0.3311688311688311
243a75c1-f047-4b10-8696-199879e24188,4,0.13793103448275862,29,0.75,0.0,-0.75
243a75c1-f047-4b10-8696-199879e24188,8,0.27586206896551724,29,0.0,0.7272727272727273,0.7272727272727273
243a75c1-f047-4b10-8696-199879e24188,19,0.6551724137931034,29,0.7272727272727273,0.0,-0.7272727272727273
243a75c1-f047-4b10-8696-199879e24188,22,0.7586206896551724,29,0.0,1.0,1.0
243a75c1-f047-4b10-8696-199879e24188,26,0.896551724137931,29,1.0,0.3333333333333333,-0.6666666666666667
244a2d9e-d4cc-45e7-80f4-180ac0026212,21,0.5,42,0.9047619047619048,0.2727272727272727,-0.6320346320346321
244a2d9e-d4cc-45e7-80f4-180ac0026212,32,0.7619047619047619,42,0.2727272727272727,0.8,0.5272727272727273
244a2d9e-d4cc-45e7-80f4-180ac0026212,37,0.8809523809523809,42,0.8,0.0,-0.8
246861ef-6c71-4da7-a041-798afe11f56d,35,0.875,40,0.9714285714285714,0.4,-0.5714285714285714
2471c77a-0009-424b-bed4-a486de861551,20,0.5,40,0.85,0.35,-0.5
24a49399-c8d0-4dea-af43-40313ae683fe,14,0.6086956521739131,23,0.9285714285714286,0.4444444444444444,-0.4841269841269842
24ce1a1e-cfb8-4c39-a339-d35a1d5d7b43,19,0.8260869565217391,23,0.8947368421052632,0.0,-0.8947368421052632
24ef55e4-f2db-4707-b5a0-1e068fca32aa,10,0.5882352941176471,17,1.0,0.14285714285714285,-0.8571428571428572
250f38c8-8ea0-4b25-921c-43111d84cdbb,3,0.08333333333333333,36,0.0,1.0,1.0
250f38c8-8ea0-4b25-921c-43111d84cdbb,6,0.16666666666666666,36,1.0,0.43333333333333335,-0.5666666666666667
2513e1ae-dc68-4f58-973c-00813390f459,18,0.782608695652174,23,0.8888888888888888,0.2,-0.6888888888888889
25207e75-d6d5-494f-9b75-279969e480cf,10,0.43478260869565216,23,0.9,0.0,-0.9
25207e75-d6d5-494f-9b75-279969e480cf,15,0.6521739130434783,23,0.0,1.0,1.0
25207e75-d6d5-494f-9b75-279969e480cf,18,0.782608695652174,23,1.0,0.2,-0.8
252d4a48-df29-4836-9cf7-3fb4bc4e95b5,10,0.2777777777777778,36,0.8,0.0,-0.8
252d4a48-df29-4836-9cf7-3fb4bc4e95b5,13,0.3611111111111111,36,0.0,0.6521739130434783,0.6521739130434783
2536ea12-15d6-40a7-9f0e-604f13f05f5c,32,0.8421052631578947,38,0.96875,0.3333333333333333,-0.6354166666666667
253a807f-db67-47e4-b524-15ce68c3d800,20,0.47619047619047616,42,0.95,0.0,-0.95
253a807f-db67-47e4-b524-15ce68c3d800,23,0.5476190476190477,42,0.0,0.875,0.875
253a807f-db67-47e4-b524-15ce68c3d800,39,0.9285714285714286,42,0.875,0.3333333333333333,-0.5416666666666667
25497e69-63cc-4e54-b985-51d4d10b80fc,20,0.5263157894736842,38,0.55,0.0,-0.55
25497e69-63cc-4e54-b985-51d4d10b80fc,30,0.7894736842105263,38,0.0,0.625,0.625
254cd45d-5902-4648-9840-b2bd4142d09b,22,0.5238095238095238,42,0.9545454545454546,0.16666666666666666,-0.787878787878788
254cd45d-5902-4648-9840-b2bd4142d09b,28,0.6666666666666666,42,0.16666666666666666,0.6428571428571429,0.4761904761904763
25546fe4-9214-42a2-b953-a15ea15d951f,14,0.8235294117647058,17,1.0,0.0,-1.0
25572947-f8e7-41e0-aa9b-d679a6f7aec3,7,0.3888888888888889,18,1.0,0.5454545454545454,-0.4545454545454546
2557b2c9-0deb-4311-90b7-ba8d05eaed08,19,0.475,40,0.8421052631578947,0.47619047619047616,-0.3659147869674185
25683515-a3e1-4f7b-acc9-496d70e0d4a1,17,0.4473684210526316,38,0.058823529411764705,0.75,0.6911764705882353
25683515-a3e1-4f7b-acc9-496d70e0d4a1,21,0.5526315789473685,38,0.75,0.1,-0.65
25683515-a3e1-4f7b-acc9-496d70e0d4a1,31,0.8157894736842105,38,0.1,0.7142857142857143,0.6142857142857143
257609e3-79bd-4918-a779-3d27dd77b406,5,0.21739130434782608,23,0.4,1.0,0.6
257609e3-79bd-4918-a779-3d27dd77b406,9,0.391304347826087,23,1.0,0.0,-1.0
257609e3-79bd-4918-a779-3d27dd77b406,15,0.6521739130434783,23,0.0,0.5,0.5
2581643e-03d7-4e1b-80ef-2b8ace89f17d,32,0.7619047619047619,42,0.90625,0.3,-0.60625
25903dd9-28f1-45be-9539-4536023b007b,5,0.13157894736842105,38,1.0,0.3333333333333333,-0.6666666666666667
2598cf07-2a75-489d-8998-65d8e0d91dee,19,0.475,40,0.8421052631578947,0.5714285714285714,-0.2706766917293233
25b5ffaa-4a44-4e4d-86ba-7204cc90c4a0,13,0.7647058823529411,17,0.9230769230769231,0.5,-0.42307692307692313
25d90e8f-0b1e-4427-82e9-9dc5ffbcf9d4,3,0.16666666666666666,18,1.0,0.0,-1.0
25d90e8f-0b1e-4427-82e9-9dc5ffbcf9d4,6,0.3333333333333333,18,0.0,0.7142857142857143,0.7142857142857143
25d90e8f-0b1e-4427-82e9-9dc5ffbcf9d4,13,0.7222222222222222,18,0.7142857142857143,0.0,-0.7142857142857143
25ddb6a3-8fac-4b4a-bfa1-4b8d582213b4,6,0.3333333333333333,18,0.8333333333333334,0.4166666666666667,-0.4166666666666667
25ded6c6-b7ba-4350-ae7d-9cdb5a602608,32,0.8421052631578947,38,0.28125,0.8333333333333334,0.5520833333333334
25e631af-954d-479d-a609-527e6dcf0982,19,0.7916666666666666,24,1.0,0.4,-0.6
2642e15f-2c7d-42bb-a48c-f60fcab1d7a2,4,0.23529411764705882,17,0.25,0.9230769230769231,0.6730769230769231
26527921-ec39-43f8-82a6-de0a830b2867,25,0.5555555555555556,45,0.64,0.25,-0.39
26557ce3-7dd8-458b-b920-d8de3493db82,24,0.48,50,0.4583333333333333,0.0,-0.4583333333333333
26557ce3-7dd8-458b-b920-d8de3493db82,32,0.64,50,0.0,0.8,0.8
26557ce3-7dd8-458b-b920-d8de3493db82,37,0.74,50,0.8,0.0,-0.8
26557ce3-7dd8-458b-b920-d8de3493db82,44,0.88,50,0.0,1.0,1.0
26557ce3-7dd8-458b-b920-d8de3493db82,47,0.94,50,1.0,0.0,-1.0
265ae0a7-058b-47e1-ae27-21a86245c85a,15,0.625,24,1.0,0.6666666666666666,-0.33333333333333337
2661fe29-6758-4697-889a-95533390f01e,28,0.7,40,0.07142857142857142,1.0,0.9285714285714286
26680f77-cb5e-4216-86f2-9616ed98fdb5,34,0.7555555555555555,45,0.7941176470588235,0.0,-0.7941176470588235
26680f77-cb5e-4216-86f2-9616ed98fdb5,38,0.8444444444444444,45,0.0,0.8571428571428571,0.8571428571428571
268b957b-7287-4c34-9ffd-72e03919ec28,5,0.2777777777777778,18,1.0,0.3333333333333333,-0.6666666666666667
268b957b-7287-4c34-9ffd-72e03919ec28,11,0.6111111111111112,18,0.3333333333333333,1.0,0.6666666666666667
268b957b-7287-4c34-9ffd-72e03919ec28,14,0.7777777777777778,18,1.0,0.25,-0.75
2697882b-e0e6-479f-b8d5-30285631f4bd,16,0.32,50,0.75,0.0,-0.75
2697882b-e0e6-479f-b8d5-30285631f4bd,19,0.38,50,0.0,0.8928571428571429,0.8928571428571429
2697882b-e0e6-479f-b8d5-30285631f4bd,47,0.94,50,0.8928571428571429,0.3333333333333333,-0.5595238095238095
269795a3-0f9a-4a20-b822-fadfbc70d829,24,0.6666666666666666,36,0.7916666666666666,0.25,-0.5416666666666666
269af716-241b-4eee-8a8b-98003394c9bb,24,0.5714285714285714,42,1.0,0.6666666666666666,-0.33333333333333337
269f3a26-9033-46bb-8442-79ea6da673f8,20,0.4444444444444444,45,0.8,0.2727272727272727,-0.5272727272727273
269f3a26-9033-46bb-8442-79ea6da673f8,31,0.6888888888888889,45,0.2727272727272727,1.0,0.7272727272727273
269f3a26-9033-46bb-8442-79ea6da673f8,35,0.7777777777777778,45,1.0,0.2,-0.8
269f3a26-9033-46bb-8442-79ea6da673f8,40,0.8888888888888888,45,0.2,1.0,0.8
26a2036a-1fea-429e-94d3-90966d3b0339,12,0.3,40,0.9166666666666666,0.3,-0.6166666666666667
26a2036a-1fea-429e-94d3-90966d3b0339,22,0.55,40,0.3,0.7222222222222222,0.4222222222222222
26a7e158-12d7-40f5-b111-46d094cfa870,32,0.7111111111111111,45,0.8125,0.23076923076923078,-0.5817307692307692
26ac974b-8471-4a87-a51e-842c23810fc7,3,0.17647058823529413,17,0.3333333333333333,0.9285714285714286,0.5952380952380953
26ae9d5a-67b5-42fa-9469-d2c9262391d7,19,0.5,38,0.8947368421052632,0.0,-0.8947368421052632
26ae9d5a-67b5-42fa-9469-d2c9262391d7,22,0.5789473684210527,38,0.0,0.875,0.875
26cb9d57-3128-4a56-b4b4-3abfa7fa1847,11,0.3055555555555556,36,0.8181818181818182,0.1,-0.7181818181818183
26cb9d57-3128-4a56-b4b4-3abfa7fa1847,31,0.8611111111111112,36,0.1,0.8,0.7000000000000001
26cc3013-e79f-4b85-97aa-d6090da532d9,19,0.7916666666666666,24,0.47368421052631576,0.0,-0.47368421052631576
26e9c36b-6312-48a9-b1e7-bca5c53f8543,5,0.11904761904761904,42,1.0,0.2916666666666667,-0.7083333333333333
26e9c36b-6312-48a9-b1e7-bca5c53f8543,29,0.6904761904761905,42,0.2916666666666667,1.0,0.7083333333333333
26e9c36b-6312-48a9-b1e7-bca5c53f8543,34,0.8095238095238095,42,1.0,0.5,-0.5
26f2a940-6c9d-433a-926e-662138c958e9,8,0.2,40,0.375,1.0,0.625
26f2a940-6c9d-433a-926e-662138c958e9,11,0.275,40,1.0,0.0,-1.0
26f2a940-6c9d-433a-926e-662138c958e9,17,0.425,40,0.0,0.8333333333333334,0.8333333333333334
26f2a940-6c9d-433a-926e-662138c958e9,23,0.575,40,0.8333333333333334,0.0,-0.8333333333333334
26f2a940-6c9d-433a-926e-662138c958e9,31,0.775,40,0.0,1.0,1.0
26f2a940-6c9d-433a-926e-662138c958e9,35,0.875,40,1.0,0.2,-0.8
270cd3a8-a0ec-4d92-9f42-eb00bfece4b7,34,0.68,50,0.9705882352941176,0.625,-0.34558823529411764
271a34cc-1a97-4626-a910-c80eeecafad3,10,0.3448275862068966,29,0.3,1.0,0.7
271a34cc-1a97-4626-a910-c80eeecafad3,13,0.4482758620689655,29,1.0,0.1875,-0.8125
27259f7e-0a17-401d-9c7a-e82690b6beff,11,0.4782608695652174,23,0.7272727272727273,0.0,-0.7272727272727273
2725d8e9-6fff-4f04-88f0-e5badff1f3e9,41,0.9111111111111111,45,0.8048780487804879,0.25,-0.5548780487804879
273ff878-121b-4f80-8e65-b9fc87dfe462,4,0.09523809523809523,42,1.0,0.0,-1.0
273ff878-121b-4f80-8e65-b9fc87dfe462,11,0.2619047619047619,42,0.0,0.8636363636363636,0.8636363636363636
273ff878-121b-4f80-8e65-b9fc87dfe462,33,0.7857142857142857,42,0.8636363636363636,0.4444444444444444,-0.4191919191919192
274bdcf9-c516-447e-85ba-b552a8d414b3,26,0.7222222222222222,36,0.5769230769230769,1.0,0.42307692307692313
274ff82e-46e8-4959-8e03-94901094f064,16,0.5517241379310345,29,0.9375,0.07692307692307693,-0.8605769230769231
2750feb4-e626-4b99-a94c-04c0424ccde4,7,0.19444444444444445,36,0.8571428571428571,0.0,-0.8571428571428571
2750feb4-e626-4b99-a94c-04c0424ccde4,10,0.2777777777777778,36,0.0,0.6923076923076923,0.6923076923076923
27593e33-238d-4043-8d97-204874b90c25,5,0.22727272727272727,22,1.0,0.4,-0.6
27593e33-238d-4043-8d97-204874b90c25,10,0.45454545454545453,22,0.4,1.0,0.6
2781f239-0f11-4f3f-a095-7d7e3b341b24,16,0.32,50,0.75,0.0,-0.75
2781f239-0f11-4f3f-a095-7d7e3b341b24,20,0.4,50,0.0,1.0,1.0
2781f239-0f11-4f3f-a095-7d7e3b341b24,24,0.48,50,1.0,0.0,-1.0
2781f239-0f11-4f3f-a095-7d7e3b341b24,28,0.56,50,0.0,0.9545454545454546,0.9545454545454546
2793e42d-a45d-4a95-8d4b-028482087263,5,0.29411764705882354,17,1.0,0.3333333333333333,-0.6666666666666667
2793e42d-a45d-4a95-8d4b-028482087263,8,0.47058823529411764,17,0.3333333333333333,1.0,0.6666666666666667
27b8b022-e247-4a64-81b1-9620d06c1f67,25,0.625,40,0.8,0.3333333333333333,-0.46666666666666673
27c06bf0-a501-4cd8-898d-bb3def3e5108,8,0.2,40,1.0,0.42105263157894735,-0.5789473684210527
27c06bf0-a501-4cd8-898d-bb3def3e5108,27,0.675,40,0.42105263157894735,0.8461538461538461,0.4251012145748988
27ce868a-80ae-4b5c-856f-b09c8ea13a3c,25,0.5,50,0.0,0.64,0.64
27dbe0bb-b15b-4162-9ab3-96dfe22208f0,10,0.3448275862068966,29,0.9,0.2,-0.7
27dbe0bb-b15b-4162-9ab3-96dfe22208f0,15,0.5172413793103449,29,0.2,1.0,0.8
27e85659-4fae-4bb7-9aab-3e720e3580e4,4,0.23529411764705882,17,0.25,0.7692307692307693,0.5192307692307693
27eed768-096e-456d-a095-dc6f88292d2a,7,0.2916666666666667,24,0.0,1.0,1.0
27eed768-096e-456d-a095-dc6f88292d2a,11,0.4583333333333333,24,1.0,0.0,-1.0
27eed768-096e-456d-a095-dc6f88292d2a,15,0.625,24,0.0,1.0,1.0
27eed768-096e-456d-a095-dc6f88292d2a,21,0.875,24,1.0,0.3333333333333333,-0.6666666666666667
27f5160c-ebfa-422a-ba78-823a860512b5,20,0.5263157894736842,38,0.9,0.25,-0.65
27f5160c-ebfa-422a-ba78-823a860512b5,32,0.8421052631578947,38,0.25,1.0,0.75
280824c1-4b55-4409-9d64-d4f7318d6407,20,0.5,40,0.95,0.5,-0.44999999999999996
2824b3be-4500-4357-86d8-9e0d788d27c3,3,0.125,24,1.0,0.047619047619047616,-0.9523809523809523
282b6945-bd09-4d7d-b06a-7d5afca26822,5,0.13157894736842105,38,1.0,0.3333333333333333,-0.6666666666666667
2832eec2-1d68-422f-943e-fa02f728653f,48,0.8888888888888888,54,0.8333333333333334,0.0,-0.8333333333333334
2832eec2-1d68-422f-943e-fa02f728653f,51,0.9444444444444444,54,0.0,1.0,1.0
283caec4-57f6-4730-a87f-548f0e868ca7,14,0.7777777777777778,18,1.0,0.5,-0.5
28400d45-fcaa-4fb8-93d7-bdaea2295b72,35,0.875,40,0.9142857142857143,0.4,-0.5142857142857142
2855214f-13ab-4d14-9e71-f96c7b9a4b67,17,0.7083333333333334,24,0.7058823529411765,0.0,-0.7058823529411765
2855214f-13ab-4d14-9e71-f96c7b9a4b67,21,0.875,24,0.0,1.0,1.0
287c5b70-01eb-4771-81a8-23d4cb04c577,13,0.325,40,0.9230769230769231,0.25925925925925924,-0.6638176638176638
287e2e43-f3c5-4d74-a3b4-b5279db954b6,5,0.21739130434782608,23,0.4,1.0,0.6
287e2e43-f3c5-4d74-a3b4-b5279db954b6,8,0.34782608695652173,23,1.0,0.13333333333333333,-0.8666666666666667
28a733e1-94c0-4b99-9cdc-bc3802ac5737,4,0.10526315789473684,38,0.5,0.9705882352941176,0.47058823529411764
28b69a37-6e15-4d02-a23b-eba1de99d561,6,0.15,40,0.3333333333333333,1.0,0.6666666666666667
28b69a37-6e15-4d02-a23b-eba1de99d561,10,0.25,40,1.0,0.0,-1.0
28b69a37-6e15-4d02-a23b-eba1de99d561,15,0.375,40,0.0,0.75,0.75
28b69a37-6e15-4d02-a23b-eba1de99d561,19,0.475,40,0.75,0.0,-0.75
28b69a37-6e15-4d02-a23b-eba1de99d561,22,0.55,40,0.0,0.7777777777777778,0.7777777777777778
28bd26ac-46d7-466c-aafd-2ea74de6d892,13,0.5909090909090909,22,1.0,0.6666666666666666,-0.33333333333333337
28d35983-d77f-44e5-b28b-6f13c765eb4e,7,0.3181818181818182,22,1.0,0.0,-1.0
28d35983-d77f-44e5-b28b-6f13c765eb4e,10,0.45454545454545453,22,0.0,0.5,0.5
28dae31d-fcc8-490d-9454-75193f0c941f,6,0.13333333333333333,45,1.0,0.0,-1.0
28dae31d-fcc8-490d-9454-75193f0c941f,9,0.2,45,0.0,0.7058823529411765,0.7058823529411765
28dae31d-fcc8-490d-9454-75193f0c941f,26,0.5777777777777777,45,0.7058823529411765,0.0,-0.7058823529411765
28dae31d-fcc8-490d-9454-75193f0c941f,29,0.6444444444444445,45,0.0,0.875,0.875
28e362c1-ccd6-4dc6-800d-8f4b2be830f5,11,0.6111111111111112,18,0.18181818181818182,1.0,0.8181818181818181
28e362c1-ccd6-4dc6-800d-8f4b2be830f5,15,0.8333333333333334,18,1.0,0.0,-1.0
2909355f-a846-45d3-9751-45abdf10e9d1,3,0.06,50,1.0,0.3191489361702128,-0.6808510638297872
2939a6f9-9f24-4bde-998f-9bd705cc4fba,20,0.8695652173913043,23,1.0,0.0,-1.0
295546a2-4175-47aa-ad42-1f1a814cf737,30,0.6818181818181818,44,0.9,0.0,-0.9
29568cf6-801c-440e-900c-69453dd35d63,8,0.47058823529411764,17,0.375,1.0,0.625
29568cf6-801c-440e-900c-69453dd35d63,14,0.8235294117647058,17,1.0,0.0,-1.0
29575307-ef78-4145-a6a0-51c78a92ba6e,19,0.4222222222222222,45,1.0,0.25,-0.75
29575307-ef78-4145-a6a0-51c78a92ba6e,23,0.5111111111111111,45,0.25,0.9090909090909091,0.6590909090909091
29691ed1-c15d-4333-929e-38be11bf7650,7,0.175,40,0.14285714285714285,0.7272727272727273,0.5844155844155845
29691ed1-c15d-4333-929e-38be11bf7650,18,0.45,40,0.7272727272727273,0.4090909090909091,-0.3181818181818182
296ef9b8-8b01-4f3f-bc4d-3b3cd977ba4e,15,0.375,40,0.7333333333333333,0.16666666666666666,-0.5666666666666667
296ef9b8-8b01-4f3f-bc4d-3b3cd977ba4e,21,0.525,40,0.16666666666666666,0.8421052631578947,0.6754385964912281
29831212-f3d2-4d20-832e-3ac66ee988c5,4,0.23529411764705882,17,1.0,0.3,-0.7
29831212-f3d2-4d20-832e-3ac66ee988c5,14,0.8235294117647058,17,0.3,1.0,0.7
298810da-8cc7-4b06-bafd-a330fb46951e,9,0.5294117647058824,17,1.0,0.25,-0.75
298a6048-ecda-4c25-9dc5-5d8805392e3d,16,0.36363636363636365,44,1.0,0.125,-0.875
298a6048-ecda-4c25-9dc5-5d8805392e3d,24,0.5454545454545454,44,0.125,0.7,0.575
29ab4c64-4e6a-4611-b907-cc2d6fec9835,7,0.4117647058823529,17,0.7142857142857143,0.0,-0.7142857142857143
29ab4c64-4e6a-4611-b907-cc2d6fec9835,11,0.6470588235294118,17,0.0,0.8333333333333334,0.8333333333333334
29bb85b8-84e2-4bd1-badc-908e793732f1,4,0.1111111111111111,36,0.5,0.0,-0.5
29bb85b8-84e2-4bd1-badc-908e793732f1,14,0.3888888888888889,36,0.0,1.0,1.0
29bb85b8-84e2-4bd1-badc-908e793732f1,17,0.4722222222222222,36,1.0,0.2631578947368421,-0.736842105263158
29d9e6ae-9691-4739-a93c-a99c556a04ee,14,0.30434782608695654,46,0.9285714285714286,0.2,-0.7285714285714286
29d9e6ae-9691-4739-a93c-a99c556a04ee,19,0.41304347826086957,46,0.2,0.7037037037037037,0.5037037037037038
29ef3f8c-5511-478a-90aa-137e78a51299,17,0.7083333333333334,24,0.8235294117647058,0.25,-0.5735294117647058
29ef3f8c-5511-478a-90aa-137e78a51299,21,0.875,24,0.25,1.0,0.75
29f2770b-b56b-4a73-8b7c-a538a62b286c,9,0.4090909090909091,22,0.5555555555555556,0.07692307692307693,-0.47863247863247865
29fa84e9-7db7-42a0-9d23-20b86b3c25db,30,0.7142857142857143,42,0.8333333333333334,0.4166666666666667,-0.4166666666666667
2a027014-81ed-4064-ab21-49534b11c90b,4,0.09090909090909091,44,0.0,0.8095238095238095,0.8095238095238095
2a027014-81ed-4064-ab21-49534b11c90b,25,0.5681818181818182,44,0.8095238095238095,0.18181818181818182,-0.6277056277056277
2a027014-81ed-4064-ab21-49534b11c90b,36,0.8181818181818182,44,0.18181818181818182,1.0,0.8181818181818181
2a027014-81ed-4064-ab21-49534b11c90b,40,0.9090909090909091,44,1.0,0.25,-0.75
2a13198b-4ec1-4311-a969-21443fe4d664,5,0.29411764705882354,17,0.6,1.0,0.4
2a1ab91e-affd-48a9-ae99-8eba84444d95,6,0.3333333333333333,18,0.8333333333333334,0.0,-0.8333333333333334
2a1ab91e-affd-48a9-ae99-8eba84444d95,11,0.6111111111111112,18,0.0,0.5714285714285714,0.5714285714285714
2a2127af-47d4-455f-aafa-9016e4cfebd5,16,0.32,50,0.8125,0.0,-0.8125
2a2127af-47d4-455f-aafa-9016e4cfebd5,19,0.38,50,0.0,0.7419354838709677,0.7419354838709677
2a27f7ba-5a50-4753-8ec1-ba33ca028556,34,0.68,50,0.6176470588235294,0.0,-0.6176470588235294
2a27f7ba-5a50-4753-8ec1-ba33ca028556,39,0.78,50,0.0,0.8181818181818182,0.8181818181818182
2a2ce0d7-7e6d-4212-80e7-49a073719f96,7,0.2916666666666667,24,1.0,0.6470588235294118,-0.3529411764705882
2a2f8f64-8e89-4d6c-8d27-b5485134bf4e,11,0.3055555555555556,36,0.9090909090909091,0.35714285714285715,-0.551948051948052
2a2f8f64-8e89-4d6c-8d27-b5485134bf4e,25,0.6944444444444444,36,0.35714285714285715,0.8181818181818182,0.4610389610389611
2a681379-bbad-47b7-a52c-bdc0d39e6602,6,0.15,40,1.0,0.5,-0.5
2a681379-bbad-47b7-a52c-bdc0d39e6602,30,0.75,40,0.5,1.0,0.5
2a6cf71b-7aef-4c8f-bf04-67a2c876930d,28,0.7368421052631579,38,1.0,0.4,-0.6
2a75b17f-51b6-4eb2-bbac-2cb16ef67840,5,0.29411764705882354,17,0.8,0.0,-0.8
2a75b17f-51b6-4eb2-bbac-2cb16ef67840,9,0.5294117647058824,17,0.0,1.0,1.0
2a8bbcf7-34e7-4bba-8e5c-7329cdb6849d,8,0.2222222222222222,36,1.0,0.6071428571428571,-0.3928571428571429
2a93a22c-9798-4bba-a0fd-e60d426c8ffd,15,0.375,40,1.0,0.0,-1.0
2a93a22c-9798-4bba-a0fd-e60d426c8ffd,18,0.45,40,0.0,0.8636363636363636,0.8636363636363636
2a97a6a9-ddc0-4167-b437-0891d8dd9727,26,0.6341463414634146,41,0.8076923076923077,0.3333333333333333,-0.4743589743589744
2a97a6a9-ddc0-4167-b437-0891d8dd9727,35,0.8536585365853658,41,0.3333333333333333,1.0,0.6666666666666667
2ab0a718-da01-41c5-9c18-a1d99141277a,4,0.08695652173913043,46,0.25,0.8333333333333334,0.5833333333333334
2ac44b1f-5fce-474a-a88a-b49866f6629f,4,0.13793103448275862,29,1.0,0.32,-0.6799999999999999
2ac8e0c5-dcdf-4148-a7d5-d5b8f84b1368,14,0.7777777777777778,18,1.0,0.5,-0.5
2ad3af1c-62f0-4671-a573-f44882fdcaea,14,0.3684210526315789,38,0.6428571428571429,0.14285714285714285,-0.5
2ad3af1c-62f0-4671-a573-f44882fdcaea,21,0.5526315789473685,38,0.14285714285714285,1.0,0.8571428571428572
2ad3af1c-62f0-4671-a573-f44882fdcaea,24,0.631578947368421,38,1.0,0.0,-1.0
2ad3af1c-62f0-4671-a573-f44882fdcaea,31,0.8157894736842105,38,0.0,0.5714285714285714,0.5714285714285714
2ae07d6b-e494-4aa4-a574-38f6080288c1,10,0.2777777777777778,36,0.9,0.0,-0.9
2ae07d6b-e494-4aa4-a574-38f6080288c1,13,0.3611111111111111,36,0.0,0.9130434782608695,0.9130434782608695
2ae71d51-b88d-4015-9a6a-3348f8a996d5,7,0.25,28,1.0,0.0,-1.0
2ae71d51-b88d-4015-9a6a-3348f8a996d5,11,0.39285714285714285,28,0.0,0.8,0.8
2ae71d51-b88d-4015-9a6a-3348f8a996d5,21,0.75,28,0.8,0.2857142857142857,-0.5142857142857143
2af32a88-14e3-46ce-8628-ed4fba5f1052,27,0.75,36,1.0,0.4,-0.6
2af32a88-14e3-46ce-8628-ed4fba5f1052,32,0.8888888888888888,36,0.4,1.0,0.6
2b1d48fe-6481-472e-af03-0c5d79fc2086,44,0.88,50,0.9545454545454546,0.0,-0.9545454545454546
2b2a5d3f-6ab3-4dad-b26c-6f08934f12b7,19,0.475,40,0.5263157894736842,1.0,0.4736842105263158
2b2a5d3f-6ab3-4dad-b26c-6f08934f12b7,25,0.625,40,1.0,0.13333333333333333,-0.8666666666666667
2b7eda8b-ebdd-4aa7-83af-539a4b548665,26,0.5909090909090909,44,0.038461538461538464,0.6,0.5615384615384615
2b7eda8b-ebdd-4aa7-83af-539a4b548665,31,0.7045454545454546,44,0.6,0.0,-0.6
2b8d1ea4-6411-44ec-8df5-71a9c2232faa,19,0.48717948717948717,39,0.7368421052631579,0.0,-0.7368421052631579
2b8d1ea4-6411-44ec-8df5-71a9c2232faa,22,0.5641025641025641,39,0.0,0.5294117647058824,0.5294117647058824
2ba20de7-2d0f-4006-acc0-a1e2d196e468,25,0.625,40,0.72,0.13333333333333333,-0.5866666666666667
2ba590af-8252-48df-a211-2b329cb5de13,31,0.775,40,1.0,0.6666666666666666,-0.33333333333333337
2ba6a06b-d90b-4bf9-b1e1-253c89210295,44,0.88,50,0.8863636363636364,0.3333333333333333,-0.553030303030303
2baa8ff2-74c5-48cc-b420-199c308bee61,4,0.16666666666666666,24,1.0,0.0,-1.0
2baa8ff2-74c5-48cc-b420-199c308bee61,8,0.3333333333333333,24,0.0,1.0,1.0
2baa8ff2-74c5-48cc-b420-199c308bee61,13,0.5416666666666666,24,1.0,0.2727272727272727,-0.7272727272727273
2bab71df-aa36-4a6c-8cab-71790dbc3eba,4,0.17391304347826086,23,0.75,0.21052631578947367,-0.5394736842105263
2bbd489e-bb58-4b83-a6fb-607e014ee8e5,9,0.391304347826087,23,0.7777777777777778,0.35714285714285715,-0.42063492063492064
2bc7bf2b-7751-4e53-8862-60b69077da9b,9,0.32142857142857145,28,1.0,0.47368421052631576,-0.5263157894736843
2c0d5015-4222-4638-968f-f3d39d06c326,13,0.325,40,0.9230769230769231,0.3333333333333333,-0.5897435897435899
2c0d5015-4222-4638-968f-f3d39d06c326,31,0.775,40,0.3333333333333333,1.0,0.6666666666666667
2c0d5015-4222-4638-968f-f3d39d06c326,34,0.85,40,1.0,0.16666666666666666,-0.8333333333333334
2c0dea7c-9e0b-4a1d-811e-81220483e1dd,6,0.20689655172413793,29,0.5,1.0,0.5
2c0dea7c-9e0b-4a1d-811e-81220483e1dd,12,0.41379310344827586,29,1.0,0.0,-1.0
2c0dea7c-9e0b-4a1d-811e-81220483e1dd,15,0.5172413793103449,29,0.0,1.0,1.0
2c0dea7c-9e0b-4a1d-811e-81220483e1dd,19,0.6551724137931034,29,1.0,0.0,-1.0
2c0dea7c-9e0b-4a1d-811e-81220483e1dd,22,0.7586206896551724,29,0.0,0.75,0.75
2c0dea7c-9e0b-4a1d-811e-81220483e1dd,26,0.896551724137931,29,0.75,0.0,-0.75
2c2481d3-0ad6-46b0-86d7-be8bd25212db,21,0.42,50,0.9523809523809523,0.0,-0.9523809523809523
2c2481d3-0ad6-46b0-86d7-be8bd25212db,24,0.48,50,0.0,0.8846153846153846,0.8846153846153846
2c25728d-dd40-4149-87c7-c367602e59fa,36,0.9,40,1.0,0.25,-0.75
2c54f535-97fe-4ffd-a1d9-b8a8eebfc9fd,5,0.1388888888888889,36,1.0,0.0,-1.0
2c54f535-97fe-4ffd-a1d9-b8a8eebfc9fd,8,0.2222222222222222,36,0.0,0.7857142857142857,0.7857142857142857
2c54f535-97fe-4ffd-a1d9-b8a8eebfc9fd,22,0.6111111111111112,36,0.7857142857142857,0.14285714285714285,-0.6428571428571428
2c6f81c2-bc20-41c6-8a5d-dc724355ec66,6,0.16666666666666666,36,1.0,0.5333333333333333,-0.4666666666666667
2c7ae9c2-e8a8-42f4-ad2c-d0346736bbe8,25,0.625,40,0.48,0.2,-0.27999999999999997
2c831978-8cc8-4593-a26a-1c619a9a2da2,15,0.625,24,0.9333333333333333,0.4444444444444444,-0.48888888888888893
2c8556ee-3969-4700-bb66-dd8ad3b1a333,14,0.8235294117647058,17,0.8571428571428571,0.3333333333333333,-0.5238095238095237
2ca1714f-8c7b-4334-bb46-37cec9176198,4,0.13793103448275862,29,1.0,0.0,-1.0
2ca1714f-8c7b-4334-bb46-37cec9176198,8,0.27586206896551724,29,0.0,1.0,1.0
2ca1714f-8c7b-4334-bb46-37cec9176198,16,0.5517241379310345,29,1.0,0.6153846153846154,-0.3846153846153846
2cad4601-961e-4a5c-98fc-598a842dcb97,5,0.1388888888888889,36,0.8,0.14285714285714285,-0.6571428571428573
2cad4601-961e-4a5c-98fc-598a842dcb97,12,0.3333333333333333,36,0.14285714285714285,1.0,0.8571428571428572
2cad4601-961e-4a5c-98fc-598a842dcb97,15,0.4166666666666667,36,1.0,0.2857142857142857,-0.7142857142857143
2cad4601-961e-4a5c-98fc-598a842dcb97,29,0.8055555555555556,36,0.2857142857142857,1.0,0.7142857142857143
2cc37f5f-0c60-4d24-ba94-ab70e0bf7dad,9,0.391304347826087,23,0.8888888888888888,0.14285714285714285,-0.746031746031746
2cc37f5f-0c60-4d24-ba94-ab70e0bf7dad,16,0.6956521739130435,23,0.14285714285714285,0.5714285714285714,0.42857142857142855
2cdccfac-4a92-428e-a242-5dd38b2ced2b,21,0.875,24,0.9047619047619048,0.3333333333333333,-0.5714285714285714
2ce426be-a8f9-4803-a94a-cd16fcdb6dbb,3,0.06,50,1.0,0.36363636363636365,-0.6363636363636364
2ce426be-a8f9-4803-a94a-cd16fcdb6dbb,25,0.5,50,0.36363636363636365,0.92,0.5563636363636364
2d1b8c82-0a12-4e65-bfc9-8112f13e8f2e,7,0.4117647058823529,17,1.0,0.6,-0.4
2d32a241-3caf-432d-b7a5-8343e0185fd2,6,0.25,24,1.0,0.2,-0.8
2d32a241-3caf-432d-b7a5-8343e0185fd2,11,0.4583333333333333,24,0.2,0.9230769230769231,0.7230769230769232
2d32e71d-d576-4258-a370-2ca4315be54a,14,0.8235294117647058,17,0.07142857142857142,0.6666666666666666,0.5952380952380952
2d3757ba-e752-407a-a119-3b7ababd2800,37,0.8043478260869565,46,0.9459459459459459,0.1111111111111111,-0.8348348348348349
2d39bcfb-86fc-4bdf-97cb-3fb437ba2c7c,18,0.45,40,1.0,0.0,-1.0
2d39bcfb-86fc-4bdf-97cb-3fb437ba2c7c,21,0.525,40,0.0,0.631578947368421,0.631578947368421
2d57d84e-1e60-4b61-8bbd-ef545f154b38,8,0.4444444444444444,18,0.125,0.6,0.475
2d5e0f1b-d10e-4fff-8989-d736daa911e8,6,0.16666666666666666,36,1.0,0.0,-1.0
2d5e0f1b-d10e-4fff-8989-d736daa911e8,9,0.25,36,0.0,0.8148148148148148,0.8148148148148148
2d69d416-b51d-4467-a741-b8c76415678c,16,0.6666666666666666,24,0.75,0.25,-0.5
2d6fd28e-6013-4269-a471-955caa525edc,12,0.3157894736842105,38,0.9166666666666666,0.375,-0.5416666666666666
2d6fd28e-6013-4269-a471-955caa525edc,20,0.5263157894736842,38,0.375,0.8571428571428571,0.4821428571428571
2d6fd28e-6013-4269-a471-955caa525edc,34,0.8947368421052632,38,0.8571428571428571,0.25,-0.6071428571428571
2d75661d-0eef-4c83-be58-85c162d500e7,10,0.5555555555555556,18,0.0,0.875,0.875
2d7b6d2f-e590-4649-bcb9-75ca8603730c,35,0.875,40,0.8571428571428571,0.4,-0.4571428571428571
2d7de9be-b181-4188-9ae4-df7a99813126,17,0.7391304347826086,23,1.0,0.5,-0.5
2d820244-8f0f-4bf0-a54d-94cfca577576,9,0.5,18,1.0,0.4444444444444444,-0.5555555555555556
2d8c046d-790c-4985-a7e4-288fe6d17793,14,0.8235294117647058,17,0.8571428571428571,0.3333333333333333,-0.5238095238095237
2da18164-16a5-4c03-8cd1-3b922367ff54,7,0.15555555555555556,45,0.8571428571428571,0.15789473684210525,-0.6992481203007519
2da18164-16a5-4c03-8cd1-3b922367ff54,26,0.5777777777777777,45,0.15789473684210525,0.7368421052631579,0.5789473684210527
2dad418d-a9d0-414c-b116-7a1c7b47f04f,33,0.825,40,0.06060606060606061,1.0,0.9393939393939394
2daf865b-d610-4142-a9c7-de2fa8b06d7a,5,0.2777777777777778,18,0.0,0.9230769230769231,0.9230769230769231
2db963e5-9f4a-416d-93ef-a483790ba5fe,24,0.6,40,0.875,0.25,-0.625
2dc39482-fbe8-4207-8622-7f95128a7bac,25,0.625,40,0.96,0.0,-0.96
2dc39482-fbe8-4207-8622-7f95128a7bac,28,0.7,40,0.0,0.6666666666666666,0.6666666666666666
2e0c2c8d-91f1-4f67-aa9f-77f4a992e22b,6,0.3333333333333333,18,1.0,0.0,-1.0
2e0c2c8d-91f1-4f67-aa9f-77f4a992e22b,9,0.5,18,0.0,1.0,1.0
2e0c2c8d-91f1-4f67-aa9f-77f4a992e22b,12,0.6666666666666666,18,1.0,0.3333333333333333,-0.6666666666666667
2e1100bd-8c2e-4044-8a28-87983f6c9f4b,9,0.375,24,1.0,0.2,-0.8
2e175915-b2dd-482c-8460-76b6a147954c,3,0.06,50,1.0,0.3404255319148936,-0.6595744680851063
2e190040-a57c-4895-9c26-531443f912cb,19,0.5277777777777778,36,1.0,0.4,-0.6
2e190040-a57c-4895-9c26-531443f912cb,24,0.6666666666666666,36,0.4,0.9166666666666666,0.5166666666666666
2e237bc6-3031-466d-bdcf-6ab000fb33df,28,0.7,40,0.75,0.0,-0.75
2e237bc6-3031-466d-bdcf-6ab000fb33df,31,0.775,40,0.0,1.0,1.0
2e237bc6-3031-466d-bdcf-6ab000fb33df,35,0.875,40,1.0,0.2,-0.8
2e2d1cbf-38de-4a24-90d8-d6f234e27a62,13,0.7647058823529411,17,1.0,0.5,-0.5
2e4308c3-32e5-4c16-acc7-4c778b3415a1,15,0.6521739130434783,23,0.8666666666666667,0.0,-0.8666666666666667
2e4308c3-32e5-4c16-acc7-4c778b3415a1,20,0.8695652173913043,23,0.0,0.6666666666666666,0.6666666666666666
2e78635f-1de7-4675-9e18-e70c0a3aa61d,4,0.17391304347826086,23,0.5,1.0,0.5
2e78635f-1de7-4675-9e18-e70c0a3aa61d,13,0.5652173913043478,23,1.0,0.3,-0.7
2e8263d0-7fc1-4978-95e2-4993aadca1bb,46,0.92,50,0.5869565217391305,0.0,-0.5869565217391305
2e8d72a5-c0f0-498e-b6ef-b7b87e10e6f4,10,0.25,40,1.0,0.0,-1.0
2e8d72a5-c0f0-498e-b6ef-b7b87e10e6f4,13,0.325,40,0.0,0.8333333333333334,0.8333333333333334
2e8d72a5-c0f0-498e-b6ef-b7b87e10e6f4,19,0.475,40,0.8333333333333334,0.0,-0.8333333333333334
2e8d72a5-c0f0-498e-b6ef-b7b87e10e6f4,22,0.55,40,0.0,0.7222222222222222,0.7222222222222222
2e9d3149-214f-4dfa-9547-9eafd89acedf,19,0.38,50,0.8421052631578947,0.3888888888888889,-0.4532163742690058
2e9d3149-214f-4dfa-9547-9eafd89acedf,37,0.74,50,0.3888888888888889,1.0,0.6111111111111112
2e9d3149-214f-4dfa-9547-9eafd89acedf,42,0.84,50,1.0,0.25,-0.75
2e9f6228-580c-4822-9022-36c672357973,35,0.875,40,0.8285714285714286,0.2,-0.6285714285714286
2ea76c6d-704d-414f-9e12-81eb36aa7175,10,0.2777777777777778,36,1.0,0.0,-1.0
2ea76c6d-704d-414f-9e12-81eb36aa7175,13,0.3611111111111111,36,0.0,0.9565217391304348,0.9565217391304348
2eb07644-991b-4eee-bfd6-9685320e68fc,15,0.8333333333333334,18,1.0,0.3333333333333333,-0.6666666666666667
2eb6fd9a-cdf4-4666-b32c-0c0a217f3b06,12,0.6666666666666666,18,0.8333333333333334,0.3333333333333333,-0.5
2ec07915-9561-4218-9503-5c2c01475008,5,0.1111111111111111,45,0.8,0.0,-0.8
2ec07915-9561-4218-9503-5c2c01475008,8,0.17777777777777778,45,0.0,0.875,0.875
2ec07915-9561-4218-9503-5c2c01475008,16,0.35555555555555557,45,0.875,0.3103448275862069,-0.5646551724137931
2edb9e24-724d-4a13-94cb-7c89e4603a0b,23,0.7931034482758621,29,0.9130434782608695,0.3333333333333333,-0.5797101449275361
2efc9cb8-aca4-4ae9-be66-d04f34cb2dd0,8,0.47058823529411764,17,1.0,0.25,-0.75
2efc9cb8-aca4-4ae9-be66-d04f34cb2dd0,12,0.7058823529411765,17,0.25,1.0,0.75
2f005db0-08e6-475a-94aa-9bdf0a4f0081,13,0.2826086956521739,46,0.9230769230769231,0.6060606060606061,-0.31701631701631705
2f19876d-5e26-4df7-9b78-af08414e6b0f,4,0.17391304347826086,23,1.0,0.15789473684210525,-0.8421052631578947
2f3258da-272b-4c56-ba91-623352449b62,41,0.9111111111111111,45,0.24390243902439024,0.75,0.5060975609756098
2f4386bd-ba64-4978-9ff7-a539bc0d4417,23,0.575,40,1.0,0.23529411764705882,-0.7647058823529411
2f663de2-d07d-4b64-9298-f74d941887b7,27,0.675,40,0.9259259259259259,0.125,-0.8009259259259259
2f663de2-d07d-4b64-9298-f74d941887b7,35,0.875,40,0.125,0.8,0.675
2f7e308e-0d6b-4817-be13-3ded8ca591f6,28,0.6666666666666666,42,0.8571428571428571,0.3333333333333333,-0.5238095238095237
2f7e308e-0d6b-4817-be13-3ded8ca591f6,34,0.8095238095238095,42,0.3333333333333333,0.875,0.5416666666666667
2f8253dc-5eeb-4efc-ac72-68e9ee49d109,16,0.4444444444444444,36,0.625,0.95,0.32499999999999996
2f86354b-62cc-4d0f-958d-bc0382135d86,10,0.5882352941176471,17,0.9,0.42857142857142855,-0.4714285714285715
2f89ece7-d419-4bc2-a594-2c2f6f03b6ab,4,0.08,50,0.75,0.2413793103448276,-0.5086206896551724
2f89ece7-d419-4bc2-a594-2c2f6f03b6ab,33,0.66,50,0.2413793103448276,1.0,0.7586206896551724
2f89ece7-d419-4bc2-a594-2c2f6f03b6ab,36,0.72,50,1.0,0.42857142857142855,-0.5714285714285714
2f98589a-10b7-4615-800c-7ad984a0becf,34,0.68,50,0.14705882352941177,0.4375,0.2904411764705882
2f9b86d4-e102-48fb-809e-6a48603141ab,20,0.5555555555555556,36,0.25,1.0,0.75
2f9b86d4-e102-48fb-809e-6a48603141ab,24,0.6666666666666666,36,1.0,0.16666666666666666,-0.8333333333333334
2fab066c-d240-45b3-999a-a903ccb3fca5,16,0.6956521739130435,23,0.9375,0.42857142857142855,-0.5089285714285714
2fc86cdb-a761-411d-8128-636036faae8e,22,0.4888888888888889,45,1.0,0.6363636363636364,-0.36363636363636365
2fc86cdb-a761-411d-8128-636036faae8e,33,0.7333333333333333,45,0.6363636363636364,0.0,-0.6363636363636364
2fc86cdb-a761-411d-8128-636036faae8e,36,0.8,45,0.0,0.8888888888888888,0.8888888888888888
2fd753e7-43cc-4d27-ac78-8bbfd5628c2a,3,0.16666666666666666,18,0.3333333333333333,1.0,0.6666666666666667
2fd753e7-43cc-4d27-ac78-8bbfd5628c2a,7,0.3888888888888889,18,1.0,0.09090909090909091,-0.9090909090909091
2fe5670d-3f7e-4f97-9be5-1a4e4d1a6466,31,0.6739130434782609,46,0.5806451612903226,0.0,-0.5806451612903226
2fe5670d-3f7e-4f97-9be5-1a4e4d1a6466,41,0.8913043478260869,46,0.0,0.6,0.6
2ff47eab-e2ad-48b0-80a8-7f1163f7d8af,3,0.13636363636363635,22,1.0,0.2857142857142857,-0.7142857142857143
2ff47eab-e2ad-48b0-80a8-7f1163f7d8af,10,0.45454545454545453,22,0.2857142857142857,0.8333333333333334,0.5476190476190477
2ff58f57-8a40-4ee8-a199-e157b6297138,13,0.7647058823529411,17,1.0,0.0,-1.0
3012358d-28b0-4110-b39e-706eb50ecdb3,21,0.7241379310344828,29,0.7142857142857143,0.125,-0.5892857142857143
30148bd1-d4de-4e80-9da6-5ce2144bcf9f,16,0.35555555555555557,45,0.9375,0.0,-0.9375
30148bd1-d4de-4e80-9da6-5ce2144bcf9f,20,0.4444444444444444,45,0.0,0.7,0.7
30148bd1-d4de-4e80-9da6-5ce2144bcf9f,30,0.6666666666666666,45,0.7,0.125,-0.575
30148bd1-d4de-4e80-9da6-5ce2144bcf9f,38,0.8444444444444444,45,0.125,0.7142857142857143,0.5892857142857143
3027bab0-bd49-4046-8c0d-92caeb2e16aa,4,0.18181818181818182,22,1.0,0.5555555555555556,-0.4444444444444444
303ca070-cc3f-45fb-ae26-0b27baeeb730,16,0.4444444444444444,36,0.875,0.375,-0.5
303ca070-cc3f-45fb-ae26-0b27baeeb730,24,0.6666666666666666,36,0.375,1.0,0.625
30457f04-f7f5-417f-9a75-28616d1b31ea,18,0.6428571428571429,28,0.6666666666666666,0.3,-0.36666666666666664
304583af-6f8c-4b76-b8f4-492601147cea,10,0.25,40,0.0,0.75,0.75
304583af-6f8c-4b76-b8f4-492601147cea,14,0.35,40,0.75,0.14285714285714285,-0.6071428571428572
304583af-6f8c-4b76-b8f4-492601147cea,35,0.875,40,0.14285714285714285,1.0,0.8571428571428572
30627c3d-6eb7-4221-9e18-1c22a362cf03,6,0.3333333333333333,18,0.6666666666666666,0.0,-0.6666666666666666
30627c3d-6eb7-4221-9e18-1c22a362cf03,10,0.5555555555555556,18,0.0,0.625,0.625
30942556-0e7c-4df2-9955-5d4148256c9d,23,0.5476190476190477,42,1.0,0.631578947368421,-0.368421052631579
30b061b6-6a04-4e0c-9ca8-550f071be2d2,4,0.1111111111111111,36,0.75,0.0,-0.75
30b061b6-6a04-4e0c-9ca8-550f071be2d2,10,0.2777777777777778,36,0.0,1.0,1.0
30b061b6-6a04-4e0c-9ca8-550f071be2d2,14,0.3888888888888889,36,1.0,0.0,-1.0
30b061b6-6a04-4e0c-9ca8-550f071be2d2,23,0.6388888888888888,36,0.0,0.38461538461538464,0.38461538461538464
30be9216-073e-4c8b-86f9-67ae63fd7620,27,0.675,40,0.18518518518518517,1.0,0.8148148148148149
30bf3957-1cd9-4e33-a9fd-a1db13e50e0a,6,0.3333333333333333,18,0.5,1.0,0.5
30d8aab5-1e8e-4d97-9779-fcc6ce3be201,20,0.8695652173913043,23,1.0,0.0,-1.0
30dfaad4-518d-44b8-9dd0-b3575dd6afdf,15,0.4166666666666667,36,0.8666666666666667,0.0,-0.8666666666666667
30dfaad4-518d-44b8-9dd0-b3575dd6afdf,18,0.5,36,0.0,0.7222222222222222,0.7222222222222222
30e3881d-a0e0-4a36-b6dc-969e150bbe15,8,0.17391304347826086,46,0.25,0.7,0.44999999999999996
30e3881d-a0e0-4a36-b6dc-969e150bbe15,28,0.6086956521739131,46,0.7,0.0,-0.7
30e3881d-a0e0-4a36-b6dc-969e150bbe15,31,0.6739130434782609,46,0.0,0.8,0.8
30f3b51a-f115-420c-9109-eb360d7f0590,20,0.6896551724137931,29,0.75,0.3333333333333333,-0.4166666666666667
3103d525-4efa-423b-a0a1-39ffe34379b1,10,0.43478260869565216,23,0.6,0.07692307692307693,-0.523076923076923
310428e7-935f-4ac4-9d62-2098ab3d1371,23,0.6388888888888888,36,0.4782608695652174,0.7692307692307693,0.29096989966555187
31060064-ef4d-4ea9-9333-0cd2a3ea0a1b,19,0.6551724137931034,29,1.0,0.0,-1.0
31060064-ef4d-4ea9-9333-0cd2a3ea0a1b,22,0.7586206896551724,29,0.0,1.0,1.0
31060064-ef4d-4ea9-9333-0cd2a3ea0a1b,26,0.896551724137931,29,1.0,0.3333333333333333,-0.6666666666666667
311749eb-b043-4e8d-b2a8-7a4d2e2c45cd,20,0.8695652173913043,23,0.8,0.0,-0.8
3130e6e4-fe7b-4864-9057-e84b53a721b5,20,0.4444444444444444,45,0.8,0.0,-0.8
314993d5-3892-4b97-bc7d-70f4b69ff40f,19,0.4222222222222222,45,1.0,0.4,-0.6
314993d5-3892-4b97-bc7d-70f4b69ff40f,24,0.5333333333333333,45,0.4,1.0,0.6
314993d5-3892-4b97-bc7d-70f4b69ff40f,38,0.8444444444444444,45,1.0,0.5714285714285714,-0.4285714285714286
317c6847-e17e-404b-9f2f-c032c86876d7,16,0.35555555555555557,45,0.5,0.20689655172413793,-0.2931034482758621
317d3ee2-f924-4ea8-94f2-684142f4a03b,5,0.13157894736842105,38,0.6,0.0,-0.6
317d3ee2-f924-4ea8-94f2-684142f4a03b,16,0.42105263157894735,38,0.0,0.45454545454545453,0.45454545454545453
31893438-505d-4892-a8f8-dd4bdcc40ff2,14,0.35,40,0.35714285714285715,0.043478260869565216,-0.3136645962732919
31893438-505d-4892-a8f8-dd4bdcc40ff2,37,0.925,40,0.043478260869565216,0.6666666666666666,0.6231884057971014
3191bf47-82aa-4e47-932c-2c18393da3a5,18,0.375,48,0.9444444444444444,0.6333333333333333,-0.3111111111111111
3192ac5d-052d-490f-a4d2-663ccee4dd8a,5,0.22727272727272727,22,1.0,0.2,-0.8
3192ac5d-052d-490f-a4d2-663ccee4dd8a,10,0.45454545454545453,22,0.2,0.8888888888888888,0.6888888888888889
3192ac5d-052d-490f-a4d2-663ccee4dd8a,19,0.8636363636363636,22,0.8888888888888888,0.0,-0.8888888888888888
319f8e49-e286-479c-b0b6-ca2447d61323,18,0.45,40,0.7222222222222222,0.16666666666666666,-0.5555555555555556
319f8e49-e286-479c-b0b6-ca2447d61323,24,0.6,40,0.16666666666666666,1.0,0.8333333333333334
319f8e49-e286-479c-b0b6-ca2447d61323,28,0.7,40,1.0,0.3333333333333333,-0.6666666666666667
31a48004-8c45-46cb-85a8-b8bd55ab1833,20,0.5555555555555556,36,0.6,1.0,0.4
31a48004-8c45-46cb-85a8-b8bd55ab1833,27,0.75,36,1.0,0.0,-1.0
31a48004-8c45-46cb-85a8-b8bd55ab1833,30,0.8333333333333334,36,0.0,0.8333333333333334,0.8333333333333334
31ae8692-e31f-40cd-b4f9-a97d9d42e105,17,0.40476190476190477,42,0.9411764705882353,0.52,-0.42117647058823526
31c7aacf-0ec3-4355-9ea1-329cd251f0cb,32,0.6956521739130435,46,0.5625,0.0,-0.5625
31c7aacf-0ec3-4355-9ea1-329cd251f0cb,37,0.8043478260869565,46,0.0,0.7777777777777778,0.7777777777777778
31cefef5-4417-483e-b609-3053631b49fd,11,0.4782608695652174,23,0.6363636363636364,0.0,-0.6363636363636364
31d5db4e-e8a1-4bb8-a49d-9d158a17c794,14,0.3684210526315789,38,0.7142857142857143,0.25,-0.4642857142857143
31de944c-047f-40bf-b83d-8e100fa1ce71,10,0.2777777777777778,36,0.8,0.3333333333333333,-0.46666666666666673
31de944c-047f-40bf-b83d-8e100fa1ce71,16,0.4444444444444444,36,0.3333333333333333,1.0,0.6666666666666667
31de944c-047f-40bf-b83d-8e100fa1ce71,22,0.6111111111111112,36,1.0,0.21428571428571427,-0.7857142857142857
31f2f528-8b54-4044-a413-0007da73708a,5,0.2777777777777778,18,0.4,1.0,0.6
31f2f528-8b54-4044-a413-0007da73708a,10,0.5555555555555556,18,1.0,0.0,-1.0
31f2f528-8b54-4044-a413-0007da73708a,13,0.7222222222222222,18,0.0,0.6,0.6
31fb05aa-3733-4d92-bd2d-c0dce2708dab,12,0.7058823529411765,17,0.8333333333333334,0.4,-0.43333333333333335
31ff47f3-6c16-44e0-b7ef-bef0ef679861,21,0.5833333333333334,36,0.9523809523809523,0.3333333333333333,-0.6190476190476191
320b33ce-7e38-4792-b62a-b63b10637596,7,0.2413793103448276,29,0.8571428571428571,0.4090909090909091,-0.448051948051948
320f55dd-541b-492d-966f-cef622c1bf32,9,0.5,18,0.6666666666666666,0.2222222222222222,-0.4444444444444444
3210b151-0165-41da-a7a9-b40dff8db49c,3,0.16666666666666666,18,1.0,0.5,-0.5
3210b151-0165-41da-a7a9-b40dff8db49c,13,0.7222222222222222,18,0.5,1.0,0.5
321ce96d-0025-4464-9709-7aa88e527b20,7,0.15555555555555556,45,1.0,0.35294117647058826,-0.6470588235294117
321ce96d-0025-4464-9709-7aa88e527b20,24,0.5333333333333333,45,0.35294117647058826,0.875,0.5220588235294117
321ce96d-0025-4464-9709-7aa88e527b20,32,0.7111111111111111,45,0.875,0.3076923076923077,-0.5673076923076923
322db434-85bf-47c1-a548-3f9a563bb3d7,23,0.5476190476190477,42,0.7391304347826086,0.0,-0.7391304347826086
322db434-85bf-47c1-a548-3f9a563bb3d7,28,0.6666666666666666,42,0.0,0.8,0.8
322db434-85bf-47c1-a548-3f9a563bb3d7,33,0.7857142857142857,42,0.8,0.0,-0.8
322e5441-6e3d-49f7-8cc2-293269054ca8,9,0.5,18,0.8888888888888888,0.0,-0.8888888888888888
322e5441-6e3d-49f7-8cc2-293269054ca8,12,0.6666666666666666,18,0.0,1.0,1.0
3234467d-64d2-447b-a1f5-f2c606e9089c,35,0.875,40,0.8571428571428571,0.4,-0.4571428571428571
3235a6a0-c0af-478c-bbc3-101bd0d80861,7,0.175,40,0.8571428571428571,0.36363636363636365,-0.49350649350649345
324b7d56-0a50-4712-9d06-6c7f14c0a33c,6,0.13333333333333333,45,0.8333333333333334,0.44,-0.39333333333333337
324b7d56-0a50-4712-9d06-6c7f14c0a33c,31,0.6888888888888889,45,0.44,0.07142857142857142,-0.36857142857142855
3257151e-6e8d-4be3-9c60-8e62dd5a3752,7,0.3181818181818182,22,1.0,0.2,-0.8
3257151e-6e8d-4be3-9c60-8e62dd5a3752,12,0.5454545454545454,22,0.2,0.7,0.49999999999999994
32728231-8b9e-49bf-b169-44691e208a3c,14,0.7777777777777778,18,0.8571428571428571,0.0,-0.8571428571428571
3281f7a1-3907-40e5-87e8-2b7537f112c4,5,0.125,40,0.8,0.0,-0.8
3281f7a1-3907-40e5-87e8-2b7537f112c4,9,0.225,40,0.0,0.8,0.8
3281f7a1-3907-40e5-87e8-2b7537f112c4,29,0.725,40,0.8,0.0,-0.8
3281f7a1-3907-40e5-87e8-2b7537f112c4,32,0.8,40,0.0,0.875,0.875
3288a8eb-ea79-4309-9b1c-a0bc92476ca8,10,0.5555555555555556,18,0.1,0.625,0.525
328ef4e5-c034-4d95-928a-b4db4018dc91,14,0.4827586206896552,29,0.5714285714285714,0.0,-0.5714285714285714
328ef4e5-c034-4d95-928a-b4db4018dc91,22,0.7586206896551724,29,0.0,0.42857142857142855,0.42857142857142855
32902b9e-c095-4b9f-bb5e-418794c99b22,3,0.10714285714285714,28,0.3333333333333333,1.0,0.6666666666666667
32902b9e-c095-4b9f-bb5e-418794c99b22,8,0.2857142857142857,28,1.0,0.3,-0.7
329a0dcf-4a6e-4c25-8cbb-05a6bafd397f,13,0.26,50,0.8461538461538461,0.125,-0.7211538461538461
329a0dcf-4a6e-4c25-8cbb-05a6bafd397f,21,0.42,50,0.125,0.6666666666666666,0.5416666666666666
329a0dcf-4a6e-4c25-8cbb-05a6bafd397f,30,0.6,50,0.6666666666666666,0.0,-0.6666666666666666
329a0dcf-4a6e-4c25-8cbb-05a6bafd397f,37,0.74,50,0.0,0.5384615384615384,0.5384615384615384
32e117bd-3459-4838-b76e-4e87fb4ea885,35,0.875,40,0.8285714285714286,0.4,-0.4285714285714286
32e876ce-4675-427a-a361-3eda78f3d13b,19,0.475,40,0.8947368421052632,0.0,-0.8947368421052632
32e876ce-4675-427a-a361-3eda78f3d13b,22,0.55,40,0.0,1.0,1.0
32e876ce-4675-427a-a361-3eda78f3d13b,29,0.725,40,1.0,0.5454545454545454,-0.4545454545454546
32e8f633-8157-42b5-9e42-f41a4f6c7245,8,0.19047619047619047,42,0.875,0.0,-0.875
32e8f633-8157-42b5-9e42-f41a4f6c7245,18,0.42857142857142855,42,0.0,0.7142857142857143,0.7142857142857143
32e8f633-8157-42b5-9e42-f41a4f6c7245,25,0.5952380952380952,42,0.7142857142857143,0.0,-0.7142857142857143
32e8f633-8157-42b5-9e42-f41a4f6c7245,30,0.7142857142857143,42,0.0,0.5,0.5
32f7db1c-07c1-4426-a7c3-57c190938249,8,0.2,40,0.75,0.22727272727272727,-0.5227272727272727
32f7db1c-07c1-4426-a7c3-57c190938249,30,0.75,40,0.22727272727272727,1.0,0.7727272727272727
32f7db1c-07c1-4426-a7c3-57c190938249,34,0.85,40,1.0,0.16666666666666666,-0.8333333333333334
32fc8332-2ff9-4e86-b808-0bcb356cc526,14,0.30434782608695654,46,0.5714285714285714,0.9130434782608695,0.3416149068322981
32fc8332-2ff9-4e86-b808-0bcb356cc526,37,0.8043478260869565,46,0.9130434782608695,0.2,-0.7130434782608694
32fc8332-2ff9-4e86-b808-0bcb356cc526,42,0.9130434782608695,46,0.2,1.0,0.8
33199214-a80a-45a6-93ea-ec833104fb9b,11,0.275,40,1.0,0.0,-1.0
33199214-a80a-45a6-93ea-ec833104fb9b,14,0.35,40,0.0,0.8846153846153846,0.8846153846153846
331e82b7-2b67-4f23-be8b-086c817815aa,10,0.25,40,0.8,0.0,-0.8
331e82b7-2b67-4f23-be8b-086c817815aa,13,0.325,40,0.0,0.5555555555555556,0.5555555555555556
33274287-5a48-404f-82bf-06deed2adef5,14,0.5,28,1.0,0.0,-1.0
33274287-5a48-404f-82bf-06deed2adef5,17,0.6071428571428571,28,0.0,0.8181818181818182,0.8181818181818182
334db310-9572-4a99-ad8e-67a6431149ec,6,0.25,24,0.6666666666666666,0.0,-0.6666666666666666
334db310-9572-4a99-ad8e-67a6431149ec,11,0.4583333333333333,24,0.0,1.0,1.0
335b6685-ab15-4063-820d-11a900a6e336,27,0.675,40,0.0,0.3076923076923077,0.3076923076923077
335e15e2-6e88-4fa7-983a-42cdd5e6b55f,30,0.6818181818181818,44,0.6,0.0,-0.6
335e15e2-6e88-4fa7-983a-42cdd5e6b55f,34,0.7727272727272727,44,0.0,0.8,0.8
3362839b-de41-4472-b043-67d6912c5fe3,14,0.8235294117647058,17,0.9285714285714286,0.3333333333333333,-0.5952380952380953
3363714b-fb66-4d2e-8375-27ad941bde44,6,0.15789473684210525,38,1.0,0.25,-0.75
3363714b-fb66-4d2e-8375-27ad941bde44,10,0.2631578947368421,38,0.25,1.0,0.75
3363714b-fb66-4d2e-8375-27ad941bde44,19,0.5,38,1.0,0.3333333333333333,-0.6666666666666667
3363714b-fb66-4d2e-8375-27ad941bde44,25,0.6578947368421053,38,0.3333333333333333,1.0,0.6666666666666667
3363714b-fb66-4d2e-8375-27ad941bde44,28,0.7368421052631579,38,1.0,0.2,-0.8
336d04e0-da04-45fe-9b10-ac6182dae5c5,17,0.5862068965517241,29,1.0,0.5833333333333334,-0.41666666666666663
3370c1a2-3d21-4fe2-8f25-a47d00322a5e,9,0.2,45,0.7777777777777778,0.17647058823529413,-0.6013071895424836
3370c1a2-3d21-4fe2-8f25-a47d00322a5e,26,0.5777777777777777,45,0.17647058823529413,1.0,0.8235294117647058
3370c1a2-3d21-4fe2-8f25-a47d00322a5e,29,0.6444444444444445,45,1.0,0.25,-0.75
3387213c-386f-4045-bb71-e443e40d28f1,32,0.6956521739130435,46,0.625,1.0,0.375
3387213c-386f-4045-bb71-e443e40d28f1,39,0.8478260869565217,46,1.0,0.0,-1.0
3387213c-386f-4045-bb71-e443e40d28f1,43,0.9347826086956522,46,0.0,0.6666666666666666,0.6666666666666666
338799c9-dc90-462f-85fc-a1e9acfb76d7,9,0.3103448275862069,29,0.3333333333333333,1.0,0.6666666666666667
338799c9-dc90-462f-85fc-a1e9acfb76d7,16,0.5517241379310345,29,1.0,0.15384615384615385,-0.8461538461538461
33a23cc0-b99a-42c0-9fd9-0109eec85003,7,0.175,40,1.0,0.3333333333333333,-0.6666666666666667
33a23cc0-b99a-42c0-9fd9-0109eec85003,13,0.325,40,0.3333333333333333,0.8148148148148148,0.48148148148148145
33aa5752-9b8e-4258-a5bb-14638e335483,16,0.6666666666666666,24,0.625,1.0,0.375
33c272fb-b86c-40fe-9f40-84818066e658,3,0.075,40,1.0,0.0,-1.0
33c272fb-b86c-40fe-9f40-84818066e658,6,0.15,40,0.0,0.875,0.875
33c272fb-b86c-40fe-9f40-84818066e658,30,0.75,40,0.875,0.3,-0.575
33c2c768-52ac-4adb-9397-f1d95ef6c434,3,0.075,40,0.6666666666666666,0.0,-0.6666666666666666
33c2c768-52ac-4adb-9397-f1d95ef6c434,35,0.875,40,0.0,1.0,1.0
33cbde9e-82cb-4745-8a43-61a62b96d60f,24,0.5217391304347826,46,0.875,0.25,-0.625
33cbde9e-82cb-4745-8a43-61a62b96d60f,28,0.6086956521739131,46,0.25,0.9444444444444444,0.6944444444444444
33f61707-a239-479d-b924-b856d3a171ac,35,0.7608695652173914,46,0.8857142857142857,0.375,-0.5107142857142857
33f61707-a239-479d-b924-b856d3a171ac,43,0.9347826086956522,46,0.375,1.0,0.625
340a420e-0c19-4e6a-aa62-68869b41ae55,10,0.2,50,0.9,0.5,-0.4
340a420e-0c19-4e6a-aa62-68869b41ae55,24,0.48,50,0.5,0.9285714285714286,0.4285714285714286
340a420e-0c19-4e6a-aa62-68869b41ae55,38,0.76,50,0.9285714285714286,0.3333333333333333,-0.5952380952380953
341e3667-93e8-4051-be03-7e3840a17aa7,6,0.2608695652173913,23,0.6666666666666666,0.29411764705882354,-0.3725490196078431
34236505-0ae6-46bb-9abc-6f42cc320a5f,4,0.08695652173913043,46,0.0,0.5,0.5
34236505-0ae6-46bb-9abc-6f42cc320a5f,20,0.43478260869565216,46,0.5,1.0,0.5
34236505-0ae6-46bb-9abc-6f42cc320a5f,24,0.5217391304347826,46,1.0,0.1111111111111111,-0.8888888888888888
34236505-0ae6-46bb-9abc-6f42cc320a5f,33,0.717391304347826,46,0.1111111111111111,0.8461538461538461,0.7350427350427351
342d8a27-4e52-4e51-b35c-9e693a406063,41,0.82,50,0.7317073170731707,0.0,-0.7317073170731707
342d8a27-4e52-4e51-b35c-9e693a406063,47,0.94,50,0.0,0.6666666666666666,0.6666666666666666
343997e0-61c9-4b35-b352-5bab782a4be2,3,0.17647058823529413,17,0.6666666666666666,0.125,-0.5416666666666666
343997e0-61c9-4b35-b352-5bab782a4be2,11,0.6470588235294118,17,0.125,1.0,0.875
343f757b-9b2a-43c8-81ec-481bc4c38a29,23,0.7931034482758621,29,0.8695652173913043,0.0,-0.8695652173913043
343f757b-9b2a-43c8-81ec-481bc4c38a29,26,0.896551724137931,29,0.0,1.0,1.0
34587c69-c9ce-4d97-bd29-e8f8b661bbad,9,0.391304347826087,23,1.0,0.0,-1.0
34587c69-c9ce-4d97-bd29-e8f8b661bbad,17,0.7391304347826086,23,0.0,0.8333333333333334,0.8333333333333334
34643365-6616-4d81-ab5b-646284757f44,3,0.13043478260869565,23,1.0,0.25,-0.75
34643365-6616-4d81-ab5b-646284757f44,7,0.30434782608695654,23,0.25,1.0,0.75
34643365-6616-4d81-ab5b-646284757f44,12,0.5217391304347826,23,1.0,0.45454545454545453,-0.5454545454545454
347d84b7-7857-4002-8a3f-2c45a2e2852f,17,0.4473684210526316,38,0.47058823529411764,0.19047619047619047,-0.2801120448179272
3483002c-6236-41e1-8cd1-1a0e655b8728,33,0.717391304347826,46,0.7878787878787878,0.125,-0.6628787878787878
3483002c-6236-41e1-8cd1-1a0e655b8728,41,0.8913043478260869,46,0.125,0.8,0.675
34a0fdf3-9e10-4248-947d-6566888f94e0,4,0.2222222222222222,18,1.0,0.0,-1.0
34a0fdf3-9e10-4248-947d-6566888f94e0,7,0.3888888888888889,18,0.0,0.9090909090909091,0.9090909090909091
34aa09bb-eb62-4172-be76-8eb98ab3347f,22,0.7586206896551724,29,0.9090909090909091,0.25,-0.6590909090909091
34aa09bb-eb62-4172-be76-8eb98ab3347f,26,0.896551724137931,29,0.25,1.0,0.75
34c6e4bf-eb3a-4613-bd17-92b1a27d1078,8,0.17777777777777778,45,0.75,0.0,-0.75
34c6e4bf-eb3a-4613-bd17-92b1a27d1078,11,0.24444444444444444,45,0.0,1.0,1.0
34c6e4bf-eb3a-4613-bd17-92b1a27d1078,14,0.3111111111111111,45,1.0,0.0,-1.0
34c6e4bf-eb3a-4613-bd17-92b1a27d1078,26,0.5777777777777777,45,0.0,0.7,0.7
34c6e4bf-eb3a-4613-bd17-92b1a27d1078,36,0.8,45,0.7,0.1111111111111111,-0.5888888888888888
34e40d12-ef92-437a-8363-370c86135ba2,5,0.2777777777777778,18,0.2,1.0,0.8
34e40d12-ef92-437a-8363-370c86135ba2,10,0.5555555555555556,18,1.0,0.5,-0.5
34e580a2-8317-49c1-8fef-a0f024bffbba,27,0.75,36,1.0,0.6666666666666666,-0.33333333333333337
34eab9f2-e935-4dd8-9c67-b5d1c89108d0,30,0.8333333333333334,36,0.7666666666666667,0.0,-0.7666666666666667
34eab9f2-e935-4dd8-9c67-b5d1c89108d0,33,0.9166666666666666,36,0.0,1.0,1.0
34ed1736-f66a-46b0-8e1d-f44c39b4e52b,5,0.17857142857142858,28,1.0,0.391304347826087,-0.6086956521739131
35012294-d290-49ab-adcd-b5b6c4490c83,21,0.42,50,0.9047619047619048,0.3,-0.6047619047619048
35012294-d290-49ab-adcd-b5b6c4490c83,31,0.62,50,0.3,0.8,0.5
35012294-d290-49ab-adcd-b5b6c4490c83,36,0.72,50,0.8,0.0,-0.8
35012294-d290-49ab-adcd-b5b6c4490c83,43,0.86,50,0.0,1.0,1.0
35012294-d290-49ab-adcd-b5b6c4490c83,46,0.92,50,1.0,0.25,-0.75
350f298a-3aeb-49f8-948c-c9a6b7c89498,34,0.8947368421052632,38,0.6470588235294118,0.0,-0.6470588235294118
35189e0e-50da-43d1-b83e-04206ef74858,19,0.475,40,0.8947368421052632,0.0,-0.8947368421052632
35189e0e-50da-43d1-b83e-04206ef74858,22,0.55,40,0.0,0.8888888888888888,0.8888888888888888
352df2c5-3800-4812-a3a8-ff8669c2bf92,12,0.3333333333333333,36,0.9166666666666666,0.2916666666666667,-0.625
3563aab4-4b5d-4c9e-9c14-40772ca823aa,12,0.42857142857142855,28,1.0,0.25,-0.75
35758ab2-2c92-49e3-9f09-4766a27a91c1,5,0.1724137931034483,29,1.0,0.16666666666666666,-0.8333333333333334
35adee09-25f9-4d36-8b44-61fbc0936f05,10,0.2777777777777778,36,1.0,0.2,-0.8
35adee09-25f9-4d36-8b44-61fbc0936f05,15,0.4166666666666667,36,0.2,0.9523809523809523,0.7523809523809524
35d5506f-e054-4c5a-878c-82815b2be366,4,0.18181818181818182,22,1.0,0.15384615384615385,-0.8461538461538461
35d5506f-e054-4c5a-878c-82815b2be366,17,0.7727272727272727,22,0.15384615384615385,0.6,0.4461538461538461
35d60097-9d03-4264-9a20-7e034264dbf6,29,0.58,50,0.9310344827586207,0.3,-0.6310344827586207
35d60097-9d03-4264-9a20-7e034264dbf6,39,0.78,50,0.3,0.8181818181818182,0.5181818181818183
35e77972-8c3d-4e9f-b40c-7c1172f98aa9,11,0.3055555555555556,36,0.7272727272727273,0.0,-0.7272727272727273
35e77972-8c3d-4e9f-b40c-7c1172f98aa9,14,0.3888888888888889,36,0.0,0.8571428571428571,0.8571428571428571
35e77972-8c3d-4e9f-b40c-7c1172f98aa9,21,0.5833333333333334,36,0.8571428571428571,0.08333333333333333,-0.7738095238095237
35e77972-8c3d-4e9f-b40c-7c1172f98aa9,33,0.9166666666666666,36,0.08333333333333333,0.6666666666666666,0.5833333333333333
35e8652a-f69c-4823-89b7-4a33ff97dd9b,28,0.56,50,0.9642857142857143,0.5,-0.4642857142857143
35ee648f-1fab-4d7c-a293-50b16af5a86d,12,0.6666666666666666,18,1.0,0.3333333333333333,-0.6666666666666667
35efdf8f-b8fb-41e2-bf94-ca4ce08aefd5,16,0.4,40,1.0,0.5833333333333334,-0.41666666666666663
36012323-6e43-4652-b230-325dbea1e96d,15,0.4166666666666667,36,0.9333333333333333,0.125,-0.8083333333333333
36012323-6e43-4652-b230-325dbea1e96d,23,0.6388888888888888,36,0.125,0.9230769230769231,0.7980769230769231
362bb25a-4b2b-4ec3-a802-7adcc372521c,33,0.825,40,0.06060606060606061,0.5714285714285714,0.5108225108225108
364349aa-5cbf-4f90-aca2-70d98ccddc0b,9,0.4090909090909091,22,0.7777777777777778,0.2222222222222222,-0.5555555555555556
364349aa-5cbf-4f90-aca2-70d98ccddc0b,18,0.8181818181818182,22,0.2222222222222222,0.75,0.5277777777777778
3679d261-5047-4010-b3c3-81d1acd14eeb,23,0.5476190476190477,42,1.0,0.47368421052631576,-0.5263157894736843
367b4d1d-0bf6-4418-ab69-747f6785ac15,4,0.08888888888888889,45,1.0,0.25,-0.75
367b4d1d-0bf6-4418-ab69-747f6785ac15,8,0.17777777777777778,45,0.25,0.8648648648648649,0.6148648648648649
367c738c-f961-4951-9a24-23bd1f941d60,24,0.5333333333333333,45,0.875,0.0,-0.875
367c738c-f961-4951-9a24-23bd1f941d60,27,0.6,45,0.0,0.6111111111111112,0.6111111111111112
36888fc4-5d54-4608-8504-03f8802daedf,32,0.8,40,0.84375,0.5,-0.34375
368f7818-7106-48e0-a6e4-5ebc382c7d10,11,0.4583333333333333,24,0.9090909090909091,0.23076923076923078,-0.6783216783216783
36c42eb4-5e42-4ff6-98ff-208c58b3ef77,20,0.43478260869565216,46,0.85,0.34782608695652173,-0.5021739130434782
36c42eb4-5e42-4ff6-98ff-208c58b3ef77,43,0.9347826086956522,46,0.34782608695652173,1.0,0.6521739130434783
36ce6a96-64aa-4f7f-8fe9-366a4d3cae96,7,0.4117647058823529,17,0.2857142857142857,0.7,0.41428571428571426
36feceb9-a8a7-4ddb-b641-620fd6bd4291,6,0.14285714285714285,42,1.0,0.25,-0.75
36feceb9-a8a7-4ddb-b641-620fd6bd4291,10,0.23809523809523808,42,0.25,0.8888888888888888,0.6388888888888888
36feceb9-a8a7-4ddb-b641-620fd6bd4291,19,0.4523809523809524,42,0.8888888888888888,0.25,-0.6388888888888888
36feceb9-a8a7-4ddb-b641-620fd6bd4291,27,0.6428571428571429,42,0.25,1.0,0.75
36feceb9-a8a7-4ddb-b641-620fd6bd4291,30,0.7142857142857143,42,1.0,0.25,-0.75
371f07ae-8c87-43d3-8d3f-909adb9227ef,31,0.8611111111111112,36,0.967741935483871,0.2,-0.767741935483871
371f126e-2b80-4d29-8d07-a392ba59100e,25,0.5,50,0.8,0.0,-0.8
371f126e-2b80-4d29-8d07-a392ba59100e,29,0.58,50,0.0,0.5238095238095238,0.5238095238095238
371f74ab-0dbb-4a3c-b3bc-14cb345ab3a7,25,0.5,50,0.52,0.2,-0.32
3720d735-9c02-4181-b05a-dd7bca637576,6,0.3333333333333333,18,0.8333333333333334,0.0,-0.8333333333333334
372145c8-b3e2-4746-9009-e2c124bca175,20,0.5,40,0.85,0.0,-0.85
372145c8-b3e2-4746-9009-e2c124bca175,23,0.575,40,0.0,0.7058823529411765,0.7058823529411765
37264f5d-49be-4cd5-8790-cc10d632c0c3,6,0.16666666666666666,36,1.0,0.2857142857142857,-0.7142857142857143
37264f5d-49be-4cd5-8790-cc10d632c0c3,13,0.3611111111111111,36,0.2857142857142857,0.8333333333333334,0.5476190476190477
37264f5d-49be-4cd5-8790-cc10d632c0c3,25,0.6944444444444444,36,0.8333333333333334,0.125,-0.7083333333333334
37264f5d-49be-4cd5-8790-cc10d632c0c3,33,0.9166666666666666,36,0.125,1.0,0.875
372915bc-6e9d-482c-8e96-6993818f4082,8,0.4444444444444444,18,0.125,0.7,0.575
373701db-a221-476d-b0db-ff5b37a2c93c,9,0.25,36,1.0,0.25,-0.75
373701db-a221-476d-b0db-ff5b37a2c93c,13,0.3611111111111111,36,0.25,0.8695652173913043,0.6195652173913043
374c8fd6-6300-407d-9087-98655cd9fc38,5,0.13157894736842105,38,0.8,0.05555555555555555,-0.7444444444444445
374c8fd6-6300-407d-9087-98655cd9fc38,23,0.6052631578947368,38,0.05555555555555555,0.75,0.6944444444444444
374c8fd6-6300-407d-9087-98655cd9fc38,27,0.7105263157894737,38,0.75,0.18181818181818182,-0.5681818181818181
37661468-840e-4285-b89b-ec668ae3ab74,13,0.5909090909090909,22,0.9230769230769231,0.3333333333333333,-0.5897435897435899
376b1f69-5964-47fb-aa00-a41f2b3afda8,4,0.10526315789473684,38,1.0,0.14814814814814814,-0.8518518518518519
376b1f69-5964-47fb-aa00-a41f2b3afda8,31,0.8157894736842105,38,0.14814814814814814,0.7142857142857143,0.5661375661375662
378ecbc4-1868-4011-a823-d6f76aa7a8f8,3,0.06818181818181818,44,1.0,0.375,-0.625
378ecbc4-1868-4011-a823-d6f76aa7a8f8,11,0.25,44,0.375,0.0,-0.375
37948227-7c81-4629-b20e-fc7f16579c51,4,0.14285714285714285,28,0.25,1.0,0.75
37948227-7c81-4629-b20e-fc7f16579c51,7,0.25,28,1.0,0.047619047619047616,-0.9523809523809523
37ed65f4-cedd-47e1-a376-c2fa8e1dcbbb,10,0.21739130434782608,46,0.1,0.4722222222222222,0.37222222222222223
37f0012c-08b3-4708-b8e0-20abcf852a84,16,0.4444444444444444,36,0.9375,0.5384615384615384,-0.39903846153846156
37f0012c-08b3-4708-b8e0-20abcf852a84,29,0.8055555555555556,36,0.5384615384615384,1.0,0.46153846153846156
37fb8a65-3cbc-43a7-8b56-42cc5a924669,11,0.2619047619047619,42,0.7272727272727273,0.2903225806451613,-0.436950146627566
37ff569e-6eff-41e2-aab1-467f18222402,14,0.8235294117647058,17,0.8571428571428571,0.3333333333333333,-0.5238095238095237
38018ea7-00b5-4ee3-927e-a93ae25c724a,9,0.4090909090909091,22,0.8888888888888888,0.23076923076923078,-0.658119658119658
380aa296-6e24-49ab-912f-d84e74c314f0,12,0.24,50,0.6666666666666666,0.11428571428571428,-0.5523809523809523
380aa296-6e24-49ab-912f-d84e74c314f0,47,0.94,50,0.11428571428571428,0.6666666666666666,0.5523809523809523
380ebd77-e30b-4298-97e2-3588a652aa82,15,0.3333333333333333,45,0.6,0.16666666666666666,-0.43333333333333335
380ebd77-e30b-4298-97e2-3588a652aa82,21,0.4666666666666667,45,0.16666666666666666,1.0,0.8333333333333334
380ebd77-e30b-4298-97e2-3588a652aa82,26,0.5777777777777777,45,1.0,0.16666666666666666,-0.8333333333333334
380ebd77-e30b-4298-97e2-3588a652aa82,32,0.7111111111111111,45,0.16666666666666666,0.9,0.7333333333333334
380ebd77-e30b-4298-97e2-3588a652aa82,42,0.9333333333333333,45,0.9,0.3333333333333333,-0.5666666666666667
3814565b-917d-46ac-aeac-14c90eb9b50b,3,0.07142857142857142,42,1.0,0.28205128205128205,-0.717948717948718
3816aaca-69c5-41c0-832c-26be14499ca8,5,0.22727272727272727,22,1.0,0.2,-0.8
3816aaca-69c5-41c0-832c-26be14499ca8,10,0.45454545454545453,22,0.2,0.8888888888888888,0.6888888888888889
3816aaca-69c5-41c0-832c-26be14499ca8,19,0.8636363636363636,22,0.8888888888888888,0.3333333333333333,-0.5555555555555556
38183e02-c892-4d1c-bb4c-28ffded1dd49,20,0.4,50,0.85,0.2,-0.6499999999999999
38183e02-c892-4d1c-bb4c-28ffded1dd49,25,0.5,50,0.2,0.68,0.48000000000000004
382c9788-c02e-4054-b5d0-e18a55b9b8f3,3,0.17647058823529413,17,1.0,0.3333333333333333,-0.6666666666666667
382c9788-c02e-4054-b5d0-e18a55b9b8f3,6,0.35294117647058826,17,0.3333333333333333,1.0,0.6666666666666667
382f1ed4-30bd-49d7-8d77-93296df2da54,36,0.9,40,1.0,0.5,-0.5
38304a91-a40e-4d05-a7ef-1cd2a4afe146,31,0.8611111111111112,36,0.9032258064516129,0.4,-0.5032258064516129
38425ef4-4b5a-4fc0-a7ea-ae7147083bd2,38,0.8260869565217391,46,0.8421052631578947,0.5,-0.3421052631578947
384606b5-908f-4a1c-8e6b-400f5ef7223a,6,0.35294117647058826,17,0.5,0.0,-0.5
384606b5-908f-4a1c-8e6b-400f5ef7223a,10,0.5882352941176471,17,0.0,1.0,1.0
384606b5-908f-4a1c-8e6b-400f5ef7223a,14,0.8235294117647058,17,1.0,0.0,-1.0
3846aa5f-d0e7-4e0f-82a0-e317aa7084f8,17,0.7083333333333334,24,0.8235294117647058,0.2857142857142857,-0.5378151260504201
3851e41c-c49e-4a77-8356-3da5fb8657ce,22,0.4782608695652174,46,0.9545454545454546,0.14285714285714285,-0.8116883116883118
3851e41c-c49e-4a77-8356-3da5fb8657ce,29,0.6304347826086957,46,0.14285714285714285,0.9,0.7571428571428571
3851e41c-c49e-4a77-8356-3da5fb8657ce,39,0.8478260869565217,46,0.9,0.42857142857142855,-0.4714285714285715
38683a53-96f7-4a82-8fb0-115c272ae9dd,34,0.85,40,0.14705882352941177,0.8333333333333334,0.6862745098039216
388866bb-6862-40f1-8368-97c6c7cb1e2f,6,0.3333333333333333,18,0.3333333333333333,0.8333333333333334,0.5
389eab54-47d6-463a-9b20-199c689fc749,28,0.6363636363636364,44,0.8928571428571429,0.2857142857142857,-0.6071428571428572
389eab54-47d6-463a-9b20-199c689fc749,35,0.7954545454545454,44,0.2857142857142857,1.0,0.7142857142857143
389eab54-47d6-463a-9b20-199c689fc749,41,0.9318181818181818,44,1.0,0.0,-1.0
38a1254b-eba4-4fd5-b042-2408b2d2b029,4,0.08,50,1.0,0.0,-1.0
38a1254b-eba4-4fd5-b042-2408b2d2b029,9,0.18,50,0.0,0.5294117647058824,0.5294117647058824
38a1254b-eba4-4fd5-b042-2408b2d2b029,26,0.52,50,0.5294117647058824,0.0,-0.5294117647058824
38a1254b-eba4-4fd5-b042-2408b2d2b029,30,0.6,50,0.0,1.0,1.0
38a1254b-eba4-4fd5-b042-2408b2d2b029,33,0.66,50,1.0,0.0,-1.0
38a1254b-eba4-4fd5-b042-2408b2d2b029,37,0.74,50,0.0,1.0,1.0
38a1254b-eba4-4fd5-b042-2408b2d2b029,40,0.8,50,1.0,0.1,-0.9
38afa31a-2413-46d7-97be-6d6ecd785f58,11,0.3793103448275862,29,1.0,0.6363636363636364,-0.36363636363636365
38afa31a-2413-46d7-97be-6d6ecd785f58,22,0.7586206896551724,29,0.6363636363636364,0.0,-0.6363636363636364
38afa31a-2413-46d7-97be-6d6ecd785f58,25,0.8620689655172413,29,0.0,1.0,1.0
38bced3c-8bf8-40f0-9465-8950fddcedfe,9,0.18,50,0.4444444444444444,1.0,0.5555555555555556
38bced3c-8bf8-40f0-9465-8950fddcedfe,13,0.26,50,1.0,0.0,-1.0
38bced3c-8bf8-40f0-9465-8950fddcedfe,17,0.34,50,0.0,0.75,0.75
38bced3c-8bf8-40f0-9465-8950fddcedfe,25,0.5,50,0.75,0.23529411764705882,-0.5147058823529411
38bced3c-8bf8-40f0-9465-8950fddcedfe,42,0.84,50,0.23529411764705882,0.625,0.3897058823529412
38e7ba26-407c-4759-a6d8-9c40355ad1ca,42,0.9333333333333333,45,1.0,0.3333333333333333,-0.6666666666666667
38e8254f-e14f-4eb5-b5ee-6cc8f24ee4ac,24,0.6,40,0.9166666666666666,0.25,-0.6666666666666666
38e8254f-e14f-4eb5-b5ee-6cc8f24ee4ac,28,0.7,40,0.25,0.8333333333333334,0.5833333333333334
38f83a78-ce54-4d0b-bd70-b81a4e52227d,3,0.16666666666666666,18,0.6666666666666666,0.13333333333333333,-0.5333333333333333
38f8468e-d556-4962-ac45-a6c873bd0fce,19,0.475,40,1.0,0.4,-0.6
38f8468e-d556-4962-ac45-a6c873bd0fce,24,0.6,40,0.4,0.8888888888888888,0.4888888888888888
38f8468e-d556-4962-ac45-a6c873bd0fce,33,0.825,40,0.8888888888888888,0.0,-0.8888888888888888
38f8468e-d556-4962-ac45-a6c873bd0fce,37,0.925,40,0.0,0.6666666666666666,0.6666666666666666
39028e64-a729-4206-acf8-4c054cd5dbb2,34,0.85,40,0.9117647058823529,0.5,-0.4117647058823529
39056f18-d826-47b8-bef3-985ffbe6eee3,18,0.45,40,0.9444444444444444,0.0,-0.9444444444444444
39056f18-d826-47b8-bef3-985ffbe6eee3,21,0.525,40,0.0,0.6842105263157895,0.6842105263157895
393563ca-0fb8-4e82-ad3c-c2086c7d311e,11,0.275,40,0.5454545454545454,0.06666666666666667,-0.47878787878787876
393563ca-0fb8-4e82-ad3c-c2086c7d311e,26,0.65,40,0.06666666666666667,0.8,0.7333333333333334
393563ca-0fb8-4e82-ad3c-c2086c7d311e,31,0.775,40,0.8,0.2222222222222222,-0.5777777777777778
39388d83-84a8-4744-8490-4259b65c8905,16,0.42105263157894735,38,0.75,0.0,-0.75
39388d83-84a8-4744-8490-4259b65c8905,19,0.5,38,0.0,0.631578947368421,0.631578947368421
396e9575-9e46-4b0d-9219-8ba24c0a0536,9,0.25,36,0.1111111111111111,0.75,0.6388888888888888
396e9575-9e46-4b0d-9219-8ba24c0a0536,13,0.3611111111111111,36,0.75,0.0,-0.75
396e9575-9e46-4b0d-9219-8ba24c0a0536,19,0.5277777777777778,36,0.0,0.6470588235294118,0.6470588235294118
397886ca-8401-4855-86e4-7f65096eebaa,9,0.391304347826087,23,1.0,0.3333333333333333,-0.6666666666666667
397886ca-8401-4855-86e4-7f65096eebaa,15,0.6521739130434783,23,0.3333333333333333,1.0,0.6666666666666667
397886ca-8401-4855-86e4-7f65096eebaa,18,0.782608695652174,23,1.0,0.2,-0.8
397ed1c9-a611-42d1-8bdb-3e085cdda7f8,20,0.4444444444444444,45,0.55,0.84,0.2899999999999999
39a084cf-5637-4282-8378-3489552b3d89,9,0.25,36,0.8888888888888888,0.09090909090909091,-0.7979797979797979
39a084cf-5637-4282-8378-3489552b3d89,20,0.5555555555555556,36,0.09090909090909091,1.0,0.9090909090909091
39a084cf-5637-4282-8378-3489552b3d89,24,0.6666666666666666,36,1.0,0.3333333333333333,-0.6666666666666667
39ac8ed7-d7eb-4c4a-9e54-56095aada54b,13,0.3611111111111111,36,0.6153846153846154,0.0,-0.6153846153846154
39ac8ed7-d7eb-4c4a-9e54-56095aada54b,21,0.5833333333333334,36,0.0,1.0,1.0
39ac8ed7-d7eb-4c4a-9e54-56095aada54b,25,0.6944444444444444,36,1.0,0.0,-1.0
39ac8ed7-d7eb-4c4a-9e54-56095aada54b,30,0.8333333333333334,36,0.0,0.8333333333333334,0.8333333333333334
39b4b9b2-8a46-471c-ae63-2a8252d89170,10,0.3448275862068966,29,0.9,0.2,-0.7
39b4b9b2-8a46-471c-ae63-2a8252d89170,15,0.5172413793103449,29,0.2,1.0,0.8
39b4b9b2-8a46-471c-ae63-2a8252d89170,26,0.896551724137931,29,1.0,0.0,-1.0
39bb36aa-ddbb-44c2-93d9-8d7399373a70,5,0.22727272727272727,22,1.0,0.16666666666666666,-0.8333333333333334
39bb36aa-ddbb-44c2-93d9-8d7399373a70,11,0.5,22,0.16666666666666666,0.8181818181818182,0.6515151515151516
39d19800-347b-49dc-8e3a-bd384398e946,5,0.13157894736842105,38,1.0,0.4444444444444444,-0.5555555555555556
39d19800-347b-49dc-8e3a-bd384398e946,14,0.3684210526315789,38,0.4444444444444444,1.0,0.5555555555555556
39d19800-347b-49dc-8e3a-bd384398e946,19,0.5,38,1.0,0.25,-0.75
39d19800-347b-49dc-8e3a-bd384398e946,23,0.6052631578947368,38,0.25,1.0,0.75
3a3f5421-fb4a-4912-98d3-204af2dc82b6,30,0.75,40,0.8333333333333334,0.0,-0.8333333333333334
3a3f5421-fb4a-4912-98d3-204af2dc82b6,34,0.85,40,0.0,0.6666666666666666,0.6666666666666666
3a480658-88b2-467e-831a-f225027fe41e,10,0.43478260869565216,23,1.0,0.3076923076923077,-0.6923076923076923
3a53bb09-167c-4dc9-bb6a-5ec0613ec674,5,0.21739130434782608,23,1.0,0.5,-0.5
3a74e192-8d16-4b75-8bc3-d1d60e583482,9,0.25,36,0.8888888888888888,0.0,-0.8888888888888888
3a74e192-8d16-4b75-8bc3-d1d60e583482,13,0.3611111111111111,36,0.0,0.6923076923076923,0.6923076923076923
3a74e192-8d16-4b75-8bc3-d1d60e583482,26,0.7222222222222222,36,0.6923076923076923,0.2,-0.4923076923076923
3aab02d0-bceb-42fd-ad63-57682ea84f2c,7,0.14,50,0.2857142857142857,0.6511627906976745,0.36544850498338877
3ac448dd-d697-46a0-b894-3cb702d344c3,30,0.75,40,0.7666666666666667,0.2857142857142857,-0.480952380952381
3ac448dd-d697-46a0-b894-3cb702d344c3,37,0.925,40,0.2857142857142857,1.0,0.7142857142857143
3ac9e2bc-9b1b-4d0b-8c01-8379bd581e7c,14,0.5,28,1.0,0.0,-1.0
3ac9e2bc-9b1b-4d0b-8c01-8379bd581e7c,19,0.6785714285714286,28,0.0,0.6666666666666666,0.6666666666666666
3acd13a6-5200-4391-bd7a-25fe6ab9f00e,5,0.22727272727272727,22,0.0,1.0,1.0
3acd13a6-5200-4391-bd7a-25fe6ab9f00e,8,0.36363636363636365,22,1.0,0.35714285714285715,-0.6428571428571428
3ace91a1-94f4-4be5-b37d-0e21b13e35d6,9,0.1956521739130435,46,0.1111111111111111,1.0,0.8888888888888888
3ace91a1-94f4-4be5-b37d-0e21b13e35d6,12,0.2608695652173913,46,1.0,0.2857142857142857,-0.7142857142857143
3ace91a1-94f4-4be5-b37d-0e21b13e35d6,19,0.41304347826086957,46,0.2857142857142857,1.0,0.7142857142857143
3ace91a1-94f4-4be5-b37d-0e21b13e35d6,23,0.5,46,1.0,0.2,-0.8
3ace91a1-94f4-4be5-b37d-0e21b13e35d6,43,0.9347826086956522,46,0.2,1.0,0.8
3ad17a18-a6ed-454c-9d7a-16a1e2f90dee,17,0.7083333333333334,24,1.0,0.5714285714285714,-0.4285714285714286
3adb8d92-2151-4dc3-b7cd-05eeb1433585,13,0.7222222222222222,18,1.0,0.4,-0.6
3ae24a4b-3caa-495d-a9d1-38852d05eebd,12,0.5217391304347826,23,0.8333333333333334,0.0,-0.8333333333333334
3ae24a4b-3caa-495d-a9d1-38852d05eebd,16,0.6956521739130435,23,0.0,0.8571428571428571,0.8571428571428571
3b01fb52-42d0-49c7-8f26-14649ba61bb3,35,0.7608695652173914,46,0.8,0.14285714285714285,-0.6571428571428573
3b01fb52-42d0-49c7-8f26-14649ba61bb3,42,0.9130434782608695,46,0.14285714285714285,1.0,0.8571428571428572
3b05f2e8-081d-453d-8308-85e5f9660b63,12,0.25,48,0.8333333333333334,0.125,-0.7083333333333334
3b05f2e8-081d-453d-8308-85e5f9660b63,28,0.5833333333333334,48,0.125,1.0,0.875
3b05f2e8-081d-453d-8308-85e5f9660b63,35,0.7291666666666666,48,1.0,0.25,-0.75
3b05f2e8-081d-453d-8308-85e5f9660b63,39,0.8125,48,0.25,1.0,0.75
3b14eb9b-40e4-453f-bc21-0665a0ef7a99,3,0.10344827586206896,29,1.0,0.2,-0.8
3b14eb9b-40e4-453f-bc21-0665a0ef7a99,8,0.27586206896551724,29,0.2,0.8571428571428571,0.657142857142857
3b14eb9b-40e4-453f-bc21-0665a0ef7a99,15,0.5172413793103449,29,0.8571428571428571,0.2857142857142857,-0.5714285714285714
3b190759-0b64-4bc4-95a2-c324f05c12cb,19,0.7916666666666666,24,0.9473684210526315,0.4,-0.5473684210526315
3b1977db-f011-4a1c-9356-d30bdb37fe13,25,0.625,40,1.0,0.4444444444444444,-0.5555555555555556
3b1977db-f011-4a1c-9356-d30bdb37fe13,34,0.85,40,0.4444444444444444,1.0,0.5555555555555556
3b20c15a-3d30-4bfb-a007-9973f969b2fc,38,0.7916666666666666,48,0.7894736842105263,0.16666666666666666,-0.6228070175438597
3b20c15a-3d30-4bfb-a007-9973f969b2fc,44,0.9166666666666666,48,0.16666666666666666,1.0,0.8333333333333334
3b295454-2f5b-402d-a900-67af4d51087a,26,0.6190476190476191,42,0.7692307692307693,0.4375,-0.3317307692307693
3b356350-e745-4bf5-89a1-482795e8a840,5,0.20833333333333334,24,0.6,0.0,-0.6
3b356350-e745-4bf5-89a1-482795e8a840,9,0.375,24,0.0,1.0,1.0
3b356350-e745-4bf5-89a1-482795e8a840,15,0.625,24,1.0,0.1111111111111111,-0.8888888888888888
3b3692a1-3f88-480c-8486-d732b82fe427,31,0.62,50,0.7096774193548387,0.0,-0.7096774193548387
3b3692a1-3f88-480c-8486-d732b82fe427,39,0.78,50,0.0,1.0,1.0
3b3692a1-3f88-480c-8486-d732b82fe427,45,0.9,50,1.0,0.2,-0.8
3b384e92-b690-432c-a80d-973c5bca3571,6,0.25,24,0.8333333333333334,0.2857142857142857,-0.5476190476190477
3b384e92-b690-432c-a80d-973c5bca3571,13,0.5416666666666666,24,0.2857142857142857,1.0,0.7142857142857143
3b384e92-b690-432c-a80d-973c5bca3571,17,0.7083333333333334,24,1.0,0.0,-1.0
3b384e92-b690-432c-a80d-973c5bca3571,20,0.8333333333333334,24,0.0,1.0,1.0
3b44c4ad-a98d-4f2c-a141-8dea47fb7e7f,8,0.47058823529411764,17,1.0,0.3333333333333333,-0.6666666666666667
3b44c4ad-a98d-4f2c-a141-8dea47fb7e7f,11,0.6470588235294118,17,0.3333333333333333,1.0,0.6666666666666667
3b4e1c2d-b516-440a-bf60-5ad3cf20f2e7,3,0.17647058823529413,17,0.3333333333333333,0.8571428571428571,0.5238095238095237
3b62783e-936d-4067-9c06-d25aff183923,15,0.3333333333333333,45,0.0,0.8,0.8
3b784a32-1034-4f47-a59f-e2d58b90c2bf,15,0.5172413793103449,29,0.6666666666666666,0.21428571428571427,-0.45238095238095233
3b8a453d-3501-42f7-8aae-41c8de112ab2,9,0.2,45,1.0,0.3055555555555556,-0.6944444444444444
3b8bf648-cca4-430a-b8b8-5c272e08e5c6,30,0.6666666666666666,45,0.26666666666666666,0.8,0.5333333333333334
3b8bf648-cca4-430a-b8b8-5c272e08e5c6,35,0.7777777777777778,45,0.8,0.1,-0.7000000000000001
3b987c45-bac9-42fe-b257-9a1f2ce0e60e,24,0.8275862068965517,29,0.9166666666666666,0.4,-0.5166666666666666
3b9adf10-7dc9-4689-acf2-288b5ebb0e5e,23,0.5111111111111111,45,0.8260869565217391,0.3333333333333333,-0.4927536231884058
3b9adf10-7dc9-4689-acf2-288b5ebb0e5e,32,0.7111111111111111,45,0.3333333333333333,1.0,0.6666666666666667
3b9adf10-7dc9-4689-acf2-288b5ebb0e5e,37,0.8222222222222222,45,1.0,0.25,-0.75
3bcb3c3e-e68f-44ee-bfe2-f9ed4679147a,13,0.4482758620689655,29,0.9230769230769231,0.1875,-0.7355769230769231
3bcb5715-752d-4e8a-9dc2-5f21c19ca6c9,18,0.43902439024390244,41,0.9444444444444444,0.2222222222222222,-0.7222222222222222
3bcb5715-752d-4e8a-9dc2-5f21c19ca6c9,27,0.6585365853658537,41,0.2222222222222222,0.7142857142857143,0.4920634920634921
3bd2873d-c6fe-4688-b025-9e2d97184799,5,0.125,40,0.4,1.0,0.6
3bd2873d-c6fe-4688-b025-9e2d97184799,12,0.3,40,1.0,0.0,-1.0
3bd2873d-c6fe-4688-b025-9e2d97184799,15,0.375,40,0.0,0.8,0.8
3bd2873d-c6fe-4688-b025-9e2d97184799,30,0.75,40,0.8,0.0,-0.8
3bd2873d-c6fe-4688-b025-9e2d97184799,33,0.825,40,0.0,0.7142857142857143,0.7142857142857143
3c030d20-5fb7-421f-8421-a8d84a8fad3f,13,0.2826086956521739,46,0.6923076923076923,0.36363636363636365,-0.32867132867132864
3c071eb8-a616-4e9c-9a92-357d579ba053,12,0.5217391304347826,23,1.0,0.625,-0.375
3c071eb8-a616-4e9c-9a92-357d579ba053,20,0.8695652173913043,23,0.625,0.0,-0.625
3c1f4c44-1719-4bf8-aa45-f48b6ba6b795,3,0.16666666666666666,18,0.3333333333333333,1.0,0.6666666666666667
3c1f4c44-1719-4bf8-aa45-f48b6ba6b795,7,0.3888888888888889,18,1.0,0.0,-1.0
3c3b4d7c-3dcf-40c6-81ff-fa97d1e52ed1,38,0.926829268292683,41,0.8947368421052632,0.3333333333333333,-0.5614035087719298
3c414444-a3a7-46a5-8495-ca72ab651f28,26,0.65,40,0.9230769230769231,0.5,-0.42307692307692313
3c41c5b5-ea49-4a7f-a9e4-c897ef0cd1d0,10,0.2222222222222222,45,0.9,0.2857142857142857,-0.6142857142857143
3c41c5b5-ea49-4a7f-a9e4-c897ef0cd1d0,17,0.37777777777777777,45,0.2857142857142857,0.9642857142857143,0.6785714285714286
3c51bd3a-9434-4f14-89c5-33fda1d7782a,23,0.575,40,0.5652173913043478,0.11764705882352941,-0.44757033248081834
3c53b2e5-30bd-44dc-a3f8-6fbda5f02ec9,15,0.3,50,1.0,0.4666666666666667,-0.5333333333333333
3c53b2e5-30bd-44dc-a3f8-6fbda5f02ec9,30,0.6,50,0.4666666666666667,0.8,0.33333333333333337
3c540c95-c5a3-4aab-ac42-6ec7b0eb2a42,13,0.7222222222222222,18,0.9230769230769231,0.4,-0.5230769230769231
3c5b3a33-573b-4b60-b101-343d909920da,7,0.175,40,1.0,0.6060606060606061,-0.3939393939393939
3c8bf980-d415-4526-a2c4-08634cd95382,3,0.08333333333333333,36,0.6666666666666666,0.0,-0.6666666666666666
3c8bf980-d415-4526-a2c4-08634cd95382,9,0.25,36,0.0,0.625,0.625
3c8bf980-d415-4526-a2c4-08634cd95382,17,0.4722222222222222,36,0.625,0.0,-0.625
3c8bf980-d415-4526-a2c4-08634cd95382,24,0.6666666666666666,36,0.0,1.0,1.0
3c8bf980-d415-4526-a2c4-08634cd95382,29,0.8055555555555556,36,1.0,0.2857142857142857,-0.7142857142857143
3c9ee748-13ea-4baf-aecb-3a5539deafca,38,0.9047619047619048,42,0.8947368421052632,0.25,-0.6447368421052632
3cb93791-c9aa-46bb-b757-d81db414958e,33,0.66,50,0.9090909090909091,0.5833333333333334,-0.3257575757575757
3cb93791-c9aa-46bb-b757-d81db414958e,45,0.9,50,0.5833333333333334,0.0,-0.5833333333333334
3cc7447c-c7b9-4289-af45-5b5b1efc34b3,32,0.64,50,0.8125,0.0,-0.8125
3cc7447c-c7b9-4289-af45-5b5b1efc34b3,36,0.72,50,0.0,0.9285714285714286,0.9285714285714286
3cd884ca-d7e1-46cd-afb8-6d4a99bafab6,15,0.3333333333333333,45,1.0,0.5,-0.5
3cd884ca-d7e1-46cd-afb8-6d4a99bafab6,29,0.6444444444444445,45,0.5,0.0,-0.5
3cd884ca-d7e1-46cd-afb8-6d4a99bafab6,33,0.7333333333333333,45,0.0,1.0,1.0
3cd884ca-d7e1-46cd-afb8-6d4a99bafab6,36,0.8,45,1.0,0.0,-1.0
3cfaab5d-4011-4cf5-86a5-b49e147b7fa5,33,0.825,40,0.7878787878787878,0.0,-0.7878787878787878
3cfaab5d-4011-4cf5-86a5-b49e147b7fa5,36,0.9,40,0.0,1.0,1.0
3d05c5a8-4004-4063-9689-b9159aca80f2,34,0.8095238095238095,42,1.0,0.25,-0.75
3d26800d-d6d3-4d30-938e-aa2c1091b8d4,10,0.2,50,0.9,0.0,-0.9
3d26800d-d6d3-4d30-938e-aa2c1091b8d4,15,0.3,50,0.0,1.0,1.0
3d26800d-d6d3-4d30-938e-aa2c1091b8d4,18,0.36,50,1.0,0.28125,-0.71875
3d30c9c8-ad49-4109-a8fa-9ec559581cdb,34,0.8947368421052632,38,0.9117647058823529,0.25,-0.6617647058823529
3d476be9-27fb-4d5c-8b1f-a482346c201a,3,0.06666666666666667,45,1.0,0.42857142857142855,-0.5714285714285714
3d476be9-27fb-4d5c-8b1f-a482346c201a,24,0.5333333333333333,45,0.42857142857142855,1.0,0.5714285714285714
3d476be9-27fb-4d5c-8b1f-a482346c201a,29,0.6444444444444445,45,1.0,0.0,-1.0
3d476be9-27fb-4d5c-8b1f-a482346c201a,32,0.7111111111111111,45,0.0,1.0,1.0
3d476be9-27fb-4d5c-8b1f-a482346c201a,35,0.7777777777777778,45,1.0,0.4,-0.6
3d70ffda-8132-45f5-aa3c-24bc60332de0,4,0.08695652173913043,46,0.25,1.0,0.75
3d70ffda-8132-45f5-aa3c-24bc60332de0,8,0.17391304347826086,46,1.0,0.2222222222222222,-0.7777777777777778
3d70ffda-8132-45f5-aa3c-24bc60332de0,26,0.5652173913043478,46,0.2222222222222222,1.0,0.7777777777777778
3d70ffda-8132-45f5-aa3c-24bc60332de0,39,0.8478260869565217,46,1.0,0.14285714285714285,-0.8571428571428572
3d8b9d94-8933-41da-9278-942fa506cbf6,25,0.625,40,0.96,0.375,-0.585
3d8b9d94-8933-41da-9278-942fa506cbf6,33,0.825,40,0.375,1.0,0.625
3d8d09f6-6412-46d5-9362-687d82c603d5,19,0.4523809523809524,42,0.7368421052631579,0.0,-0.7368421052631579
3d8d09f6-6412-46d5-9362-687d82c603d5,23,0.5476190476190477,42,0.0,1.0,1.0
3d8d09f6-6412-46d5-9362-687d82c603d5,26,0.6190476190476191,42,1.0,0.25,-0.75
3d9376f3-2196-4c97-b395-ff35ad33def8,3,0.06,50,1.0,0.13793103448275862,-0.8620689655172413
3d9376f3-2196-4c97-b395-ff35ad33def8,32,0.64,50,0.13793103448275862,1.0,0.8620689655172413
3d9376f3-2196-4c97-b395-ff35ad33def8,36,0.72,50,1.0,0.2,-0.8
3d9376f3-2196-4c97-b395-ff35ad33def8,46,0.92,50,0.2,0.75,0.55
3d97fb28-fa52-46e0-8eee-80902f4d5a50,20,0.5555555555555556,36,0.2,0.9166666666666666,0.7166666666666666
3d97fb28-fa52-46e0-8eee-80902f4d5a50,32,0.8888888888888888,36,0.9166666666666666,0.25,-0.6666666666666666
3d99a376-64a7-46a8-abb0-5687f90d7884,27,0.54,50,0.9629629629629629,0.0,-0.9629629629629629
3d99a376-64a7-46a8-abb0-5687f90d7884,30,0.6,50,0.0,1.0,1.0
3d99a376-64a7-46a8-abb0-5687f90d7884,34,0.68,50,1.0,0.0,-1.0
3d99a376-64a7-46a8-abb0-5687f90d7884,37,0.74,50,0.0,0.6923076923076923,0.6923076923076923
3da20612-7c10-47b3-a29c-a6f84ecc7b42,4,0.1,40,0.25,1.0,0.75
3da20612-7c10-47b3-a29c-a6f84ecc7b42,9,0.225,40,1.0,0.3225806451612903,-0.6774193548387097
3daa9cb1-9ea5-4fab-a4ed-f4abc7e27654,15,0.5172413793103449,29,0.13333333333333333,1.0,0.8666666666666667
3daa9cb1-9ea5-4fab-a4ed-f4abc7e27654,19,0.6551724137931034,29,1.0,0.1,-0.9
3dbfa5fc-a551-4dcc-bb79-2cdb88cb9653,4,0.23529411764705882,17,0.5,1.0,0.5
3dcba1da-5f83-4592-914c-ebdc04e8b3e2,25,0.5,50,0.8,0.0,-0.8
3dcba1da-5f83-4592-914c-ebdc04e8b3e2,31,0.62,50,0.0,0.47368421052631576,0.47368421052631576
3dd59c39-f857-433f-889e-35992cca9ad4,20,0.6896551724137931,29,0.9,0.1111111111111111,-0.788888888888889
3dedc9f4-50c8-4dbd-8f02-28d153c4b5b7,18,0.5,36,1.0,0.3333333333333333,-0.6666666666666667
3dedc9f4-50c8-4dbd-8f02-28d153c4b5b7,27,0.75,36,0.3333333333333333,0.8888888888888888,0.5555555555555556
3dfea2ce-dfab-4e36-8fcb-df57354443bd,34,0.85,40,0.7941176470588235,0.3333333333333333,-0.46078431372549017
3e070124-5c6d-4448-a86a-4920b9366408,20,0.8333333333333334,24,1.0,0.5,-0.5
3e0881cf-ffd0-45f8-9082-dd611c8d9434,13,0.26,50,0.9230769230769231,0.5945945945945946,-0.3284823284823285
3e1ae3c6-053f-42e1-a332-e36bb35e4e74,19,0.475,40,0.8947368421052632,0.5714285714285714,-0.32330827067669177
3e24e1c5-e158-4c65-ab83-50feec29b3e9,16,0.34782608695652173,46,0.9375,0.6666666666666666,-0.27083333333333337
3e258d04-c687-4d44-89cd-c6a3825ee56d,5,0.11904761904761904,42,1.0,0.45454545454545453,-0.5454545454545454
3e258d04-c687-4d44-89cd-c6a3825ee56d,38,0.9047619047619048,42,0.45454545454545453,0.0,-0.45454545454545453
3e593f42-c15a-4f85-a0e8-12138cec06fe,18,0.782608695652174,23,1.0,0.2,-0.8
3e723969-8776-4b8f-ba0b-7134241925b8,21,0.5,42,0.9523809523809523,0.6190476190476191,-0.33333333333333326
3e86af74-0d5f-4b7c-8990-94026f78ac8b,19,0.475,40,0.7368421052631579,0.0,-0.7368421052631579
3e86af74-0d5f-4b7c-8990-94026f78ac8b,22,0.55,40,0.0,0.7857142857142857,0.7857142857142857
3e86af74-0d5f-4b7c-8990-94026f78ac8b,36,0.9,40,0.7857142857142857,0.25,-0.5357142857142857
3e8b0330-0af0-4339-b7ea-0fad77488f20,33,0.825,40,0.21212121212121213,1.0,0.7878787878787878
3e8dcdab-40f1-44c9-aad7-27c954b90f6c,27,0.5869565217391305,46,0.7777777777777778,0.0,-0.7777777777777778
3e8dcdab-40f1-44c9-aad7-27c954b90f6c,31,0.6739130434782609,46,0.0,0.8666666666666667,0.8666666666666667
3e932dc3-0e4f-421d-96e4-27b290b0e984,5,0.125,40,0.4,1.0,0.6
3e932dc3-0e4f-421d-96e4-27b290b0e984,12,0.3,40,1.0,0.0,-1.0
3e932dc3-0e4f-421d-96e4-27b290b0e984,16,0.4,40,0.0,0.75,0.75
3e93c973-a15e-4d62-9323-d14092327d54,21,0.875,24,0.9523809523809523,0.3333333333333333,-0.6190476190476191
3e9d2dbc-30e9-4e3e-9d23-04d77dc5b174,5,0.1724137931034483,29,1.0,0.5384615384615384,-0.46153846153846156
3e9d2dbc-30e9-4e3e-9d23-04d77dc5b174,18,0.6206896551724138,29,0.5384615384615384,0.09090909090909091,-0.4475524475524475
3ebfb1e9-fd4c-48d2-aae3-ae2a9d0f9906,14,0.3111111111111111,45,0.8571428571428571,0.0,-0.8571428571428571
3ebfb1e9-fd4c-48d2-aae3-ae2a9d0f9906,17,0.37777777777777777,45,0.0,0.7857142857142857,0.7857142857142857
3ec074e3-037a-4586-91ba-73345a28bfeb,34,0.8095238095238095,42,0.20588235294117646,0.625,0.41911764705882354
3ecc83d3-b2b8-4877-b17c-0aff1fbff6a7,20,0.45454545454545453,44,0.75,0.0,-0.75
3ecc83d3-b2b8-4877-b17c-0aff1fbff6a7,23,0.5227272727272727,44,0.0,1.0,1.0
3ecc83d3-b2b8-4877-b17c-0aff1fbff6a7,27,0.6136363636363636,44,1.0,0.4117647058823529,-0.5882352941176471
3ed7cff2-83f5-4e10-ac6f-f0a50fe3e2a1,34,0.7391304347826086,46,0.7058823529411765,0.0,-0.7058823529411765
3ed7cff2-83f5-4e10-ac6f-f0a50fe3e2a1,38,0.8260869565217391,46,0.0,0.75,0.75
3ee1e10a-e01b-490c-829a-d27e8af91e3e,3,0.07894736842105263,38,1.0,0.0,-1.0
3ee1e10a-e01b-490c-829a-d27e8af91e3e,14,0.3684210526315789,38,0.0,0.46153846153846156,0.46153846153846156
3ee1e10a-e01b-490c-829a-d27e8af91e3e,27,0.7105263157894737,38,0.46153846153846156,0.09090909090909091,-0.3706293706293706
3ee53144-7f17-4c24-bef4-e76bde6f5e9f,5,0.1,50,1.0,0.125,-0.875
3ee53144-7f17-4c24-bef4-e76bde6f5e9f,13,0.26,50,0.125,1.0,0.875
3ee53144-7f17-4c24-bef4-e76bde6f5e9f,16,0.32,50,1.0,0.08333333333333333,-0.9166666666666666
3ee53144-7f17-4c24-bef4-e76bde6f5e9f,28,0.56,50,0.08333333333333333,1.0,0.9166666666666666
3ee53144-7f17-4c24-bef4-e76bde6f5e9f,31,0.62,50,1.0,0.15789473684210525,-0.8421052631578947
3ef59e67-80cf-43d4-ac88-fb6763f5907c,18,0.5,36,0.3888888888888889,1.0,0.6111111111111112
3ef59e67-80cf-43d4-ac88-fb6763f5907c,26,0.7222222222222222,36,1.0,0.0,-1.0
3ef59e67-80cf-43d4-ac88-fb6763f5907c,31,0.8611111111111112,36,0.0,1.0,1.0
3ef8b4be-3d12-4984-94ec-f739588615cb,38,0.8260869565217391,46,0.7894736842105263,0.375,-0.4144736842105263
3f064efa-9c73-461e-acb3-72ae0b6729dd,20,0.5,40,0.4,1.0,0.6
3f064efa-9c73-461e-acb3-72ae0b6729dd,24,0.6,40,1.0,0.0,-1.0
3f064efa-9c73-461e-acb3-72ae0b6729dd,28,0.7,40,0.0,1.0,1.0
3f064efa-9c73-461e-acb3-72ae0b6729dd,31,0.775,40,1.0,0.3333333333333333,-0.6666666666666667
3f0db9e2-fbc5-4850-a833-4ab50e0fdf72,16,0.4444444444444444,36,1.0,0.5,-0.5
3f0db9e2-fbc5-4850-a833-4ab50e0fdf72,24,0.6666666666666666,36,0.5,0.9166666666666666,0.41666666666666663
3f25d2c0-ce90-4ee4-90db-5f1a49e1e1fb,6,0.3333333333333333,18,1.0,0.5,-0.5
3f319dd0-81bd-4555-9211-dc04a96fb5e8,12,0.5217391304347826,23,0.9166666666666666,0.0,-0.9166666666666666
3f319dd0-81bd-4555-9211-dc04a96fb5e8,15,0.6521739130434783,23,0.0,1.0,1.0
3f319dd0-81bd-4555-9211-dc04a96fb5e8,18,0.782608695652174,23,1.0,0.0,-1.0
3f80fb77-43e1-4cfa-9d70-f6d49da4627f,14,0.7777777777777778,18,0.9285714285714286,0.5,-0.4285714285714286
3fd3a10f-661a-4f76-a593-3be9ec7e5e48,27,0.54,50,0.9629629629629629,0.25,-0.7129629629629629
3fd3a10f-661a-4f76-a593-3be9ec7e5e48,31,0.62,50,0.25,0.8333333333333334,0.5833333333333334
3fd3a10f-661a-4f76-a593-3be9ec7e5e48,43,0.86,50,0.8333333333333334,0.0,-0.8333333333333334
3fdeb269-7fa6-47e0-b15d-8f3f218512ef,9,0.2,45,0.7777777777777778,0.13793103448275862,-0.6398467432950192
3fdeb269-7fa6-47e0-b15d-8f3f218512ef,38,0.8444444444444444,45,0.13793103448275862,0.5714285714285714,0.4334975369458128
3fe8fa77-9d58-4900-b983-ffc8d848ef1d,12,0.3333333333333333,36,0.5833333333333334,0.25,-0.33333333333333337
3febd647-857e-426a-999f-f19a94baef48,8,0.2222222222222222,36,0.375,1.0,0.625
3febd647-857e-426a-999f-f19a94baef48,14,0.3888888888888889,36,1.0,0.0,-1.0
3febd647-857e-426a-999f-f19a94baef48,20,0.5555555555555556,36,0.0,0.4375,0.4375
3ff0f632-620d-4c4f-b0e6-5a8d9de75735,3,0.075,40,1.0,0.0,-1.0
3ff0f632-620d-4c4f-b0e6-5a8d9de75735,6,0.15,40,0.0,0.6764705882352942,0.6764705882352942
3ffa90fd-28aa-4cd0-a42d-ff7ca6280f93,19,0.8636363636363636,22,0.9473684210526315,0.3333333333333333,-0.6140350877192982
4009fc27-8a15-49ab-b33c-9315d267c69d,42,0.9333333333333333,45,0.9761904761904762,0.3333333333333333,-0.6428571428571428
400c2262-34b2-47aa-910f-a1b4f313819a,5,0.22727272727272727,22,1.0,0.0,-1.0
400c2262-34b2-47aa-910f-a1b4f313819a,8,0.36363636363636365,22,0.0,0.7272727272727273,0.7272727272727273
400c2262-34b2-47aa-910f-a1b4f313819a,19,0.8636363636363636,22,0.7272727272727273,0.0,-0.7272727272727273
4030335a-99e8-4eb3-902b-0d4424ad68f4,24,0.8275862068965517,29,0.9583333333333334,0.2,-0.7583333333333333
4033ef89-0751-4352-a972-a1f0a6e392d1,8,0.34782608695652173,23,1.0,0.6,-0.4
4033ef89-0751-4352-a972-a1f0a6e392d1,18,0.782608695652174,23,0.6,0.0,-0.6
40618952-a951-4adc-9555-398e10ee3345,37,0.925,40,1.0,0.3333333333333333,-0.6666666666666667
406846c6-168c-4650-ac00-cab876df7300,17,0.7391304347826086,23,0.9411764705882353,0.3333333333333333,-0.607843137254902
406962ee-9293-43bc-901e-a3734238e244,40,0.8888888888888888,45,0.825,0.4,-0.42499999999999993
406c7397-4bef-4a72-af77-6ab9da840e0b,5,0.125,40,1.0,0.5263157894736842,-0.4736842105263158
406c7397-4bef-4a72-af77-6ab9da840e0b,24,0.6,40,0.5263157894736842,0.0,-0.5263157894736842
406c7397-4bef-4a72-af77-6ab9da840e0b,29,0.725,40,0.0,0.6363636363636364,0.6363636363636364
407c57a7-abf2-42a0-9f38-d27af3e33ac5,16,0.6956521739130435,23,1.0,0.2857142857142857,-0.7142857142857143
408ecbcc-8941-43b2-a384-c3dbee972c07,4,0.08333333333333333,48,0.75,0.25,-0.5
4091a9cf-dfdc-41a2-a34d-c822cdd68829,11,0.275,40,0.9090909090909091,0.2,-0.709090909090909
4091a9cf-dfdc-41a2-a34d-c822cdd68829,16,0.4,40,0.2,0.6666666666666666,0.4666666666666666
40927a14-cbcc-4463-95d8-011d0a18c935,3,0.06521739130434782,46,0.3333333333333333,0.9069767441860465,0.5736434108527131
40a4aa13-b4e5-43a5-b733-70287ace478d,37,0.8222222222222222,45,1.0,0.375,-0.625
40abebdb-413a-4605-ad31-779659442b1f,10,0.2564102564102564,39,0.9,0.0,-0.9
40abebdb-413a-4605-ad31-779659442b1f,13,0.3333333333333333,39,0.0,0.7307692307692307,0.7307692307692307
40bed9f9-3fe8-46ed-944b-cd05eaf0f1a0,10,0.25,40,0.9,0.5666666666666667,-0.33333333333333337
40e525c8-41d4-4ad5-befa-e6b8b3375679,3,0.13043478260869565,23,1.0,0.45,-0.55
40e744b3-efc5-4c09-a07d-b2b08d7aa757,7,0.175,40,0.7142857142857143,0.0,-0.7142857142857143
40e744b3-efc5-4c09-a07d-b2b08d7aa757,17,0.425,40,0.0,0.34782608695652173,0.34782608695652173
40eac586-5342-4b33-a920-a9dc9acb727f,17,0.4722222222222222,36,0.9411764705882353,0.2,-0.7411764705882353
40eac586-5342-4b33-a920-a9dc9acb727f,22,0.6111111111111112,36,0.2,0.8571428571428571,0.657142857142857
4134443c-6e0a-475c-a788-614c157f58a6,32,0.8,40,0.90625,0.25,-0.65625
4171c60d-447e-42a0-9f32-39e2d507758f,23,0.6388888888888888,36,0.13043478260869565,0.7,0.5695652173913043
4171c60d-447e-42a0-9f32-39e2d507758f,33,0.9166666666666666,36,0.7,0.0,-0.7
417c5398-808a-446f-90a4-9886fef85407,35,0.875,40,0.8571428571428571,0.4,-0.4571428571428571
417d3ca3-7012-4bff-a36d-837af5c38d49,4,0.17391304347826086,23,1.0,0.16666666666666666,-0.8333333333333334
417d3ca3-7012-4bff-a36d-837af5c38d49,16,0.6956521739130435,23,0.16666666666666666,0.75,0.5833333333333334
417d3ca3-7012-4bff-a36d-837af5c38d49,20,0.8695652173913043,23,0.75,0.0,-0.75
417f2f0f-5bd5-4732-88b5-85387b1b769d,17,0.4473684210526316,38,0.47058823529411764,0.875,0.40441176470588236
417f2f0f-5bd5-4732-88b5-85387b1b769d,25,0.6578947368421053,38,0.875,0.3076923076923077,-0.5673076923076923
419a4c69-cbff-4126-a997-39b8bd376617,4,0.10256410256410256,39,1.0,0.0,-1.0
419a4c69-cbff-4126-a997-39b8bd376617,7,0.1794871794871795,39,0.0,0.875,0.875
419a4c69-cbff-4126-a997-39b8bd376617,23,0.5897435897435898,39,0.875,0.5,-0.375
41ab4b29-4ed3-4678-a770-43c77f1b923b,4,0.17391304347826086,23,1.0,0.3157894736842105,-0.6842105263157895
41c7980a-44a2-4a4c-89d7-6d37d51ebaca,9,0.25,36,0.6666666666666666,0.0,-0.6666666666666666
41c7980a-44a2-4a4c-89d7-6d37d51ebaca,13,0.3611111111111111,36,0.0,0.782608695652174,0.782608695652174
41e0e1a6-fc47-4697-b630-c5db2b420794,4,0.16666666666666666,24,0.25,0.8,0.55
41f54292-ac2f-47ac-b6e5-60e01b431b36,16,0.7272727272727273,22,0.8125,0.16666666666666666,-0.6458333333333334
41f8036d-8f87-4942-abdd-8463a1550382,21,0.875,24,0.5238095238095238,0.0,-0.5238095238095238
421edd7f-eb35-428d-891b-255fae5c7635,3,0.16666666666666666,18,1.0,0.3333333333333333,-0.6666666666666667
421edd7f-eb35-428d-891b-255fae5c7635,6,0.3333333333333333,18,0.3333333333333333,1.0,0.6666666666666667
4224d257-44f9-4921-ba95-57a38cc50848,14,0.28,50,0.21428571428571427,0.75,0.5357142857142857
4257880f-3282-4080-9dab-6da21534bb42,10,0.2631578947368421,38,0.8,0.0,-0.8
4257880f-3282-4080-9dab-6da21534bb42,16,0.42105263157894735,38,0.0,0.5909090909090909,0.5909090909090909
4274456a-a20b-43f3-b6e9-fc69d8c02a7d,6,0.35294117647058826,17,0.5,1.0,0.5
4274456a-a20b-43f3-b6e9-fc69d8c02a7d,14,0.8235294117647058,17,1.0,0.3333333333333333,-0.6666666666666667
428e6d37-ebf1-47e0-960e-bd92f3d60caf,26,0.6190476190476191,42,0.8076923076923077,0.0,-0.8076923076923077
428e6d37-ebf1-47e0-960e-bd92f3d60caf,29,0.6904761904761905,42,0.0,1.0,1.0
428e6d37-ebf1-47e0-960e-bd92f3d60caf,38,0.9047619047619048,42,1.0,0.25,-0.75
42a6d83c-9361-4882-b1db-0482ea088387,9,0.5,18,0.8888888888888888,0.2222222222222222,-0.6666666666666666
42d070e0-47ba-449b-b420-2f7190ce3257,24,0.8275862068965517,29,1.0,0.6,-0.4
42e5cf46-8261-4ffb-89b3-3913216a9df0,13,0.2708333333333333,48,1.0,0.42857142857142855,-0.5714285714285714
42e5cf46-8261-4ffb-89b3-3913216a9df0,20,0.4166666666666667,48,0.42857142857142855,0.8333333333333334,0.4047619047619048
42e5cf46-8261-4ffb-89b3-3913216a9df0,38,0.7916666666666666,48,0.8333333333333334,0.4,-0.43333333333333335
42f6b1c2-fd7b-4ac9-b3d4-e9ca3ad125a9,3,0.075,40,0.3333333333333333,0.8571428571428571,0.5238095238095237
42f6b1c2-fd7b-4ac9-b3d4-e9ca3ad125a9,24,0.6,40,0.8571428571428571,0.3125,-0.5446428571428571
431dc60e-3150-4401-954c-8a8debe570ec,26,0.6190476190476191,42,0.8461538461538461,0.0,-0.8461538461538461
431dc60e-3150-4401-954c-8a8debe570ec,29,0.6904761904761905,42,0.0,0.6153846153846154,0.6153846153846154
4356a904-acba-4402-a278-48a5cc0b421c,5,0.29411764705882354,17,0.4,1.0,0.6
43651fdf-d4d9-4916-b059-baed0b1ab9f5,10,0.2777777777777778,36,0.8,0.0,-0.8
43651fdf-d4d9-4916-b059-baed0b1ab9f5,13,0.3611111111111111,36,0.0,0.9,0.9
43651fdf-d4d9-4916-b059-baed0b1ab9f5,23,0.6388888888888888,36,0.9,0.2,-0.7
43651fdf-d4d9-4916-b059-baed0b1ab9f5,28,0.7777777777777778,36,0.2,1.0,0.8
43689d75-6166-4b8a-8be2-e70a824797b4,37,0.74,50,0.972972972972973,0.25,-0.722972972972973
43689d75-6166-4b8a-8be2-e70a824797b4,41,0.82,50,0.25,1.0,0.75
4369c364-3155-4690-8469-fb60135bd412,6,0.12,50,0.8333333333333334,0.19047619047619047,-0.6428571428571429
4369c364-3155-4690-8469-fb60135bd412,27,0.54,50,0.19047619047619047,0.9565217391304348,0.7660455486542443
43728fbf-c85d-47d6-85f0-299c828a8ea9,10,0.25,40,1.0,0.5,-0.5
437764de-4c7c-4ef8-a839-6638df7e8780,6,0.13636363636363635,44,0.8333333333333334,0.125,-0.7083333333333334
437764de-4c7c-4ef8-a839-6638df7e8780,14,0.3181818181818182,44,0.125,0.6111111111111112,0.48611111111111116
437764de-4c7c-4ef8-a839-6638df7e8780,32,0.7272727272727273,44,0.6111111111111112,0.08333333333333333,-0.5277777777777778
43824d75-f4b2-4dee-8b0e-3705998de803,14,0.30434782608695654,46,0.5714285714285714,0.0,-0.5714285714285714
43824d75-f4b2-4dee-8b0e-3705998de803,18,0.391304347826087,46,0.0,1.0,1.0
43824d75-f4b2-4dee-8b0e-3705998de803,24,0.5217391304347826,46,1.0,0.5,-0.5
43824d75-f4b2-4dee-8b0e-3705998de803,40,0.8695652173913043,46,0.5,1.0,0.5
438d466c-c544-4995-b401-6370e464ee6b,18,0.8181818181818182,22,0.9444444444444444,0.5,-0.4444444444444444
438f362f-7a12-40a0-9f2c-ac8733d7a3b9,19,0.8260869565217391,23,0.5263157894736842,1.0,0.4736842105263158
43a8948a-32c0-4f92-a9f4-55d31b0666f2,37,0.925,40,0.8918918918918919,0.3333333333333333,-0.5585585585585586
43c19460-bad1-4e36-ac0d-48d809c3c1c4,12,0.26666666666666666,45,0.5833333333333334,0.0,-0.5833333333333334
43c19460-bad1-4e36-ac0d-48d809c3c1c4,17,0.37777777777777777,45,0.0,0.7857142857142857,0.7857142857142857
43c4cc6b-087e-48ac-add2-16e97b13d5e8,4,0.1,40,0.25,0.9166666666666666,0.6666666666666666
43d723e8-dbcb-43a8-8a0a-e3a2f9caba25,11,0.39285714285714285,28,1.0,0.5714285714285714,-0.4285714285714286
43d723e8-dbcb-43a8-8a0a-e3a2f9caba25,18,0.6428571428571429,28,0.5714285714285714,0.0,-0.5714285714285714
43d723e8-dbcb-43a8-8a0a-e3a2f9caba25,21,0.75,28,0.0,0.8571428571428571,0.8571428571428571
43d7d8c9-32e1-49bc-b66e-36417f358a35,6,0.13333333333333333,45,1.0,0.25,-0.75
43d7d8c9-32e1-49bc-b66e-36417f358a35,10,0.2222222222222222,45,0.25,0.8571428571428571,0.6071428571428571
43fe290c-d037-425f-808d-2cb018bda571,6,0.2608695652173913,23,1.0,0.1111111111111111,-0.8888888888888888
43fe290c-d037-425f-808d-2cb018bda571,15,0.6521739130434783,23,0.1111111111111111,0.625,0.5138888888888888
441d5515-0db0-43a5-981c-91fb4e49a177,18,0.42857142857142855,42,0.8333333333333334,0.2,-0.6333333333333333
441d5515-0db0-43a5-981c-91fb4e49a177,28,0.6666666666666666,42,0.2,0.7142857142857143,0.5142857142857142
44237f04-b0ba-4c30-9658-4603dc5c7c8c,25,0.5952380952380952,42,1.0,0.0,-1.0
44237f04-b0ba-4c30-9658-4603dc5c7c8c,30,0.7142857142857143,42,0.0,0.5,0.5
443686e7-2daf-4c91-ad06-d23e23fec0ac,34,0.8095238095238095,42,0.9705882352941176,0.625,-0.34558823529411764
444e1431-3b9b-4f55-95a2-873b9a6ea282,25,0.6944444444444444,36,0.88,0.2857142857142857,-0.5942857142857143
444e1431-3b9b-4f55-95a2-873b9a6ea282,32,0.8888888888888888,36,0.2857142857142857,1.0,0.7142857142857143
445099b1-b9a0-4eeb-a3da-eafba93e0b3d,14,0.3684210526315789,38,0.8571428571428571,0.5,-0.3571428571428571
445099b1-b9a0-4eeb-a3da-eafba93e0b3d,26,0.6842105263157895,38,0.5,1.0,0.5
445d3c96-3a79-45bf-88d0-b9d6b8e35b4a,13,0.26,50,1.0,0.0,-1.0
445d3c96-3a79-45bf-88d0-b9d6b8e35b4a,16,0.32,50,0.0,1.0,1.0
445d3c96-3a79-45bf-88d0-b9d6b8e35b4a,19,0.38,50,1.0,0.1935483870967742,-0.8064516129032258
445eb091-dc10-45c7-8ef6-953088239dd1,19,0.4523809523809524,42,0.8947368421052632,0.0,-0.8947368421052632
445eb091-dc10-45c7-8ef6-953088239dd1,22,0.5238095238095238,42,0.0,0.75,0.75
445eb091-dc10-45c7-8ef6-953088239dd1,26,0.6190476190476191,42,0.75,0.0,-0.75
445eb091-dc10-45c7-8ef6-953088239dd1,30,0.7142857142857143,42,0.0,0.6666666666666666,0.6666666666666666
4484bf83-bc02-4bd2-86a0-809eaaf0042e,5,0.125,40,0.2,1.0,0.8
4484bf83-bc02-4bd2-86a0-809eaaf0042e,10,0.25,40,1.0,0.0,-1.0
4484bf83-bc02-4bd2-86a0-809eaaf0042e,14,0.35,40,0.0,0.7307692307692307,0.7307692307692307
448c3637-de00-4f02-a0e1-91ef2d32d8b8,39,0.9285714285714286,42,0.7948717948717948,0.0,-0.7948717948717948
448cab37-bd55-478c-8342-0f63206c86ca,3,0.17647058823529413,17,1.0,0.0,-1.0
448cab37-bd55-478c-8342-0f63206c86ca,6,0.35294117647058826,17,0.0,0.9090909090909091,0.9090909090909091
44a6fc35-f734-491d-9681-4be4f126d6d6,12,0.6666666666666666,18,1.0,0.3333333333333333,-0.6666666666666667
44ba1d2a-eaee-4921-b8c4-5cae5ebc1950,29,0.725,40,0.0,0.9090909090909091,0.9090909090909091
44cb311f-92d7-4cfb-970e-49216e1b9d0b,37,0.8043478260869565,46,0.8648648648648649,0.4444444444444444,-0.4204204204204205
44d046e5-58d6-4440-bded-3118babc9ca1,23,0.46,50,0.9565217391304348,0.0,-0.9565217391304348
44d046e5-58d6-4440-bded-3118babc9ca1,27,0.54,50,0.0,0.9130434782608695,0.9130434782608695
44df5be7-77eb-4c83-bbda-62e96006efaf,7,0.15555555555555556,45,1.0,0.23684210526315788,-0.7631578947368421
44fae96c-e201-4c58-8117-5c651fb515fc,44,0.88,50,0.7954545454545454,0.0,-0.7954545454545454
44fae96c-e201-4c58-8117-5c651fb515fc,47,0.94,50,0.0,1.0,1.0
44fd3e3f-fa75-4533-a9d6-4b3f4fabdcdb,13,0.5909090909090909,22,1.0,0.5555555555555556,-0.4444444444444444
44ffed1d-6cf4-4f18-b29b-61c11e82baad,4,0.2222222222222222,18,0.75,0.2857142857142857,-0.4642857142857143
45075576-7da2-4a67-9bb8-eb6534222d18,5,0.29411764705882354,17,0.8,0.4166666666666667,-0.38333333333333336
451ce507-fe5d-403c-9090-7827d5413613,17,0.34,50,0.9411764705882353,0.0,-0.9411764705882353
451ce507-fe5d-403c-9090-7827d5413613,20,0.4,50,0.0,0.7,0.7
4524826a-7df4-4487-991a-8da6c89e39be,11,0.39285714285714285,28,0.8181818181818182,0.058823529411764705,-0.7593582887700535
4553141c-5216-440b-8114-1a09271a7dc5,3,0.06521739130434782,46,0.3333333333333333,0.9302325581395349,0.5968992248062015
457db529-9c39-4c18-9d24-1df96352a3cb,6,0.3333333333333333,18,1.0,0.3333333333333333,-0.6666666666666667
457db529-9c39-4c18-9d24-1df96352a3cb,9,0.5,18,0.3333333333333333,1.0,0.6666666666666667
45960197-3f11-4594-a57c-70d77c1de449,13,0.7222222222222222,18,0.8461538461538461,0.0,-0.8461538461538461
459a3b83-333f-483e-8497-630ef4d9c6c9,10,0.5882352941176471,17,0.1,0.8571428571428571,0.7571428571428571
459cc8bb-23ae-4d48-8ad9-4460598c09cc,3,0.06818181818181818,44,0.3333333333333333,1.0,0.6666666666666667
459cc8bb-23ae-4d48-8ad9-4460598c09cc,12,0.2727272727272727,44,1.0,0.3125,-0.6875
45ee1ba0-3523-4ede-b746-effe425d9b62,25,0.6097560975609756,41,0.84,0.0,-0.84
45ee1ba0-3523-4ede-b746-effe425d9b62,29,0.7073170731707317,41,0.0,0.75,0.75
4608e130-ce2d-4c81-bef0-c7609864ef01,6,0.25,24,0.6666666666666666,0.1111111111111111,-0.5555555555555556
46244322-573c-4d53-81f2-fa64a5ae8d30,10,0.25,40,0.9,0.36666666666666664,-0.5333333333333334
4634d316-bba3-49ae-9e2f-f6d4bc961ccc,24,0.8275862068965517,29,0.875,0.2,-0.675
4644de97-961c-4fb7-98db-4c54855739a0,9,0.5,18,0.7777777777777778,0.0,-0.7777777777777778
4644de97-961c-4fb7-98db-4c54855739a0,12,0.6666666666666666,18,0.0,0.8333333333333334,0.8333333333333334
464b48b6-23db-457f-b7cc-8c3bb354cce8,8,0.2857142857142857,28,0.875,0.3,-0.575
467a52de-e865-44c8-889c-268e2421afa3,5,0.13157894736842105,38,0.8,0.14285714285714285,-0.6571428571428573
467a52de-e865-44c8-889c-268e2421afa3,12,0.3157894736842105,38,0.14285714285714285,0.7307692307692307,0.5879120879120878
467f9da8-d062-4f2b-8031-397aafa41223,13,0.3333333333333333,39,1.0,0.5263157894736842,-0.4736842105263158
467f9da8-d062-4f2b-8031-397aafa41223,32,0.8205128205128205,39,0.5263157894736842,1.0,0.4736842105263158
46945e8d-5e84-427b-8627-103683faaa54,21,0.5,42,0.7619047619047619,0.25,-0.5119047619047619
46945e8d-5e84-427b-8627-103683faaa54,29,0.6904761904761905,42,0.25,1.0,0.75
46945e8d-5e84-427b-8627-103683faaa54,33,0.7857142857142857,42,1.0,0.0,-1.0
46a10e2d-2545-4982-92b1-6b50a94b2db1,26,0.65,40,0.9230769230769231,0.5714285714285714,-0.35164835164835173
46bdaf70-d670-4a7f-8675-dc7222001016,41,0.82,50,0.8780487804878049,0.5555555555555556,-0.3224932249322493
46e13bda-b3c3-4f5e-be52-4e8c317f1e8c,4,0.13793103448275862,29,1.0,0.25,-0.75
46e13bda-b3c3-4f5e-be52-4e8c317f1e8c,8,0.27586206896551724,29,0.25,0.8888888888888888,0.6388888888888888
46e13bda-b3c3-4f5e-be52-4e8c317f1e8c,17,0.5862068965517241,29,0.8888888888888888,0.3333333333333333,-0.5555555555555556
46f2a87d-4b02-4a6a-aace-c2a8f56a09e0,3,0.13043478260869565,23,0.3333333333333333,1.0,0.6666666666666667
46f2a87d-4b02-4a6a-aace-c2a8f56a09e0,10,0.43478260869565216,23,1.0,0.0,-1.0
46f2a87d-4b02-4a6a-aace-c2a8f56a09e0,16,0.6956521739130435,23,0.0,0.5714285714285714,0.5714285714285714
471686ab-8211-42eb-a770-9ccdc66ed16b,24,0.6,40,0.9583333333333334,0.5,-0.45833333333333337
471ce6b4-25cc-43a1-88da-0f5b753e9233,24,0.6666666666666666,36,0.9166666666666666,0.25,-0.6666666666666666
471ce6b4-25cc-43a1-88da-0f5b753e9233,28,0.7777777777777778,36,0.25,1.0,0.75
4723678f-7e19-4452-bf13-85b55e711c52,18,0.391304347826087,46,0.6666666666666666,0.9285714285714286,0.261904761904762
473a01f0-ee0b-44fc-8d69-b41a31c4158d,19,0.7916666666666666,24,0.7368421052631579,0.0,-0.7368421052631579
47575137-012a-4720-89cb-121aa3459aa9,10,0.5555555555555556,18,1.0,0.5,-0.5
47618fc4-80ad-49f3-a896-cb24c658d76d,13,0.26,50,1.0,0.25,-0.75
47618fc4-80ad-49f3-a896-cb24c658d76d,17,0.34,50,0.25,0.7878787878787878,0.5378787878787878
47798577-27ad-4784-9b49-fd55e0b8f0b0,6,0.25,24,0.8333333333333334,0.0,-0.8333333333333334
47798577-27ad-4784-9b49-fd55e0b8f0b0,9,0.375,24,0.0,0.9333333333333333,0.9333333333333333
477fcbad-2cde-4eff-b11d-453164957557,8,0.18181818181818182,44,0.5,0.8484848484848485,0.3484848484848485
477fcbad-2cde-4eff-b11d-453164957557,41,0.9318181818181818,44,0.8484848484848485,0.0,-0.8484848484848485
4791af1d-2721-482d-9226-bc04898990de,9,0.5294117647058824,17,0.4444444444444444,1.0,0.5555555555555556
479a6d43-3140-4eaf-aa5b-f0b5b4e40ccb,12,0.3076923076923077,39,0.8333333333333334,0.18518518518518517,-0.6481481481481481
479af854-4acf-4e58-99c5-bc33a8792b52,28,0.7,40,0.7857142857142857,0.16666666666666666,-0.6190476190476191
47ee8e47-b6fd-486c-9b6d-8e336f04dc41,3,0.075,40,1.0,0.25,-0.75
47ee8e47-b6fd-486c-9b6d-8e336f04dc41,7,0.175,40,0.25,1.0,0.75
47ee8e47-b6fd-486c-9b6d-8e336f04dc41,11,0.275,40,1.0,0.16666666666666666,-0.8333333333333334
47ee8e47-b6fd-486c-9b6d-8e336f04dc41,23,0.575,40,0.16666666666666666,1.0,0.8333333333333334
47ee8e47-b6fd-486c-9b6d-8e336f04dc41,26,0.65,40,1.0,0.0,-1.0
47ee8e47-b6fd-486c-9b6d-8e336f04dc41,31,0.775,40,0.0,0.5555555555555556,0.5555555555555556
480083f3-51b2-435a-aee9-21bb612ec5ab,8,0.34782608695652173,23,0.875,0.2857142857142857,-0.5892857142857143
480083f3-51b2-435a-aee9-21bb612ec5ab,15,0.6521739130434783,23,0.2857142857142857,0.75,0.4642857142857143
48142250-391d-47af-8a1c-5e06e415331b,36,0.72,50,0.9722222222222222,0.25,-0.7222222222222222
48142250-391d-47af-8a1c-5e06e415331b,40,0.8,50,0.25,1.0,0.75
481bfc16-e285-41cb-a1a0-5fcf37a5f54a,17,0.34,50,0.5294117647058824,0.15789473684210525,-0.3715170278637771
481bfc16-e285-41cb-a1a0-5fcf37a5f54a,36,0.72,50,0.15789473684210525,0.8,0.6421052631578947
481bfc16-e285-41cb-a1a0-5fcf37a5f54a,41,0.82,50,0.8,0.2222222222222222,-0.5777777777777778
482e1ac6-ce1f-4374-8352-dc75c3bbecf0,7,0.4117647058823529,17,0.0,0.75,0.75
482e1ac6-ce1f-4374-8352-dc75c3bbecf0,11,0.6470588235294118,17,0.75,0.16666666666666666,-0.5833333333333334
48335de1-32e6-470e-83cc-ca0a460f12d7,10,0.5555555555555556,18,0.3,0.875,0.575
485bb55d-d6d0-47d8-b404-53f4c3b5bd51,12,0.3,40,0.75,0.0,-0.75
485bb55d-d6d0-47d8-b404-53f4c3b5bd51,15,0.375,40,0.0,0.8823529411764706,0.8823529411764706
485bb55d-d6d0-47d8-b404-53f4c3b5bd51,32,0.8,40,0.8823529411764706,0.25,-0.6323529411764706
487457fd-43c0-4952-9a46-93910de80798,5,0.1388888888888889,36,1.0,0.23529411764705882,-0.7647058823529411
487457fd-43c0-4952-9a46-93910de80798,22,0.6111111111111112,36,0.23529411764705882,1.0,0.7647058823529411
487457fd-43c0-4952-9a46-93910de80798,25,0.6944444444444444,36,1.0,0.0,-1.0
487457fd-43c0-4952-9a46-93910de80798,30,0.8333333333333334,36,0.0,0.8333333333333334,0.8333333333333334
489481b3-0b0e-4cff-bbdf-bf41b3b730f5,7,0.15217391304347827,46,0.7142857142857143,0.18181818181818182,-0.5324675324675325
489481b3-0b0e-4cff-bbdf-bf41b3b730f5,18,0.391304347826087,46,0.18181818181818182,0.6785714285714286,0.4967532467532468
48c2ab48-6023-4d5f-9169-a1096f915953,15,0.3333333333333333,45,0.0,0.88,0.88
48c2ab48-6023-4d5f-9169-a1096f915953,40,0.8888888888888888,45,0.88,0.4,-0.48
48ddb9e1-789a-412d-951a-9b20b656dbe4,9,0.391304347826087,23,0.8888888888888888,0.2,-0.6888888888888889
48ddb9e1-789a-412d-951a-9b20b656dbe4,19,0.8260869565217391,23,0.2,1.0,0.8
48ffe64d-b49e-4298-a122-e232e105f443,13,0.34210526315789475,38,0.8461538461538461,0.0,-0.8461538461538461
48ffe64d-b49e-4298-a122-e232e105f443,16,0.42105263157894735,38,0.0,0.8571428571428571,0.8571428571428571
48ffe64d-b49e-4298-a122-e232e105f443,23,0.6052631578947368,38,0.8571428571428571,0.2,-0.657142857142857
490ab2c6-0450-4bc9-a1df-83ce58a0ef88,8,0.34782608695652173,23,0.875,0.2,-0.675
491e0a5b-a751-48d8-828d-370be39cdc31,20,0.5,40,0.55,0.0,-0.55
491e0a5b-a751-48d8-828d-370be39cdc31,23,0.575,40,0.0,1.0,1.0
491e0a5b-a751-48d8-828d-370be39cdc31,26,0.65,40,1.0,0.0,-1.0
49376aa3-b02e-484b-860f-94ef9a92a62b,43,0.9347826086956522,46,0.8837209302325582,0.3333333333333333,-0.5503875968992249
49417578-96d9-4c8b-8fe1-5f4fd09e4b4a,10,0.2,50,0.9,0.4,-0.5
49477464-9499-4eb8-bc50-6caff6303130,44,0.88,50,0.9545454545454546,0.5,-0.4545454545454546
494d54e5-8b33-44ec-8918-31f81f7ba63e,34,0.68,50,0.9117647058823529,0.0,-0.9117647058823529
494d54e5-8b33-44ec-8918-31f81f7ba63e,38,0.76,50,0.0,1.0,1.0
4950f360-692d-4ecb-9050-1e7b0bf2392e,4,0.08,50,0.25,0.8055555555555556,0.5555555555555556
4950f360-692d-4ecb-9050-1e7b0bf2392e,40,0.8,50,0.8055555555555556,0.0,-0.8055555555555556
4950f360-692d-4ecb-9050-1e7b0bf2392e,43,0.86,50,0.0,0.7142857142857143,0.7142857142857143
495cf739-26c4-4576-8a96-12646222606f,3,0.075,40,0.3333333333333333,1.0,0.6666666666666667
495cf739-26c4-4576-8a96-12646222606f,8,0.2,40,1.0,0.34375,-0.65625
49af4e86-f132-431b-bc63-9a891d42739d,30,0.6818181818181818,44,0.8666666666666667,0.0,-0.8666666666666667
49af4e86-f132-431b-bc63-9a891d42739d,34,0.7727272727272727,44,0.0,0.6666666666666666,0.6666666666666666
49af4e86-f132-431b-bc63-9a891d42739d,40,0.9090909090909091,44,0.6666666666666666,0.0,-0.6666666666666666
49c74993-6669-4826-a586-eb502c4e082c,29,0.725,40,0.7931034482758621,0.0,-0.7931034482758621
49c74993-6669-4826-a586-eb502c4e082c,32,0.8,40,0.0,1.0,1.0
49ce0916-ca39-4906-ad20-56e0a8497e22,16,0.32,50,1.0,0.5588235294117647,-0.4411764705882353
49cf71d5-8d44-471f-b489-16f44d8d478d,30,0.6,50,0.9,0.65,-0.25
4a008016-3373-4d10-b70c-2a5ff810b680,7,0.15217391304347827,46,0.5714285714285714,1.0,0.4285714285714286
4a008016-3373-4d10-b70c-2a5ff810b680,18,0.391304347826087,46,1.0,0.2857142857142857,-0.7142857142857143
4a04b86d-29c4-41de-b2d9-e436e6a261da,10,0.20833333333333334,48,1.0,0.1111111111111111,-0.8888888888888888
4a04b86d-29c4-41de-b2d9-e436e6a261da,19,0.3958333333333333,48,0.1111111111111111,1.0,0.8888888888888888
4a04b86d-29c4-41de-b2d9-e436e6a261da,24,0.5,48,1.0,0.0,-1.0
4a04b86d-29c4-41de-b2d9-e436e6a261da,27,0.5625,48,0.0,0.7857142857142857,0.7857142857142857
4a04b86d-29c4-41de-b2d9-e436e6a261da,41,0.8541666666666666,48,0.7857142857142857,0.0,-0.7857142857142857
4a04b86d-29c4-41de-b2d9-e436e6a261da,44,0.9166666666666666,48,0.0,1.0,1.0
4a219dd4-d33b-463a-b667-a53ad7eec9b6,9,0.5,18,1.0,0.3333333333333333,-0.6666666666666667
4a2c64c5-977a-4ec0-8500-7f2bb9e9af92,9,0.391304347826087,23,0.8888888888888888,0.2857142857142857,-0.6031746031746031
4a50e03d-99d2-44aa-b1cd-e121c3d1e710,20,0.5128205128205128,39,0.9,0.631578947368421,-0.268421052631579
4a7d2b9d-4580-455e-a27e-a3d3d2c00db1,3,0.07142857142857142,42,1.0,0.0,-1.0
4a7d2b9d-4580-455e-a27e-a3d3d2c00db1,6,0.14285714285714285,42,0.0,1.0,1.0
4a7d2b9d-4580-455e-a27e-a3d3d2c00db1,11,0.2619047619047619,42,1.0,0.14285714285714285,-0.8571428571428572
4a7d2b9d-4580-455e-a27e-a3d3d2c00db1,25,0.5952380952380952,42,0.14285714285714285,0.75,0.6071428571428572
4a7d2b9d-4580-455e-a27e-a3d3d2c00db1,29,0.6904761904761905,42,0.75,0.07692307692307693,-0.6730769230769231
4a93f8f3-c105-4fb5-9125-c5de4ce25534,7,0.3181818181818182,22,0.8571428571428571,0.2,-0.657142857142857
4a93f8f3-c105-4fb5-9125-c5de4ce25534,12,0.5454545454545454,22,0.2,1.0,0.8
4a93f8f3-c105-4fb5-9125-c5de4ce25534,17,0.7727272727272727,22,1.0,0.4,-0.6
4a943d8d-47d9-478a-8ff1-711ff57a0087,8,0.2222222222222222,36,0.875,0.25,-0.625
4a943d8d-47d9-478a-8ff1-711ff57a0087,12,0.3333333333333333,36,0.25,0.875,0.625
4a95369e-ed4d-4498-bb80-b5144eb0bba8,14,0.5833333333333334,24,1.0,0.3,-0.7
4ab8398e-0075-4e0c-91bb-acc92a85d67b,4,0.08,50,1.0,0.0,-1.0
4ab8398e-0075-4e0c-91bb-acc92a85d67b,7,0.14,50,0.0,0.6764705882352942,0.6764705882352942
4ab8398e-0075-4e0c-91bb-acc92a85d67b,41,0.82,50,0.6764705882352942,0.2222222222222222,-0.45424836601307195
4ab9920e-a354-4f47-aebe-4121aacbd59e,14,0.8235294117647058,17,1.0,0.3333333333333333,-0.6666666666666667
4ac90612-0338-49ea-8b9e-8eaff4009d66,4,0.08695652173913043,46,1.0,0.0,-1.0
4ac90612-0338-49ea-8b9e-8eaff4009d66,7,0.15217391304347827,46,0.0,0.6410256410256411,0.6410256410256411
4ad2ecad-b676-4007-b6a2-730f5d6dda96,11,0.22,50,0.9090909090909091,0.3333333333333333,-0.5757575757575757
4ad2ecad-b676-4007-b6a2-730f5d6dda96,20,0.4,50,0.3333333333333333,0.7666666666666667,0.4333333333333334
4ae375fc-9ad4-4b17-a2b1-f2d7ec910354,13,0.7222222222222222,18,1.0,0.4,-0.6
4b053502-e6e0-47c8-9787-e89b344e8d44,15,0.4166666666666667,36,0.7333333333333333,0.0,-0.7333333333333333
4b053502-e6e0-47c8-9787-e89b344e8d44,18,0.5,36,0.0,0.8888888888888888,0.8888888888888888
4b0b4b3b-38ea-4636-903f-41e1ade6bdbc,16,0.4444444444444444,36,0.8125,0.0,-0.8125
4b0b4b3b-38ea-4636-903f-41e1ade6bdbc,19,0.5277777777777778,36,0.0,0.875,0.875
4b0b4b3b-38ea-4636-903f-41e1ade6bdbc,27,0.75,36,0.875,0.3333333333333333,-0.5416666666666667
4b2032b6-bc07-49b5-9f9c-0f2effef37f2,40,0.9090909090909091,44,0.825,0.25,-0.575
4b24aea0-1a60-48d3-b8d4-7c7bcb7756dd,7,0.4117647058823529,17,0.0,0.4,0.4
4b24bccc-6cec-421f-b0a3-8214407973a3,3,0.06521739130434782,46,0.0,0.8,0.8
4b24bccc-6cec-421f-b0a3-8214407973a3,8,0.17391304347826086,46,0.8,0.0,-0.8
4b24bccc-6cec-421f-b0a3-8214407973a3,11,0.2391304347826087,46,0.0,1.0,1.0
4b24bccc-6cec-421f-b0a3-8214407973a3,16,0.34782608695652173,46,1.0,0.2,-0.8
4b24bccc-6cec-421f-b0a3-8214407973a3,31,0.6739130434782609,46,0.2,1.0,0.8
4b24bccc-6cec-421f-b0a3-8214407973a3,34,0.7391304347826086,46,1.0,0.0,-1.0
4b250458-09a3-490d-8438-82857b25c1c8,3,0.17647058823529413,17,1.0,0.0,-1.0
4b250458-09a3-490d-8438-82857b25c1c8,6,0.35294117647058826,17,0.0,0.8181818181818182,0.8181818181818182
4b26c1ae-5c1c-413f-bb31-3a9cc0f14759,21,0.525,40,0.5238095238095238,1.0,0.47619047619047616
4b26c1ae-5c1c-413f-bb31-3a9cc0f14759,32,0.8,40,1.0,0.375,-0.625
4b2bfdc7-3102-4218-8832-6158456be8a9,35,0.7608695652173914,46,0.6,0.2727272727272727,-0.32727272727272727
4b3958e6-056b-4070-9eaa-1d51d31247c0,4,0.23529411764705882,17,1.0,0.0,-1.0
4b3958e6-056b-4070-9eaa-1d51d31247c0,7,0.4117647058823529,17,0.0,0.6,0.6
4b6bddbc-f29f-4131-b2ee-1b6ca10eccda,5,0.1724137931034483,29,0.4,1.0,0.6
4b6c991e-6b78-428a-8f50-2b075ab1f06d,8,0.4444444444444444,18,0.875,0.0,-0.875
4b6c991e-6b78-428a-8f50-2b075ab1f06d,11,0.6111111111111112,18,0.0,0.5714285714285714,0.5714285714285714
4bb20f5d-25b4-44fa-aa19-e90752dad079,11,0.3055555555555556,36,0.9090909090909091,0.16,-0.749090909090909
4bbb49ce-c4ea-4477-9b0c-77bab791df70,26,0.896551724137931,29,0.5384615384615384,0.0,-0.5384615384615384
4bbf2c59-0233-48d5-9aef-b3d90a4ee366,14,0.6086956521739131,23,0.7142857142857143,0.1111111111111111,-0.6031746031746033
4bc00367-755c-4240-9ca2-5a4191b198e5,10,0.4166666666666667,24,1.0,0.0,-1.0
4bc00367-755c-4240-9ca2-5a4191b198e5,13,0.5416666666666666,24,0.0,1.0,1.0
4bc00367-755c-4240-9ca2-5a4191b198e5,17,0.7083333333333334,24,1.0,0.25,-0.75
4bc00367-755c-4240-9ca2-5a4191b198e5,21,0.875,24,0.25,1.0,0.75
4bc178f4-f9e8-4a6e-a1fb-309cf462e8a7,23,0.46,50,1.0,0.5,-0.5
4bc178f4-f9e8-4a6e-a1fb-309cf462e8a7,31,0.62,50,0.5,0.10526315789473684,-0.39473684210526316
4bc978b1-ca2a-4393-9432-6e24bb98e09d,11,0.3793103448275862,29,1.0,0.4444444444444444,-0.5555555555555556
4bd023ae-e988-4cf4-bea7-d63cc7e61f6f,12,0.2857142857142857,42,1.0,0.5714285714285714,-0.4285714285714286
4bd023ae-e988-4cf4-bea7-d63cc7e61f6f,26,0.6190476190476191,42,0.5714285714285714,0.0,-0.5714285714285714
4bd023ae-e988-4cf4-bea7-d63cc7e61f6f,29,0.6904761904761905,42,0.0,0.8461538461538461,0.8461538461538461
4bdccc1d-e0bc-4db4-a06f-0e33bac587ce,7,0.2916666666666667,24,1.0,0.6470588235294118,-0.3529411764705882
4c069249-6042-4ee9-bed6-530e4acc52a1,12,0.3,40,1.0,0.25,-0.75
4c069249-6042-4ee9-bed6-530e4acc52a1,16,0.4,40,0.25,0.9583333333333334,0.7083333333333334
4c22e765-ae40-48e8-aabd-002c582ba59c,5,0.2777777777777778,18,0.8,0.0,-0.8
4c22e765-ae40-48e8-aabd-002c582ba59c,9,0.5,18,0.0,0.6666666666666666,0.6666666666666666
4c7cc8e8-f3e4-4a7f-92d7-27bfc48cd0b6,12,0.3,40,0.8333333333333334,0.16666666666666666,-0.6666666666666667
4c7cc8e8-f3e4-4a7f-92d7-27bfc48cd0b6,24,0.6,40,0.16666666666666666,1.0,0.8333333333333334
4c7cc8e8-f3e4-4a7f-92d7-27bfc48cd0b6,27,0.675,40,1.0,0.3076923076923077,-0.6923076923076923
4c828031-6ea4-47e4-a0ac-8b26c3d33c2c,9,0.391304347826087,23,1.0,0.0,-1.0
4c828031-6ea4-47e4-a0ac-8b26c3d33c2c,12,0.5217391304347826,23,0.0,1.0,1.0
4c828031-6ea4-47e4-a0ac-8b26c3d33c2c,17,0.7391304347826086,23,1.0,0.0,-1.0
4c828031-6ea4-47e4-a0ac-8b26c3d33c2c,20,0.8695652173913043,23,0.0,0.6666666666666666,0.6666666666666666
4c858b1e-bd2a-4fd8-b64c-c8385cecb4b7,8,0.2,40,0.625,0.1875,-0.4375
4c858b1e-bd2a-4fd8-b64c-c8385cecb4b7,24,0.6,40,0.1875,1.0,0.8125
4c858b1e-bd2a-4fd8-b64c-c8385cecb4b7,35,0.875,40,1.0,0.4,-0.6
4c87b569-8835-4fcc-a502-b473ec7206e4,9,0.25,36,0.8888888888888888,0.25,-0.6388888888888888
4c87b569-8835-4fcc-a502-b473ec7206e4,13,0.3611111111111111,36,0.25,0.8695652173913043,0.6195652173913043
4c935500-e4cd-42dd-b31a-72d9c7479708,23,0.5111111111111111,45,1.0,0.0,-1.0
4c935500-e4cd-42dd-b31a-72d9c7479708,26,0.5777777777777777,45,0.0,0.875,0.875
4c935500-e4cd-42dd-b31a-72d9c7479708,42,0.9333333333333333,45,0.875,0.3333333333333333,-0.5416666666666667
4c9c3828-e820-46d0-aba4-3ce1d09d51b0,17,0.40476190476190477,42,0.9411764705882353,0.35714285714285715,-0.5840336134453781
4c9c3828-e820-46d0-aba4-3ce1d09d51b0,31,0.7380952380952381,42,0.35714285714285715,1.0,0.6428571428571428
4c9c3828-e820-46d0-aba4-3ce1d09d51b0,34,0.8095238095238095,42,1.0,0.0,-1.0
4c9c3828-e820-46d0-aba4-3ce1d09d51b0,37,0.8809523809523809,42,0.0,1.0,1.0
4cb18e30-91f8-46dc-a281-24c3f59c88bf,8,0.3333333333333333,24,0.75,0.0,-0.75
4cb18e30-91f8-46dc-a281-24c3f59c88bf,11,0.4583333333333333,24,0.0,1.0,1.0
4cb18e30-91f8-46dc-a281-24c3f59c88bf,16,0.6666666666666666,24,1.0,0.25,-0.75
4cba6c31-3a7f-472f-82d3-ab8492d00da4,7,0.4117647058823529,17,1.0,0.25,-0.75
4cba6c31-3a7f-472f-82d3-ab8492d00da4,11,0.6470588235294118,17,0.25,1.0,0.75
4cdbc166-ffd0-45dd-bf8d-1cb545513cb3,3,0.17647058823529413,17,0.3333333333333333,1.0,0.6666666666666667
4cdbc166-ffd0-45dd-bf8d-1cb545513cb3,6,0.35294117647058826,17,1.0,0.0,-1.0
4cdbc166-ffd0-45dd-bf8d-1cb545513cb3,9,0.5294117647058824,17,0.0,0.8,0.8
4cdbc166-ffd0-45dd-bf8d-1cb545513cb3,14,0.8235294117647058,17,0.8,0.0,-0.8
4cf3d762-3daa-47ca-b978-4cf350039332,9,0.25,36,1.0,0.0,-1.0
4cf3d762-3daa-47ca-b978-4cf350039332,12,0.3333333333333333,36,0.0,0.7916666666666666,0.7916666666666666
4d05ff86-3793-410c-a971-e6702f12b062,6,0.20689655172413793,29,1.0,0.42857142857142855,-0.5714285714285714
4d05ff86-3793-410c-a971-e6702f12b062,13,0.4482758620689655,29,0.42857142857142855,1.0,0.5714285714285714
4d05ff86-3793-410c-a971-e6702f12b062,21,0.7241379310344828,29,1.0,0.125,-0.875
4d11dcac-5f2c-4fb3-86eb-ae0810fed59d,10,0.5555555555555556,18,1.0,0.0,-1.0
4d11dcac-5f2c-4fb3-86eb-ae0810fed59d,13,0.7222222222222222,18,0.0,1.0,1.0
4d130c56-82dc-4deb-a7e8-4080cc19ba44,23,0.575,40,0.8695652173913043,0.0,-0.8695652173913043
4d130c56-82dc-4deb-a7e8-4080cc19ba44,26,0.65,40,0.0,0.6428571428571429,0.6428571428571429
4d1603d9-db02-4fb3-8e79-5460182c7230,9,0.25,36,0.8888888888888888,0.2222222222222222,-0.6666666666666666
4d1603d9-db02-4fb3-8e79-5460182c7230,18,0.5,36,0.2222222222222222,1.0,0.7777777777777778
4d1603d9-db02-4fb3-8e79-5460182c7230,21,0.5833333333333334,36,1.0,0.0,-1.0
4d1603d9-db02-4fb3-8e79-5460182c7230,24,0.6666666666666666,36,0.0,0.6666666666666666,0.6666666666666666
4d1f6074-7334-4e98-8257-9fb6729d1ba0,21,0.4666666666666667,45,0.8571428571428571,0.14285714285714285,-0.7142857142857142
4d1f6074-7334-4e98-8257-9fb6729d1ba0,28,0.6222222222222222,45,0.14285714285714285,0.75,0.6071428571428572
4d1f6074-7334-4e98-8257-9fb6729d1ba0,40,0.8888888888888888,45,0.75,0.2,-0.55
4d390033-aec0-4908-a823-216ece34a851,7,0.19444444444444445,36,1.0,0.5909090909090909,-0.40909090909090906
4d390033-aec0-4908-a823-216ece34a851,29,0.8055555555555556,36,0.5909090909090909,1.0,0.40909090909090906
4d586d06-ab90-4632-a31b-36c19866409b,26,0.65,40,1.0,0.4,-0.6
4d586d06-ab90-4632-a31b-36c19866409b,31,0.775,40,0.4,0.8888888888888888,0.4888888888888888
4d75ed85-f65b-4042-828a-f597a24e0f4e,13,0.3611111111111111,36,0.8461538461538461,0.21739130434782608,-0.6287625418060201
4d79e84a-70da-4406-9c5a-6dfdf7539753,25,0.5,50,0.04,1.0,0.96
4d79e84a-70da-4406-9c5a-6dfdf7539753,28,0.56,50,1.0,0.06666666666666667,-0.9333333333333333
4d79e84a-70da-4406-9c5a-6dfdf7539753,43,0.86,50,0.06666666666666667,0.7142857142857143,0.6476190476190476
4d86e33f-c2d5-45bb-b119-ff0919db5cd5,5,0.1388888888888889,36,1.0,0.125,-0.875
4d86e33f-c2d5-45bb-b119-ff0919db5cd5,13,0.3611111111111111,36,0.125,0.8260869565217391,0.7010869565217391
4da216e3-7dfc-490a-a1ac-a02b09a8d933,5,0.1724137931034483,29,0.8,0.0,-0.8
4da216e3-7dfc-490a-a1ac-a02b09a8d933,8,0.27586206896551724,29,0.0,1.0,1.0
4da216e3-7dfc-490a-a1ac-a02b09a8d933,11,0.3793103448275862,29,1.0,0.3333333333333333,-0.6666666666666667
4dc3f266-545f-459c-af87-fcb3ebec2c5a,22,0.44,50,0.09090909090909091,0.35714285714285715,0.26623376623376627
4dc555e9-aad2-4a6d-a956-8c14ffc2197f,12,0.26666666666666666,45,0.3333333333333333,1.0,0.6666666666666667
4dc555e9-aad2-4a6d-a956-8c14ffc2197f,16,0.35555555555555557,45,1.0,0.10344827586206896,-0.896551724137931
4dc754f8-6bd4-4a3f-908d-6953bbef1fd6,3,0.16666666666666666,18,0.0,0.9333333333333333,0.9333333333333333
4dd270ce-0001-4b2b-9fde-5eb0f1fdb2bb,11,0.3055555555555556,36,0.8181818181818182,0.3333333333333333,-0.4848484848484849
4dd270ce-0001-4b2b-9fde-5eb0f1fdb2bb,17,0.4722222222222222,36,0.3333333333333333,0.8947368421052632,0.5614035087719298
4deabc53-c8b9-4603-a904-5e074cf6948b,15,0.8333333333333334,18,0.13333333333333333,0.6666666666666666,0.5333333333333333
4dec31b8-d884-4f5e-819e-d24209391f6f,5,0.1388888888888889,36,1.0,0.0,-1.0
4dec31b8-d884-4f5e-819e-d24209391f6f,8,0.2222222222222222,36,0.0,0.75,0.75
4df43180-1dad-454e-8aba-357f7022d3e0,10,0.2,50,0.9,0.2,-0.7
4df43180-1dad-454e-8aba-357f7022d3e0,15,0.3,50,0.2,1.0,0.8
4df43180-1dad-454e-8aba-357f7022d3e0,30,0.6,50,1.0,0.7,-0.30000000000000004
4e1afe61-66b0-4431-a10a-d1ebe91506ef,13,0.5416666666666666,24,0.7692307692307693,0.36363636363636365,-0.4055944055944056
4e23d06e-2b5a-4f7b-9467-1260bcc29817,5,0.1282051282051282,39,0.4,1.0,0.6
4e23d06e-2b5a-4f7b-9467-1260bcc29817,9,0.23076923076923078,39,1.0,0.2692307692307692,-0.7307692307692308
4e23d06e-2b5a-4f7b-9467-1260bcc29817,35,0.8974358974358975,39,0.2692307692307692,0.75,0.4807692307692308
4e2f3103-2a00-4fbc-822b-5feb56e0bcde,10,0.2222222222222222,45,1.0,0.19047619047619047,-0.8095238095238095
4e2f3103-2a00-4fbc-822b-5feb56e0bcde,31,0.6888888888888889,45,0.19047619047619047,0.6428571428571429,0.45238095238095244
4e2fc4b8-4ddd-4134-9c92-bbb622d6cf6d,7,0.19444444444444445,36,0.0,1.0,1.0
4e2fc4b8-4ddd-4134-9c92-bbb622d6cf6d,10,0.2777777777777778,36,1.0,0.16666666666666666,-0.8333333333333334
4e2fc4b8-4ddd-4134-9c92-bbb622d6cf6d,22,0.6111111111111112,36,0.16666666666666666,1.0,0.8333333333333334
4e2fc4b8-4ddd-4134-9c92-bbb622d6cf6d,25,0.6944444444444444,36,1.0,0.09090909090909091,-0.9090909090909091
4e4786ec-e393-4b9f-9058-d73681551120,5,0.22727272727272727,22,0.8,0.17647058823529413,-0.6235294117647059
4e4e1fce-0665-4fdf-a898-cbcb69ec4be4,14,0.3684210526315789,38,0.7142857142857143,0.125,-0.5892857142857143
4e4e1fce-0665-4fdf-a898-cbcb69ec4be4,30,0.7894736842105263,38,0.125,1.0,0.875
4e4e1fce-0665-4fdf-a898-cbcb69ec4be4,35,0.9210526315789473,38,1.0,0.3333333333333333,-0.6666666666666667
4e544533-999c-44de-97c8-f092a48cdfa9,5,0.20833333333333334,24,0.6,0.0,-0.6
4e544533-999c-44de-97c8-f092a48cdfa9,11,0.4583333333333333,24,0.0,0.8461538461538461,0.8461538461538461
4e6357f6-7b28-4b4e-bc52-6c626188f808,5,0.1111111111111111,45,1.0,0.0,-1.0
4e6357f6-7b28-4b4e-bc52-6c626188f808,8,0.17777777777777778,45,0.0,0.7297297297297297,0.7297297297297297
4e63dacf-c36b-434e-8035-e3300437a744,12,0.5,24,0.75,0.16666666666666666,-0.5833333333333334
4e677ea6-3840-4003-9afa-2088a7f2c4b9,12,0.5217391304347826,23,0.9166666666666666,0.125,-0.7916666666666666
4e677ea6-3840-4003-9afa-2088a7f2c4b9,20,0.8695652173913043,23,0.125,1.0,0.875
4eb1efd7-8dc3-4d96-9907-6e9be53df099,4,0.08,50,1.0,0.2391304347826087,-0.7608695652173914
4eb1f789-2365-4ad3-85ae-4cae31e624be,13,0.7222222222222222,18,0.9230769230769231,0.4,-0.5230769230769231
4ebbd4d3-3ecb-40d8-9bc3-ee5bcb287d42,16,0.4,40,0.9375,0.0,-0.9375
4ebbd4d3-3ecb-40d8-9bc3-ee5bcb287d42,21,0.525,40,0.0,0.8947368421052632,0.8947368421052632
4ee8f3f9-baf0-43ea-bfed-fa6e15249511,7,0.3888888888888889,18,1.0,0.6363636363636364,-0.36363636363636365
4ee912d6-d4d6-4ec2-a60d-e7ae34baf908,11,0.275,40,0.7272727272727273,0.2,-0.5272727272727273
4ee912d6-d4d6-4ec2-a60d-e7ae34baf908,16,0.4,40,0.2,1.0,0.8
4ee912d6-d4d6-4ec2-a60d-e7ae34baf908,27,0.675,40,1.0,0.0,-1.0
4ee912d6-d4d6-4ec2-a60d-e7ae34baf908,30,0.75,40,0.0,0.9,0.9
4eefcb71-938b-47f4-a198-5df21d284f90,3,0.17647058823529413,17,0.6666666666666666,0.0,-0.6666666666666666
4eefcb71-938b-47f4-a198-5df21d284f90,6,0.35294117647058826,17,0.0,1.0,1.0
4f2fad42-4059-4ca5-87c9-5fa1126a94ff,9,0.225,40,0.6666666666666666,0.09090909090909091,-0.5757575757575757
4f2fad42-4059-4ca5-87c9-5fa1126a94ff,20,0.5,40,0.09090909090909091,0.5333333333333333,0.4424242424242424
4f2fad42-4059-4ca5-87c9-5fa1126a94ff,35,0.875,40,0.5333333333333333,0.0,-0.5333333333333333
4f6d3de4-0844-4b4d-adac-5d44190d0592,12,0.3,40,0.9166666666666666,0.0,-0.9166666666666666
4f6d3de4-0844-4b4d-adac-5d44190d0592,15,0.375,40,0.0,0.92,0.92
4f7ca094-260b-4069-9561-b7fd816ef66d,19,0.7916666666666666,24,0.9473684210526315,0.4,-0.5473684210526315
4f7d84a1-5d5d-4eeb-ab1a-b9bb36482aea,16,0.6666666666666666,24,1.0,0.625,-0.375
4fa48a8d-0afb-46d9-a533-0c959e66a657,8,0.34782608695652173,23,0.875,0.13333333333333333,-0.7416666666666667
4faafd19-ca6d-41f0-b89b-1a7bcb416f6b,3,0.17647058823529413,17,0.6666666666666666,0.0,-0.6666666666666666
4faafd19-ca6d-41f0-b89b-1a7bcb416f6b,6,0.35294117647058826,17,0.0,1.0,1.0
4faafd19-ca6d-41f0-b89b-1a7bcb416f6b,10,0.5882352941176471,17,1.0,0.2857142857142857,-0.7142857142857143
4fd2d24c-9a55-4c4b-b43a-1e67cd8a5224,17,0.34,50,0.0,0.8571428571428571,0.8571428571428571
4fd2d24c-9a55-4c4b-b43a-1e67cd8a5224,24,0.48,50,0.8571428571428571,0.0,-0.8571428571428571
4fd2d24c-9a55-4c4b-b43a-1e67cd8a5224,40,0.8,50,0.0,0.8,0.8
4fe964bb-1502-4f54-8e48-95c2eef211e5,32,0.8,40,0.6875,0.0,-0.6875
4fe964bb-1502-4f54-8e48-95c2eef211e5,37,0.925,40,0.0,0.6666666666666666,0.6666666666666666
4ff7efb1-a6e4-4e24-a9dd-2a60be4fb02a,13,0.7647058823529411,17,1.0,0.5,-0.5
50310a65-0fba-4e67-9949-36d68b21fad4,19,0.48717948717948717,39,1.0,0.5882352941176471,-0.4117647058823529
50310a65-0fba-4e67-9949-36d68b21fad4,36,0.9230769230769231,39,0.5882352941176471,0.0,-0.5882352941176471
504f165c-9711-4fa9-acd0-e4ddbc142edd,14,0.6086956521739131,23,0.7857142857142857,0.1111111111111111,-0.6746031746031746
50643b36-c673-4d1a-afb8-df00772b1d70,3,0.125,24,0.6666666666666666,0.08333333333333333,-0.5833333333333333
50643b36-c673-4d1a-afb8-df00772b1d70,15,0.625,24,0.08333333333333333,0.8888888888888888,0.8055555555555555
5080c58b-0d17-473e-9ee8-86366df91f7e,13,0.7222222222222222,18,0.5384615384615384,0.0,-0.5384615384615384
5099b26f-8eee-4e4b-90f7-3a74a69b36b6,4,0.2222222222222222,18,1.0,0.16666666666666666,-0.8333333333333334
5099b26f-8eee-4e4b-90f7-3a74a69b36b6,10,0.5555555555555556,18,0.16666666666666666,0.75,0.5833333333333334
5099b26f-8eee-4e4b-90f7-3a74a69b36b6,14,0.7777777777777778,18,0.75,0.0,-0.75
50a791b9-401c-4015-823a-1815ffec8f85,10,0.5555555555555556,18,0.8,0.125,-0.675
50d62abc-bbe6-473b-9d04-6c77fe1bfc93,8,0.2,40,0.875,0.4166666666666667,-0.4583333333333333
50d62abc-bbe6-473b-9d04-6c77fe1bfc93,20,0.5,40,0.4166666666666667,1.0,0.5833333333333333
50d62abc-bbe6-473b-9d04-6c77fe1bfc93,23,0.575,40,1.0,0.0,-1.0
50d62abc-bbe6-473b-9d04-6c77fe1bfc93,30,0.75,40,0.0,0.8333333333333334,0.8333333333333334
50d62abc-bbe6-473b-9d04-6c77fe1bfc93,36,0.9,40,0.8333333333333334,0.0,-0.8333333333333334
50f63e7d-b9b5-484c-a20d-b68380a3b959,6,0.15789473684210525,38,1.0,0.5555555555555556,-0.4444444444444444
50f63e7d-b9b5-484c-a20d-b68380a3b959,24,0.631578947368421,38,0.5555555555555556,0.9285714285714286,0.373015873015873
50f7fda3-8010-4b10-b5ec-b688533c027a,14,0.35,40,1.0,0.07142857142857142,-0.9285714285714286
50f7fda3-8010-4b10-b5ec-b688533c027a,28,0.7,40,0.07142857142857142,0.5833333333333334,0.511904761904762
5102a708-6d39-47a3-ab35-12ffe114b7b0,37,0.8043478260869565,46,0.6486486486486487,0.2,-0.4486486486486487
5102a708-6d39-47a3-ab35-12ffe114b7b0,42,0.9130434782608695,46,0.2,1.0,0.8
5104f95d-0e40-47c3-bf91-15d8ebde3c76,6,0.3333333333333333,18,0.8333333333333334,0.0,-0.8333333333333334
5104f95d-0e40-47c3-bf91-15d8ebde3c76,9,0.5,18,0.0,0.8888888888888888,0.8888888888888888
510791c8-34eb-496d-8f33-1f06b8ae209b,3,0.075,40,0.3333333333333333,0.9090909090909091,0.5757575757575757
510791c8-34eb-496d-8f33-1f06b8ae209b,14,0.35,40,0.9090909090909091,0.4230769230769231,-0.486013986013986
51498e20-da13-4efb-bddf-4147a176cc84,15,0.8333333333333334,18,1.0,0.3333333333333333,-0.6666666666666667
514e05cb-c46c-4dd0-bbe3-d0f2de03c6a8,3,0.07894736842105263,38,1.0,0.37142857142857144,-0.6285714285714286
51596d34-2687-4552-a6a5-ce1b953b35a6,25,0.5555555555555556,45,0.92,0.2,-0.72
51623343-bb84-4695-a476-4b2a8bc4fd99,12,0.26666666666666666,45,0.5833333333333334,0.0,-0.5833333333333334
51623343-bb84-4695-a476-4b2a8bc4fd99,19,0.4222222222222222,45,0.0,1.0,1.0
51623343-bb84-4695-a476-4b2a8bc4fd99,22,0.4888888888888889,45,1.0,0.0,-1.0
51623343-bb84-4695-a476-4b2a8bc4fd99,26,0.5777777777777777,45,0.0,0.7142857142857143,0.7142857142857143
51623343-bb84-4695-a476-4b2a8bc4fd99,33,0.7333333333333333,45,0.7142857142857143,0.16666666666666666,-0.5476190476190477
51792969-f55e-41e0-912c-5ab32c9b0a5b,17,0.40476190476190477,42,1.0,0.4,-0.6
51792969-f55e-41e0-912c-5ab32c9b0a5b,27,0.6428571428571429,42,0.4,0.8,0.4
517f5471-53ac-4cf6-8208-dfc664d48e00,17,0.7391304347826086,23,0.8235294117647058,0.16666666666666666,-0.6568627450980392
5194b4e5-6c3d-4276-b854-ace1f2ef776b,25,0.5,50,0.0,0.48,0.48
51ac958e-0e89-49a6-aed4-50c1cd33cf5f,29,0.725,40,0.9310344827586207,0.18181818181818182,-0.7492163009404389
51c8ee13-9282-4355-bfdf-a7622c2da221,14,0.7777777777777778,18,1.0,0.25,-0.75
51d8bf9c-94fe-434f-9b28-9b1ca49fbd04,30,0.6,50,0.2,1.0,0.8
51d8bf9c-94fe-434f-9b28-9b1ca49fbd04,33,0.66,50,1.0,0.11764705882352941,-0.8823529411764706
51db884a-f239-446f-afc6-e11175aa8ae6,6,0.3333333333333333,18,1.0,0.4444444444444444,-0.5555555555555556
51db884a-f239-446f-afc6-e11175aa8ae6,15,0.8333333333333334,18,0.4444444444444444,1.0,0.5555555555555556
51de5d2c-abbd-4331-b6b7-4220e968b368,13,0.2826086956521739,46,0.8461538461538461,0.0,-0.8461538461538461
51de5d2c-abbd-4331-b6b7-4220e968b368,17,0.3695652173913043,46,0.0,0.8275862068965517,0.8275862068965517
51def83f-f52f-41be-8903-9922a258bb3b,15,0.32608695652173914,46,0.6666666666666666,0.0,-0.6666666666666666
51def83f-f52f-41be-8903-9922a258bb3b,18,0.391304347826087,46,0.0,1.0,1.0
51def83f-f52f-41be-8903-9922a258bb3b,23,0.5,46,1.0,0.0,-1.0
51def83f-f52f-41be-8903-9922a258bb3b,26,0.5652173913043478,46,0.0,0.75,0.75
51f7be2c-3e4d-47a0-acf3-13c63c61284c,26,0.896551724137931,29,0.8461538461538461,0.3333333333333333,-0.5128205128205128
52406090-d31b-4d5b-8008-17ed7f244de8,33,0.9166666666666666,36,0.8787878787878788,0.3333333333333333,-0.5454545454545454
525fa84c-9642-436f-ba33-03c5e4bbc589,19,0.475,40,0.9473684210526315,0.5714285714285714,-0.37593984962406013
526d34cc-0f45-4282-9685-741920895d99,24,0.48,50,0.9583333333333334,0.6538461538461539,-0.3044871794871795
5274f379-dee6-48f3-8566-7d482f2ed6b1,35,0.875,40,0.14285714285714285,1.0,0.8571428571428572
528a2053-1db5-41bf-ac7b-da366ef4a32b,22,0.44,50,0.9545454545454546,0.5714285714285714,-0.3831168831168832
528d3595-50de-4fb3-a0ab-9748df56a267,31,0.6888888888888889,45,0.8387096774193549,0.35714285714285715,-0.4815668202764977
528d4495-1092-4970-9486-ddaeb1e6bcc8,14,0.7777777777777778,18,0.7142857142857143,0.25,-0.4642857142857143
52a166a1-e69b-45d2-b406-acf2ac1a758a,13,0.7222222222222222,18,0.7692307692307693,0.4,-0.36923076923076925
52a8ffe6-2de1-47ce-a128-c4c1432c7086,24,0.5333333333333333,45,1.0,0.6666666666666666,-0.33333333333333337
52c094e0-ef08-4f1a-a816-69f6dbe60f91,7,0.3888888888888889,18,0.8571428571428571,0.2727272727272727,-0.5844155844155844
52c401f8-20df-4c21-9c44-f49b5f9dba2d,19,0.5,38,0.21052631578947367,1.0,0.7894736842105263
52c401f8-20df-4c21-9c44-f49b5f9dba2d,23,0.6052631578947368,38,1.0,0.0,-1.0
52c401f8-20df-4c21-9c44-f49b5f9dba2d,28,0.7368421052631579,38,0.0,0.7,0.7
52deaff0-ae7f-43c1-a4fc-c01312c74126,6,0.3333333333333333,18,0.8333333333333334,0.2,-0.6333333333333333
52deaff0-ae7f-43c1-a4fc-c01312c74126,11,0.6111111111111112,18,0.2,1.0,0.8
52deaff0-ae7f-43c1-a4fc-c01312c74126,14,0.7777777777777778,18,1.0,0.25,-0.75
52fdd9c8-79e3-42c6-81cd-12be53309028,9,0.225,40,0.8888888888888888,0.0,-0.8888888888888888
52fdd9c8-79e3-42c6-81cd-12be53309028,18,0.45,40,0.0,0.36363636363636365,0.36363636363636365
53253ac8-be63-4e98-b63f-01407f80d2a1,26,0.7222222222222222,36,1.0,0.16666666666666666,-0.8333333333333334
53253ac8-be63-4e98-b63f-01407f80d2a1,32,0.8888888888888888,36,0.16666666666666666,1.0,0.8333333333333334
53372b63-dd5a-41d1-8d4f-93c0122277fc,7,0.14,50,0.2857142857142857,0.92,0.6342857142857143
53372b63-dd5a-41d1-8d4f-93c0122277fc,32,0.64,50,0.92,0.35714285714285715,-0.562857142857143
53372b63-dd5a-41d1-8d4f-93c0122277fc,46,0.92,50,0.35714285714285715,1.0,0.6428571428571428
534d0072-1fb6-4791-b144-671797dd257f,5,0.10869565217391304,46,1.0,0.5294117647058824,-0.47058823529411764
534d0072-1fb6-4791-b144-671797dd257f,22,0.4782608695652174,46,0.5294117647058824,0.0,-0.5294117647058824
534d0072-1fb6-4791-b144-671797dd257f,27,0.5869565217391305,46,0.0,1.0,1.0
534d0072-1fb6-4791-b144-671797dd257f,30,0.6521739130434783,46,1.0,0.1,-0.9
534d0072-1fb6-4791-b144-671797dd257f,40,0.8695652173913043,46,0.1,0.6666666666666666,0.5666666666666667
534e1beb-5063-4196-a91a-164b0c9b0de5,30,0.6,50,0.8333333333333334,0.2857142857142857,-0.5476190476190477
534e1beb-5063-4196-a91a-164b0c9b0de5,37,0.74,50,0.2857142857142857,0.8461538461538461,0.5604395604395604
535fbcc7-dd4c-491d-aaa9-bbc41d8ae770,3,0.125,24,1.0,0.14285714285714285,-0.8571428571428572
535fbcc7-dd4c-491d-aaa9-bbc41d8ae770,10,0.4166666666666667,24,0.14285714285714285,0.7142857142857143,0.5714285714285714
535fbcc7-dd4c-491d-aaa9-bbc41d8ae770,17,0.7083333333333334,24,0.7142857142857143,0.0,-0.7142857142857143
53822f18-5d8f-4f1b-932c-3980c227c8b4,20,0.8333333333333334,24,1.0,0.5,-0.5
538f728c-3ff8-48c1-8c3b-f3e0f8de655f,35,0.7,50,0.9142857142857143,0.4666666666666667,-0.4476190476190476
53bbc9ae-0cdc-4b24-b196-a82573d7d3bc,8,0.18181818181818182,44,0.5,0.0,-0.5
53bbc9ae-0cdc-4b24-b196-a82573d7d3bc,29,0.6590909090909091,44,0.0,0.3333333333333333,0.3333333333333333
53c28878-f1c0-47c1-9437-112b7bad49b9,18,0.4,45,0.5555555555555556,1.0,0.4444444444444444
53c28878-f1c0-47c1-9437-112b7bad49b9,27,0.6,45,1.0,0.0,-1.0
53c28878-f1c0-47c1-9437-112b7bad49b9,32,0.7111111111111111,45,0.0,0.8461538461538461,0.8461538461538461
53e290e7-8a2b-4f47-a826-4ec6937666be,14,0.2916666666666667,48,0.8571428571428571,0.0,-0.8571428571428571
53e290e7-8a2b-4f47-a826-4ec6937666be,17,0.3541666666666667,48,0.0,0.8387096774193549,0.8387096774193549
53e5fead-1310-4326-a846-5457653d87f4,41,0.7592592592592593,54,0.7804878048780488,0.0,-0.7804878048780488
53e5fead-1310-4326-a846-5457653d87f4,44,0.8148148148148148,54,0.0,1.0,1.0
53e5fead-1310-4326-a846-5457653d87f4,50,0.9259259259259259,54,1.0,0.25,-0.75
53ed1b08-cc21-489f-9215-189adba01bb4,25,0.5555555555555556,45,1.0,0.25,-0.75
53ed1b08-cc21-489f-9215-189adba01bb4,29,0.6444444444444445,45,0.25,0.9230769230769231,0.6730769230769231
53ed1b08-cc21-489f-9215-189adba01bb4,42,0.9333333333333333,45,0.9230769230769231,0.3333333333333333,-0.5897435897435899
53f5212f-ce74-46cd-910a-8f8c1a69b3b1,6,0.35294117647058826,17,0.3333333333333333,0.8333333333333334,0.5
53f5212f-ce74-46cd-910a-8f8c1a69b3b1,12,0.7058823529411765,17,0.8333333333333334,0.2,-0.6333333333333333
54005cc6-495d-4093-ac6a-c64ae2a992b7,41,0.82,50,0.9024390243902439,0.5555555555555556,-0.34688346883468835
541316b4-a8f5-4f87-9308-a7cf2f24cf11,9,0.391304347826087,23,1.0,0.0,-1.0
541316b4-a8f5-4f87-9308-a7cf2f24cf11,16,0.6956521739130435,23,0.0,0.7142857142857143,0.7142857142857143
5420dc66-fdac-4c71-908d-a1c2c4910518,40,0.8888888888888888,45,0.85,0.4,-0.44999999999999996
542a587d-8359-49e9-8709-8d650c3e3ec9,3,0.0625,48,1.0,0.4222222222222222,-0.5777777777777777
5437b276-6da1-46a8-a800-e531295e7312,5,0.1724137931034483,29,0.8,0.375,-0.42500000000000004
5440c913-9330-48ce-836b-689a0230a29a,38,0.7916666666666666,48,0.868421052631579,0.5,-0.368421052631579
5443e7db-da92-4008-adbb-98efebb239f0,5,0.2777777777777778,18,0.4,0.8461538461538461,0.4461538461538461
5455393d-8c41-45c4-a557-5351d1435311,22,0.44,50,0.7727272727272727,0.4642857142857143,-0.3084415584415584
5460bfed-8961-4b75-b454-f80f8cead193,10,0.2777777777777778,36,0.9,0.2,-0.7
5460bfed-8961-4b75-b454-f80f8cead193,15,0.4166666666666667,36,0.2,0.9444444444444444,0.7444444444444445
5460bfed-8961-4b75-b454-f80f8cead193,33,0.9166666666666666,36,0.9444444444444444,0.3333333333333333,-0.6111111111111112
546102f8-2b12-4b44-a4c3-153a9ff0e153,3,0.17647058823529413,17,1.0,0.2,-0.8
546102f8-2b12-4b44-a4c3-153a9ff0e153,13,0.7647058823529411,17,0.2,0.75,0.55
54771243-ae3b-4b97-b47d-f074cc4aa62e,6,0.13333333333333333,45,1.0,0.3333333333333333,-0.6666666666666667
54771243-ae3b-4b97-b47d-f074cc4aa62e,36,0.8,45,0.3333333333333333,0.7777777777777778,0.4444444444444445
54810e2f-28dd-4881-a2bc-7aefc17c3ae8,37,0.925,40,0.8378378378378378,0.3333333333333333,-0.5045045045045045
548d8b59-ca01-43db-a053-c248b7ebce10,8,0.2222222222222222,36,0.75,0.18181818181818182,-0.5681818181818181
548d8b59-ca01-43db-a053-c248b7ebce10,19,0.5277777777777778,36,0.18181818181818182,0.7647058823529411,0.5828877005347592
54ab95da-7a5b-44c3-9c9d-b9fac01ea455,32,0.8888888888888888,36,0.96875,0.5,-0.46875
54aeb3aa-9ab8-4d96-8ab7-0ebd1d0d55f0,6,0.2608695652173913,23,0.6666666666666666,0.17647058823529413,-0.4901960784313725
54d7f7c9-4204-4dba-ab93-33cea5775152,21,0.42,50,0.6190476190476191,0.27586206896551724,-0.34318555008210183
54d808f4-5982-426f-be9c-10f757843e20,5,0.2777777777777778,18,0.6,0.0,-0.6
54d808f4-5982-426f-be9c-10f757843e20,8,0.4444444444444444,18,0.0,0.8571428571428571,0.8571428571428571
54d808f4-5982-426f-be9c-10f757843e20,15,0.8333333333333334,18,0.8571428571428571,0.0,-0.8571428571428571
54e2e238-a4e7-4817-bfc3-588922e18f72,13,0.5909090909090909,22,1.0,0.6666666666666666,-0.33333333333333337
54edd103-8b4f-4776-9fa2-0c50bac7ff14,11,0.22,50,0.9090909090909091,0.3333333333333333,-0.5757575757575757
54edd103-8b4f-4776-9fa2-0c50bac7ff14,20,0.4,50,0.3333333333333333,0.8333333333333334,0.5
54f5a24a-f1cc-481d-82df-24aeae9ff38a,5,0.10869565217391304,46,0.4,0.8888888888888888,0.4888888888888888
54f5a24a-f1cc-481d-82df-24aeae9ff38a,14,0.30434782608695654,46,0.8888888888888888,0.40625,-0.48263888888888884
54fde47c-c819-4598-a40c-8814ac2e560f,17,0.5862068965517241,29,0.7647058823529411,0.08333333333333333,-0.6813725490196078
55147dd2-0c83-44aa-b966-f0376a6ea4d6,10,0.3448275862068966,29,1.0,0.0,-1.0
55147dd2-0c83-44aa-b966-f0376a6ea4d6,13,0.4482758620689655,29,0.0,0.75,0.75
5514d91c-cdfa-4b93-a6af-3f5eae4d8b64,13,0.26,50,0.6923076923076923,0.0,-0.6923076923076923
5514d91c-cdfa-4b93-a6af-3f5eae4d8b64,19,0.38,50,0.0,0.75,0.75
5514d91c-cdfa-4b93-a6af-3f5eae4d8b64,47,0.94,50,0.75,0.0,-0.75
553d8f8d-776c-4b9f-ac35-41deca34ca49,21,0.525,40,0.38095238095238093,1.0,0.6190476190476191
553d8f8d-776c-4b9f-ac35-41deca34ca49,25,0.625,40,1.0,0.0,-1.0
553d8f8d-776c-4b9f-ac35-41deca34ca49,28,0.7,40,0.0,0.6666666666666666,0.6666666666666666
554a7c7f-27af-48a0-a4b0-91e3da631b0b,9,0.25,36,1.0,0.5454545454545454,-0.4545454545454546
554a7c7f-27af-48a0-a4b0-91e3da631b0b,20,0.5555555555555556,36,0.5454545454545454,0.0,-0.5454545454545454
554a7c7f-27af-48a0-a4b0-91e3da631b0b,23,0.6388888888888888,36,0.0,0.9230769230769231,0.9230769230769231
556021ee-2783-4c7a-a9d8-9a2eb7a56089,24,0.6,40,0.375,0.0,-0.375
556021ee-2783-4c7a-a9d8-9a2eb7a56089,31,0.775,40,0.0,0.8888888888888888,0.8888888888888888
5564ca8e-4308-45d5-bda2-8086fb8d75cb,20,0.6896551724137931,29,0.9,0.5555555555555556,-0.34444444444444444
556a6c7e-5a17-4d8a-8a78-db9b2fb8f7bb,18,0.4,45,0.5,0.0,-0.5
556a6c7e-5a17-4d8a-8a78-db9b2fb8f7bb,23,0.5111111111111111,45,0.0,1.0,1.0
556a6c7e-5a17-4d8a-8a78-db9b2fb8f7bb,27,0.6,45,1.0,0.2777777777777778,-0.7222222222222222
556c24a2-2f40-4948-bc60-1da5c81d7f4e,37,0.925,40,0.8648648648648649,0.3333333333333333,-0.5315315315315317
5579d64d-b947-48b8-9938-680e104d14ed,3,0.07692307692307693,39,0.3333333333333333,0.8611111111111112,0.5277777777777779
55853e40-fa11-4a17-b195-cca76528b3cd,8,0.34782608695652173,23,0.375,1.0,0.625
55853e40-fa11-4a17-b195-cca76528b3cd,12,0.5217391304347826,23,1.0,0.0,-1.0
55853e40-fa11-4a17-b195-cca76528b3cd,16,0.6956521739130435,23,0.0,1.0,1.0
55853e40-fa11-4a17-b195-cca76528b3cd,19,0.8260869565217391,23,1.0,0.25,-0.75
558a8b51-29e9-4346-8bc0-307b4bb6064e,6,0.35294117647058826,17,0.8333333333333334,0.0,-0.8333333333333334
558a8b51-29e9-4346-8bc0-307b4bb6064e,9,0.5294117647058824,17,0.0,0.75,0.75
5590b9f6-df6e-4d7c-932e-45fe11077ca7,13,0.26,50,0.9230769230769231,0.1891891891891892,-0.7338877338877339
55a286e8-a4f9-44ec-820c-c1f3a734ed8a,3,0.10714285714285714,28,0.3333333333333333,1.0,0.6666666666666667
55a286e8-a4f9-44ec-820c-c1f3a734ed8a,17,0.6071428571428571,28,1.0,0.0,-1.0
55a286e8-a4f9-44ec-820c-c1f3a734ed8a,25,0.8928571428571429,28,0.0,0.6666666666666666,0.6666666666666666
55cc99f9-5b82-4b3d-93a9-83fcc72368a6,9,0.23076923076923078,39,1.0,0.0,-1.0
55cc99f9-5b82-4b3d-93a9-83fcc72368a6,12,0.3076923076923077,39,0.0,0.7777777777777778,0.7777777777777778
55ccb76d-01cb-4c11-aaa5-b9e6958fc53c,6,0.20689655172413793,29,1.0,0.375,-0.625
55ccb76d-01cb-4c11-aaa5-b9e6958fc53c,14,0.4827586206896552,29,0.375,0.8,0.42500000000000004
55f9263a-2b32-4c75-ac8f-d6edffe34825,10,0.2777777777777778,36,1.0,0.25,-0.75
55f9263a-2b32-4c75-ac8f-d6edffe34825,14,0.3888888888888889,36,0.25,0.9545454545454546,0.7045454545454546
56036926-f240-40ca-b46f-505dce4026fe,16,0.4444444444444444,36,0.6875,0.25,-0.4375
5603d4c5-4757-47c9-81e7-37371be35513,13,0.7222222222222222,18,0.5384615384615384,1.0,0.46153846153846156
560b655b-1465-470c-9d3d-f90ad33370dc,12,0.7058823529411765,17,0.0,0.6,0.6
560ffbcd-ea7e-4f0c-acd5-541dc774e936,28,0.6222222222222222,45,0.4642857142857143,1.0,0.5357142857142857
560ffbcd-ea7e-4f0c-acd5-541dc774e936,34,0.7555555555555555,45,1.0,0.0,-1.0
560ffbcd-ea7e-4f0c-acd5-541dc774e936,38,0.8444444444444444,45,0.0,0.5714285714285714,0.5714285714285714
56214535-98c9-4e0f-a79c-c187ab898a99,27,0.75,36,1.0,0.5555555555555556,-0.4444444444444444
5632bf8f-2d0c-474e-ac5a-d566baae8810,6,0.16666666666666666,36,0.8333333333333334,0.38461538461538464,-0.44871794871794873
5632bf8f-2d0c-474e-ac5a-d566baae8810,19,0.5277777777777778,36,0.38461538461538464,0.8823529411764706,0.4977375565610859
567f7d31-70e7-441e-9eaf-7dc5006c6e64,29,0.6904761904761905,42,0.4482758620689655,0.8,0.3517241379310345
567f7d31-70e7-441e-9eaf-7dc5006c6e64,39,0.9285714285714286,42,0.8,0.0,-0.8
56840c97-9e5e-448a-9514-994bf719609d,4,0.13793103448275862,29,0.0,1.0,1.0
56840c97-9e5e-448a-9514-994bf719609d,7,0.2413793103448276,29,1.0,0.17647058823529413,-0.8235294117647058
56840c97-9e5e-448a-9514-994bf719609d,24,0.8275862068965517,29,0.17647058823529413,0.6,0.4235294117647058
56b06447-8e2e-429d-9a7e-ca00b30239cc,19,0.8636363636363636,22,0.8947368421052632,0.0,-0.8947368421052632
56d3a978-a458-4444-996f-8afa14c94b5e,7,0.30434782608695654,23,1.0,0.5384615384615384,-0.46153846153846156
56d3a978-a458-4444-996f-8afa14c94b5e,20,0.8695652173913043,23,0.5384615384615384,0.0,-0.5384615384615384
56fc8b19-0e76-4832-b841-781e6792a619,38,0.8444444444444444,45,0.7894736842105263,0.0,-0.7894736842105263
56fc8b19-0e76-4832-b841-781e6792a619,42,0.9333333333333333,45,0.0,1.0,1.0
5716e581-23b4-446a-ac04-d7ee3118fc02,10,0.5555555555555556,18,0.7,0.0,-0.7
5716e581-23b4-446a-ac04-d7ee3118fc02,14,0.7777777777777778,18,0.0,0.75,0.75
573001ab-c7c6-432a-a664-4c3ef77a3e60,13,0.5652173913043478,23,0.7692307692307693,0.0,-0.7692307692307693
573001ab-c7c6-432a-a664-4c3ef77a3e60,16,0.6956521739130435,23,0.0,0.8571428571428571,0.8571428571428571
57454feb-a5d7-49a6-b44b-ab7d6da60634,12,0.3,40,1.0,0.0,-1.0
57454feb-a5d7-49a6-b44b-ab7d6da60634,17,0.425,40,0.0,0.5652173913043478,0.5652173913043478
577d314d-239c-426d-a49d-b762bc675898,35,0.9210526315789473,38,0.8857142857142857,0.3333333333333333,-0.5523809523809524
57ab611f-2f22-4d68-aa3a-dd3e77cf9ec1,23,0.46,50,0.9130434782608695,0.3333333333333333,-0.5797101449275361
57ab611f-2f22-4d68-aa3a-dd3e77cf9ec1,32,0.64,50,0.3333333333333333,0.7777777777777778,0.4444444444444445
57d4998f-29b6-4528-906c-13af933fd3c1,19,0.4523809523809524,42,0.8421052631578947,0.0,-0.8421052631578947
57d4998f-29b6-4528-906c-13af933fd3c1,25,0.5952380952380952,42,0.0,0.5833333333333334,0.5833333333333334
57d4998f-29b6-4528-906c-13af933fd3c1,37,0.8809523809523809,42,0.5833333333333334,0.0,-0.5833333333333334
582706c1-91ab-472d-8d96-1088c9a8c0cd,22,0.4583333333333333,48,0.3181818181818182,0.6153846153846154,0.29720279720279724
58560b0e-9a10-4595-b6e6-b11ef9048a8f,25,0.625,40,0.88,0.14285714285714285,-0.7371428571428571
58560b0e-9a10-4595-b6e6-b11ef9048a8f,32,0.8,40,0.14285714285714285,1.0,0.8571428571428572
58560b0e-9a10-4595-b6e6-b11ef9048a8f,35,0.875,40,1.0,0.2,-0.8
5883f825-514d-4866-9c5a-37a40e7b36c2,17,0.425,40,0.5294117647058824,0.0,-0.5294117647058824
5884a7ed-ef32-460e-91af-3782a9550e24,5,0.11904761904761904,42,0.6,0.0,-0.6
5884a7ed-ef32-460e-91af-3782a9550e24,12,0.2857142857142857,42,0.0,1.0,1.0
5884a7ed-ef32-460e-91af-3782a9550e24,15,0.35714285714285715,42,1.0,0.09090909090909091,-0.9090909090909091
5884a7ed-ef32-460e-91af-3782a9550e24,26,0.6190476190476191,42,0.09090909090909091,0.5,0.40909090909090906
58893142-fff3-4a75-a4be-e7c54b761906,14,0.28,50,0.0,0.4166666666666667,0.4166666666666667
58893142-fff3-4a75-a4be-e7c54b761906,38,0.76,50,0.4166666666666667,0.08333333333333333,-0.33333333333333337
588fef49-b142-471b-ba9d-dabb87fd0cec,11,0.22,50,0.8181818181818182,0.0,-0.8181818181818182
588fef49-b142-471b-ba9d-dabb87fd0cec,14,0.28,50,0.0,1.0,1.0
588fef49-b142-471b-ba9d-dabb87fd0cec,17,0.34,50,1.0,0.1111111111111111,-0.8888888888888888
588fef49-b142-471b-ba9d-dabb87fd0cec,26,0.52,50,0.1111111111111111,0.5789473684210527,0.46783625730994155
588fef49-b142-471b-ba9d-dabb87fd0cec,45,0.9,50,0.5789473684210527,0.0,-0.5789473684210527
58a6d868-d508-449b-9287-4375f76bc376,28,0.56,50,0.75,0.0,-0.75
58a6d868-d508-449b-9287-4375f76bc376,37,0.74,50,0.0,0.75,0.75
58a6d868-d508-449b-9287-4375f76bc376,41,0.82,50,0.75,0.1111111111111111,-0.6388888888888888
58ba104c-c2b2-4589-b38d-b0ba0f0ee140,9,0.5294117647058824,17,0.7777777777777778,0.0,-0.7777777777777778
58ba104c-c2b2-4589-b38d-b0ba0f0ee140,12,0.7058823529411765,17,0.0,1.0,1.0
58c5967b-aae1-4ac5-b555-1ef13d1af127,5,0.2777777777777778,18,1.0,0.5384615384615384,-0.46153846153846156
58dfe431-ba9c-4ef0-b996-d2a70e88411c,20,0.8333333333333334,24,1.0,0.5,-0.5
591e8706-612c-4a50-99d6-0bc330375199,16,0.4,40,1.0,0.4,-0.6
591e8706-612c-4a50-99d6-0bc330375199,21,0.525,40,0.4,1.0,0.6
591e8706-612c-4a50-99d6-0bc330375199,25,0.625,40,1.0,0.0,-1.0
591e8706-612c-4a50-99d6-0bc330375199,28,0.7,40,0.0,0.875,0.875
591e8706-612c-4a50-99d6-0bc330375199,36,0.9,40,0.875,0.25,-0.625
593d910e-0aad-460b-a972-1c61f8af7a01,26,0.5777777777777777,45,0.7692307692307693,0.25,-0.5192307692307693
593d910e-0aad-460b-a972-1c61f8af7a01,38,0.8444444444444444,45,0.25,0.8571428571428571,0.6071428571428571
593ff44f-e52c-4b2c-927e-13510fe4be73,7,0.14,50,0.0,1.0,1.0
593ff44f-e52c-4b2c-927e-13510fe4be73,11,0.22,50,1.0,0.3333333333333333,-0.6666666666666667
594d53f8-0864-45e5-8f76-639b1a2ee219,25,0.5434782608695652,46,0.88,0.35714285714285715,-0.5228571428571429
594d53f8-0864-45e5-8f76-639b1a2ee219,39,0.8478260869565217,46,0.35714285714285715,1.0,0.6428571428571428
596538b2-5532-482f-8845-a2547409f9f4,15,0.8333333333333334,18,0.8,0.0,-0.8
596d4254-f948-4f54-9c48-b13f3eb0e16d,8,0.2222222222222222,36,1.0,0.0,-1.0
596d4254-f948-4f54-9c48-b13f3eb0e16d,12,0.3333333333333333,36,0.0,1.0,1.0
596d4254-f948-4f54-9c48-b13f3eb0e16d,15,0.4166666666666667,36,1.0,0.0,-1.0
596d4254-f948-4f54-9c48-b13f3eb0e16d,18,0.5,36,0.0,1.0,1.0
596d4254-f948-4f54-9c48-b13f3eb0e16d,21,0.5833333333333334,36,1.0,0.0,-1.0
596d4254-f948-4f54-9c48-b13f3eb0e16d,24,0.6666666666666666,36,0.0,0.9166666666666666,0.9166666666666666
597c9e30-bfd5-41e9-8f39-e024d1d7c3d8,30,0.6,50,0.8,0.0,-0.8
597c9e30-bfd5-41e9-8f39-e024d1d7c3d8,35,0.7,50,0.0,0.8888888888888888,0.8888888888888888
597c9e30-bfd5-41e9-8f39-e024d1d7c3d8,44,0.88,50,0.8888888888888888,0.3333333333333333,-0.5555555555555556
59aa3e68-e507-4408-a55e-b32a572a1b99,9,0.25,36,1.0,0.0,-1.0
59aa3e68-e507-4408-a55e-b32a572a1b99,12,0.3333333333333333,36,0.0,1.0,1.0
59aa3e68-e507-4408-a55e-b32a572a1b99,17,0.4722222222222222,36,1.0,0.2857142857142857,-0.7142857142857143
59aa3e68-e507-4408-a55e-b32a572a1b99,24,0.6666666666666666,36,0.2857142857142857,1.0,0.7142857142857143
59ade439-cd04-4799-87c2-d148e0b0dec8,33,0.7333333333333333,45,0.7575757575757576,0.0,-0.7575757575757576
59ade439-cd04-4799-87c2-d148e0b0dec8,39,0.8666666666666667,45,0.0,1.0,1.0
59ade439-cd04-4799-87c2-d148e0b0dec8,42,0.9333333333333333,45,1.0,0.0,-1.0
59b61a4f-809e-4059-904d-4f1a2abcc6f9,3,0.125,24,0.6666666666666666,0.1,-0.5666666666666667
59b61a4f-809e-4059-904d-4f1a2abcc6f9,13,0.5416666666666666,24,0.1,0.5454545454545454,0.44545454545454544
59b67195-4354-4448-828c-0f6a236d6025,25,0.625,40,0.52,0.0,-0.52
59b67195-4354-4448-828c-0f6a236d6025,36,0.9,40,0.0,0.5,0.5
59c2c814-9c7f-4b66-9ac4-95cf42fe128f,34,0.68,50,0.9117647058823529,0.3,-0.611764705882353
59c2c814-9c7f-4b66-9ac4-95cf42fe128f,44,0.88,50,0.3,0.8333333333333334,0.5333333333333334
59d1d32d-9087-4ec1-b545-d31db2c007a8,13,0.26,50,0.7692307692307693,0.0,-0.7692307692307693
59d1d32d-9087-4ec1-b545-d31db2c007a8,16,0.32,50,0.0,0.7692307692307693,0.7692307692307693
59d1d32d-9087-4ec1-b545-d31db2c007a8,29,0.58,50,0.7692307692307693,0.0,-0.7692307692307693
59d1d32d-9087-4ec1-b545-d31db2c007a8,35,0.7,50,0.0,0.7142857142857143,0.7142857142857143
59d1d32d-9087-4ec1-b545-d31db2c007a8,42,0.84,50,0.7142857142857143,0.125,-0.5892857142857143
59fbf5c1-bd1a-4ddb-b0cb-ccdace28fb84,25,0.6944444444444444,36,0.76,0.0,-0.76
59fbf5c1-bd1a-4ddb-b0cb-ccdace28fb84,28,0.7777777777777778,36,0.0,0.625,0.625
5a03128d-0057-404d-a728-adc395b36541,3,0.06,50,0.0,0.6,0.6
5a03128d-0057-404d-a728-adc395b36541,18,0.36,50,0.6,0.25,-0.35
5a1c46ee-1e55-4209-a270-38fb7d8653d6,8,0.16,50,0.875,0.16666666666666666,-0.7083333333333334
5a1c46ee-1e55-4209-a270-38fb7d8653d6,14,0.28,50,0.16666666666666666,1.0,0.8333333333333334
5a1c46ee-1e55-4209-a270-38fb7d8653d6,19,0.38,50,1.0,0.16666666666666666,-0.8333333333333334
5a1c46ee-1e55-4209-a270-38fb7d8653d6,25,0.5,50,0.16666666666666666,0.9090909090909091,0.7424242424242424
5a1c46ee-1e55-4209-a270-38fb7d8653d6,36,0.72,50,0.9090909090909091,0.0,-0.9090909090909091
5a1c46ee-1e55-4209-a270-38fb7d8653d6,39,0.78,50,0.0,1.0,1.0
5a1c46ee-1e55-4209-a270-38fb7d8653d6,44,0.88,50,1.0,0.3333333333333333,-0.6666666666666667
5a22759f-41ce-49a3-a12c-6b1543039ccc,4,0.1,40,0.0,0.625,0.625
5a22759f-41ce-49a3-a12c-6b1543039ccc,12,0.3,40,0.625,0.0,-0.625
5a22759f-41ce-49a3-a12c-6b1543039ccc,17,0.425,40,0.0,1.0,1.0
5a22759f-41ce-49a3-a12c-6b1543039ccc,20,0.5,40,1.0,0.1,-0.9
5a263a25-fdf7-49f5-8f2a-cf6a10991b31,7,0.30434782608695654,23,0.42857142857142855,0.9166666666666666,0.4880952380952381
5a263a25-fdf7-49f5-8f2a-cf6a10991b31,19,0.8260869565217391,23,0.9166666666666666,0.25,-0.6666666666666666
5a2b68aa-0c1a-45e5-8b0b-5819d588abb6,7,0.19444444444444445,36,0.8571428571428571,0.2916666666666667,-0.5654761904761905
5a2b68aa-0c1a-45e5-8b0b-5819d588abb6,31,0.8611111111111112,36,0.2916666666666667,0.8,0.5083333333333333
5a373f2a-4f9c-4d29-b191-79c4a06590bf,3,0.125,24,1.0,0.15384615384615385,-0.8461538461538461
5a373f2a-4f9c-4d29-b191-79c4a06590bf,16,0.6666666666666666,24,0.15384615384615385,1.0,0.8461538461538461
5a373f2a-4f9c-4d29-b191-79c4a06590bf,20,0.8333333333333334,24,1.0,0.25,-0.75
5a42e664-d400-48cc-b673-0544042d589b,3,0.075,40,1.0,0.0,-1.0
5a42e664-d400-48cc-b673-0544042d589b,6,0.15,40,0.0,1.0,1.0
5a42e664-d400-48cc-b673-0544042d589b,12,0.3,40,1.0,0.25,-0.75
5a42e664-d400-48cc-b673-0544042d589b,16,0.4,40,0.25,1.0,0.75
5a42e664-d400-48cc-b673-0544042d589b,24,0.6,40,1.0,0.625,-0.375
5a4f6d93-e907-4149-b7dc-3041bb5cf320,5,0.29411764705882354,17,0.6,1.0,0.4
5a64c879-474a-4bae-8805-4f56fc89249d,6,0.35294117647058826,17,0.5,1.0,0.5
5a6ff90a-bede-4c19-9161-02089496a223,6,0.13043478260869565,46,0.3333333333333333,0.775,0.4416666666666667
5a782bb0-f74f-4d7c-9ac0-41417215e076,5,0.1111111111111111,45,1.0,0.0,-1.0
5a782bb0-f74f-4d7c-9ac0-41417215e076,10,0.2222222222222222,45,0.0,0.75,0.75
5a782bb0-f74f-4d7c-9ac0-41417215e076,18,0.4,45,0.75,0.3333333333333333,-0.4166666666666667
5a789d2e-957e-437d-b123-cd2241a6b5f6,19,0.475,40,0.8421052631578947,0.0,-0.8421052631578947
5a789d2e-957e-437d-b123-cd2241a6b5f6,22,0.55,40,0.0,0.6666666666666666,0.6666666666666666
5a789d2e-957e-437d-b123-cd2241a6b5f6,31,0.775,40,0.6666666666666666,0.1111111111111111,-0.5555555555555556
5a8226b1-5962-4f37-861f-04369e3132d1,4,0.2222222222222222,18,1.0,0.0,-1.0
5a8226b1-5962-4f37-861f-04369e3132d1,7,0.3888888888888889,18,0.0,0.6363636363636364,0.6363636363636364
5a966d5c-4a2d-4aca-a93a-33d7cdbb96e9,12,0.5217391304347826,23,1.0,0.18181818181818182,-0.8181818181818181
5a9f0e37-9ef6-4e85-a9e5-a2c73328035e,4,0.23529411764705882,17,0.5,1.0,0.5
5a9f0e37-9ef6-4e85-a9e5-a2c73328035e,11,0.6470588235294118,17,1.0,0.3333333333333333,-0.6666666666666667
5aa17847-8f44-4573-9ce2-53e9650130f7,10,0.5555555555555556,18,1.0,0.625,-0.375
5ab1d76b-3899-4e2e-9d01-f374515446a0,11,0.28205128205128205,39,0.9090909090909091,0.0,-0.9090909090909091
5ab1d76b-3899-4e2e-9d01-f374515446a0,14,0.358974358974359,39,0.0,0.8,0.8
5abd7420-65a5-4319-8101-158d32166254,10,0.20833333333333334,48,1.0,0.3076923076923077,-0.6923076923076923
5abd7420-65a5-4319-8101-158d32166254,23,0.4791666666666667,48,0.3076923076923077,1.0,0.6923076923076923
5abd7420-65a5-4319-8101-158d32166254,33,0.6875,48,1.0,0.6,-0.4
5b08f22d-5108-4ccb-98a5-fe87fc4d1241,23,0.6388888888888888,36,0.9130434782608695,0.6153846153846154,-0.2976588628762541
5b17cad6-0c53-451c-a789-9362d87782e7,20,0.43478260869565216,46,0.75,0.0,-0.75
5b17cad6-0c53-451c-a789-9362d87782e7,23,0.5,46,0.0,0.8260869565217391,0.8260869565217391
5b3531df-0c99-4c2a-9fae-3e7b7339d1d9,19,0.475,40,0.5263157894736842,0.1111111111111111,-0.4152046783625731
5b3531df-0c99-4c2a-9fae-3e7b7339d1d9,37,0.925,40,0.1111111111111111,0.6666666666666666,0.5555555555555556
5b4661a5-da53-41f3-b439-b70d71e917aa,26,0.7222222222222222,36,0.8076923076923077,0.0,-0.8076923076923077
5b4661a5-da53-41f3-b439-b70d71e917aa,29,0.8055555555555556,36,0.0,0.5714285714285714,0.5714285714285714
5b51fffa-0998-47e3-9422-e8943ca42d0d,18,0.75,24,0.1111111111111111,0.6666666666666666,0.5555555555555556
5b59bb34-6475-4d43-bb7b-fda61f8e0b1f,15,0.375,40,0.9333333333333333,0.0,-0.9333333333333333
5b59bb34-6475-4d43-bb7b-fda61f8e0b1f,18,0.45,40,0.0,0.75,0.75
5b59bb34-6475-4d43-bb7b-fda61f8e0b1f,34,0.85,40,0.75,0.3333333333333333,-0.4166666666666667
5b6af2a0-741a-4d3c-aa28-65a461783539,10,0.3448275862068966,29,0.3,1.0,0.7
5b6af2a0-741a-4d3c-aa28-65a461783539,17,0.5862068965517241,29,1.0,0.4166666666666667,-0.5833333333333333
5b8595c7-e479-4205-87f7-2492e2235eb7,6,0.3333333333333333,18,0.8333333333333334,0.5,-0.33333333333333337
5b9ff63b-adaa-4c59-8255-d094b3a7dda8,24,0.8275862068965517,29,0.875,0.4,-0.475
5ba25318-e987-4b83-9153-970938d198cd,3,0.16666666666666666,18,1.0,0.26666666666666666,-0.7333333333333334
5baf3818-8ad3-49bc-93c0-b4d7f2f834a6,10,0.22727272727272727,44,0.7,0.15384615384615385,-0.5461538461538461
5baf3818-8ad3-49bc-93c0-b4d7f2f834a6,23,0.5227272727272727,44,0.15384615384615385,1.0,0.8461538461538461
5baf3818-8ad3-49bc-93c0-b4d7f2f834a6,26,0.5909090909090909,44,1.0,0.16666666666666666,-0.8333333333333334
5bc10b8a-d145-4db5-9c51-bd0d2a59816a,6,0.16666666666666666,36,1.0,0.47619047619047616,-0.5238095238095238
5bc10b8a-d145-4db5-9c51-bd0d2a59816a,27,0.75,36,0.47619047619047616,0.0,-0.47619047619047616
5bc608ea-b604-4381-bd3b-8f50122fae57,22,0.7586206896551724,29,0.9090909090909091,0.0,-0.9090909090909091
5bc608ea-b604-4381-bd3b-8f50122fae57,26,0.896551724137931,29,0.0,0.6666666666666666,0.6666666666666666
5bcb3a05-dd2b-4ce4-8878-2cb0f01394df,3,0.125,24,1.0,0.3333333333333333,-0.6666666666666667
5bcb3a05-dd2b-4ce4-8878-2cb0f01394df,9,0.375,24,0.3333333333333333,0.9333333333333333,0.6000000000000001
5bd62d6f-2c3a-4581-9c6c-395f3af50681,7,0.14,50,1.0,0.627906976744186,-0.37209302325581395
5bea24a3-f879-4773-8442-96e10bc8aefa,12,0.5217391304347826,23,0.8333333333333334,0.14285714285714285,-0.6904761904761905
5bea24a3-f879-4773-8442-96e10bc8aefa,19,0.8260869565217391,23,0.14285714285714285,1.0,0.8571428571428572
5bfbbf3d-d54a-4ea5-ac0b-c459317f0c36,24,0.5333333333333333,45,0.75,0.0,-0.75
5bfbbf3d-d54a-4ea5-ac0b-c459317f0c36,27,0.6,45,0.0,0.8571428571428571,0.8571428571428571
5bfbbf3d-d54a-4ea5-ac0b-c459317f0c36,34,0.7555555555555555,45,0.8571428571428571,0.36363636363636365,-0.49350649350649345
5bfed0b7-98d4-4602-a197-bbbf29b76756,26,0.5652173913043478,46,0.4230769230769231,0.7692307692307693,0.3461538461538462
5bfed0b7-98d4-4602-a197-bbbf29b76756,39,0.8478260869565217,46,0.7692307692307693,0.14285714285714285,-0.6263736263736264
5c11ab30-b176-4f18-9b24-c8991b1c8e41,14,0.7777777777777778,18,0.42857142857142855,0.0,-0.42857142857142855
5c1daa9d-3794-4f43-88a7-02f5ae78dda6,9,0.25,36,1.0,0.0,-1.0
5c1daa9d-3794-4f43-88a7-02f5ae78dda6,12,0.3333333333333333,36,0.0,0.75,0.75
5c1daa9d-3794-4f43-88a7-02f5ae78dda6,28,0.7777777777777778,36,0.75,0.0,-0.75
5c1daa9d-3794-4f43-88a7-02f5ae78dda6,32,0.8888888888888888,36,0.0,0.75,0.75
5c3b2557-c8fb-418c-a3a9-77c708cdace7,13,0.7647058823529411,17,0.7692307692307693,0.25,-0.5192307692307693
5c76b9ac-896e-4b6e-93a1-301f0ab1334c,7,0.2413793103448276,29,0.42857142857142855,1.0,0.5714285714285714
5c76b9ac-896e-4b6e-93a1-301f0ab1334c,12,0.41379310344827586,29,1.0,0.35294117647058826,-0.6470588235294117
5c7a5f2f-3e0f-407f-a988-073bd2cbdeae,9,0.5,18,0.8888888888888888,0.25,-0.6388888888888888
5c7a5f2f-3e0f-407f-a988-073bd2cbdeae,13,0.7222222222222222,18,0.25,0.8,0.55
5c8e1744-7b5f-42ee-9253-c03cf4e4f1a4,9,0.25,36,1.0,0.0,-1.0
5c8e1744-7b5f-42ee-9253-c03cf4e4f1a4,13,0.3611111111111111,36,0.0,0.6956521739130435,0.6956521739130435
5c9acab2-aa6d-419c-ba24-62ba2ffc6875,35,0.9210526315789473,38,0.8571428571428571,0.3333333333333333,-0.5238095238095237
5cb6d3b4-46be-436c-9703-33ac113a9700,7,0.14,50,0.42857142857142855,0.8837209302325582,0.4551495016611296
5d1966c8-929d-488f-adb8-e113e69bc0fb,12,0.24,50,0.3333333333333333,0.631578947368421,0.2982456140350877
5d2ad77d-0fc0-4be9-99dc-5e73030517ae,21,0.875,24,1.0,0.3333333333333333,-0.6666666666666667
5d2c5096-103d-4ff1-a4a1-ae016d5dd712,4,0.2222222222222222,18,0.75,0.0,-0.75
5d2c5096-103d-4ff1-a4a1-ae016d5dd712,13,0.7222222222222222,18,0.0,0.6,0.6
5d2d8621-f91a-44c9-a7f6-4656c00eaa55,4,0.08333333333333333,48,1.0,0.0,-1.0
5d2d8621-f91a-44c9-a7f6-4656c00eaa55,7,0.14583333333333334,48,0.0,0.7073170731707317,0.7073170731707317
5d4353e8-652a-451e-aa2e-ff5aa60da347,29,0.6304347826086957,46,0.7931034482758621,0.0,-0.7931034482758621
5d4353e8-652a-451e-aa2e-ff5aa60da347,32,0.6956521739130435,46,0.0,1.0,1.0
5d4353e8-652a-451e-aa2e-ff5aa60da347,37,0.8043478260869565,46,1.0,0.4444444444444444,-0.5555555555555556
5d5b97d3-e617-4f38-9c76-c3ef53734e7b,19,0.8260869565217391,23,1.0,0.5,-0.5
5d6a2b57-5c9b-49ad-925d-edabcdf62725,7,0.3888888888888889,18,1.0,0.6363636363636364,-0.36363636363636365
5d74af6b-ca12-4d61-bab0-af4891cadc12,34,0.7391304347826086,46,0.9705882352941176,0.4166666666666667,-0.553921568627451
5d9bbfca-05f7-4da9-a5a3-c5d8f9abbd5a,7,0.30434782608695654,23,1.0,0.25,-0.75
5d9c76e6-7b1b-4784-8a3e-5cd5a6012ac3,7,0.4117647058823529,17,1.0,0.6,-0.4
5da589e0-c816-429c-99b9-4669f3a617e1,11,0.4782608695652174,23,0.9090909090909091,0.0,-0.9090909090909091
5da589e0-c816-429c-99b9-4669f3a617e1,15,0.6521739130434783,23,0.0,1.0,1.0
5da589e0-c816-429c-99b9-4669f3a617e1,18,0.782608695652174,23,1.0,0.4,-0.6
5db4c299-1042-4ab2-8388-a1c6c6dc0706,34,0.7391304347826086,46,0.8823529411764706,0.5833333333333334,-0.2990196078431372
5dc2f3f3-c632-4cb3-acce-be2861f7dcae,20,0.8333333333333334,24,0.85,0.25,-0.6
5dce0f19-c109-40ee-bbc1-95640c8c14bd,42,0.9333333333333333,45,0.9523809523809523,0.3333333333333333,-0.6190476190476191
5dd13843-74e4-4297-93fb-48a2c571b3fb,16,0.6956521739130435,23,1.0,0.0,-1.0
5dd13843-74e4-4297-93fb-48a2c571b3fb,19,0.8260869565217391,23,0.0,0.75,0.75
5de83a86-cbed-4862-be8e-6c85610e6426,7,0.18421052631578946,38,0.7142857142857143,0.0,-0.7142857142857143
5de83a86-cbed-4862-be8e-6c85610e6426,10,0.2631578947368421,38,0.0,1.0,1.0
5de83a86-cbed-4862-be8e-6c85610e6426,14,0.3684210526315789,38,1.0,0.4166666666666667,-0.5833333333333333
5de83a86-cbed-4862-be8e-6c85610e6426,26,0.6842105263157895,38,0.4166666666666667,0.875,0.4583333333333333
5de83a86-cbed-4862-be8e-6c85610e6426,34,0.8947368421052632,38,0.875,0.0,-0.875
5dea6c93-aa06-4710-ba0e-09541724cf50,15,0.6521739130434783,23,0.8,0.25,-0.55
5dea6c93-aa06-4710-ba0e-09541724cf50,19,0.8260869565217391,23,0.25,1.0,0.75
5df66b16-00b9-4d88-a889-3a9a51b18633,34,0.68,50,1.0,0.4375,-0.5625
5e05941c-1a09-41b0-80b4-19ad7b72798a,37,0.74,50,0.8918918918918919,0.3076923076923077,-0.5841995841995842
5e10af64-1142-45da-be7a-126a13d12092,14,0.6086956521739131,23,1.0,0.4444444444444444,-0.5555555555555556
5e157618-75b0-4f1b-9e5b-8f3fd6aebf58,29,0.6444444444444445,45,0.9310344827586207,0.5,-0.43103448275862066
5e230303-fbcf-45d4-a742-16eb91394409,33,0.717391304347826,46,0.5757575757575758,0.0,-0.5757575757575758
5e230303-fbcf-45d4-a742-16eb91394409,36,0.782608695652174,46,0.0,0.8,0.8
5e27e683-3daa-41fb-a676-9008df8feb2b,22,0.5238095238095238,42,1.0,0.4,-0.6
5e5f51b6-f1f0-4624-aa7c-c073da527624,14,0.5833333333333334,24,0.7857142857142857,0.0,-0.7857142857142857
5e5f51b6-f1f0-4624-aa7c-c073da527624,17,0.7083333333333334,24,0.0,0.7142857142857143,0.7142857142857143
5e60e674-a270-4201-9653-1bc6724cfbd4,3,0.16666666666666666,18,1.0,0.25,-0.75
5e60e674-a270-4201-9653-1bc6724cfbd4,7,0.3888888888888889,18,0.25,1.0,0.75
5e60e674-a270-4201-9653-1bc6724cfbd4,14,0.7777777777777778,18,1.0,0.5,-0.5
5e640ec6-5eda-4ea0-a005-99645d9b3588,19,0.475,40,0.8947368421052632,0.42857142857142855,-0.4661654135338346
5e7e6e99-16e7-4204-b426-65494b0b5f38,16,0.6956521739130435,23,1.0,0.0,-1.0
5e7e6e99-16e7-4204-b426-65494b0b5f38,19,0.8260869565217391,23,0.0,0.75,0.75
5e7fedb4-6848-4a6a-a1ce-bbb7498368f4,8,0.34782608695652173,23,0.625,0.0,-0.625
5e7fedb4-6848-4a6a-a1ce-bbb7498368f4,12,0.5217391304347826,23,0.0,1.0,1.0
5e7fedb4-6848-4a6a-a1ce-bbb7498368f4,15,0.6521739130434783,23,1.0,0.375,-0.625
5e836613-eed6-4e63-b00d-ae495393328f,11,0.3055555555555556,36,0.7272727272727273,0.0,-0.7272727272727273
5e836613-eed6-4e63-b00d-ae495393328f,16,0.4444444444444444,36,0.0,0.55,0.55
5e8d609a-5319-4f75-9acc-62044d2bdba1,21,0.4772727272727273,44,0.8571428571428571,0.3333333333333333,-0.5238095238095237
5e8d609a-5319-4f75-9acc-62044d2bdba1,27,0.6136363636363636,44,0.3333333333333333,0.9166666666666666,0.5833333333333333
5e8d609a-5319-4f75-9acc-62044d2bdba1,39,0.8863636363636364,44,0.9166666666666666,0.4,-0.5166666666666666
5e9382ab-1d64-4302-bb91-dc7a236ef0db,11,0.2391304347826087,46,0.36363636363636365,1.0,0.6363636363636364
5e9382ab-1d64-4302-bb91-dc7a236ef0db,14,0.30434782608695654,46,1.0,0.0,-1.0
5e9382ab-1d64-4302-bb91-dc7a236ef0db,17,0.3695652173913043,46,0.0,0.9090909090909091,0.9090909090909091
5e9382ab-1d64-4302-bb91-dc7a236ef0db,28,0.6086956521739131,46,0.9090909090909091,0.0,-0.9090909090909091
5e9382ab-1d64-4302-bb91-dc7a236ef0db,32,0.6956521739130435,46,0.0,0.5714285714285714,0.5714285714285714
5e948135-75bd-47ca-9b36-c59f7423ba06,21,0.4666666666666667,45,0.9047619047619048,0.2,-0.7047619047619047
5e948135-75bd-47ca-9b36-c59f7423ba06,26,0.5777777777777777,45,0.2,0.9375,0.7375
5e948135-75bd-47ca-9b36-c59f7423ba06,42,0.9333333333333333,45,0.9375,0.3333333333333333,-0.6041666666666667
5ea12524-8858-4518-b4ad-16f348a8b3c1,25,0.5434782608695652,46,0.92,0.5238095238095238,-0.3961904761904762
5ea209f2-7906-444b-a13c-cc288f454756,5,0.22727272727272727,22,0.0,0.4117647058823529,0.4117647058823529
5eaf86f1-0a4f-4436-9d0a-d26fd4daaa4e,21,0.7241379310344828,29,0.14285714285714285,1.0,0.8571428571428572
5eaf86f1-0a4f-4436-9d0a-d26fd4daaa4e,24,0.8275862068965517,29,1.0,0.4,-0.6
5eb49339-3974-49ff-87ab-03aa71e90b93,3,0.075,40,0.6666666666666666,0.0,-0.6666666666666666
5eb49339-3974-49ff-87ab-03aa71e90b93,9,0.225,40,0.0,0.75,0.75
5eb49339-3974-49ff-87ab-03aa71e90b93,13,0.325,40,0.75,0.0,-0.75
5eb49339-3974-49ff-87ab-03aa71e90b93,35,0.875,40,0.0,0.6,0.6
5ebb1eaa-ffc3-464b-980c-68580b0e93f8,4,0.09090909090909091,44,0.25,0.8666666666666667,0.6166666666666667
5ebb1eaa-ffc3-464b-980c-68580b0e93f8,19,0.4318181818181818,44,0.8666666666666667,0.5384615384615384,-0.32820512820512826
5ebb1eaa-ffc3-464b-980c-68580b0e93f8,32,0.7272727272727273,44,0.5384615384615384,0.0,-0.5384615384615384
5ec66d1f-7702-4fc3-bc1a-abad6874edc8,20,0.4,50,1.0,0.42857142857142855,-0.5714285714285714
5ec66d1f-7702-4fc3-bc1a-abad6874edc8,27,0.54,50,0.42857142857142855,0.9130434782608695,0.48447204968944096
5eca6714-cf0c-48fb-9a0b-624f9d7bc9b9,19,0.7916666666666666,24,0.8947368421052632,0.4,-0.49473684210526314
5f09d126-fdf5-4087-8b9c-d51b0351f74b,14,0.30434782608695654,46,0.8571428571428571,0.0,-0.8571428571428571
5f09d126-fdf5-4087-8b9c-d51b0351f74b,19,0.41304347826086957,46,0.0,0.5555555555555556,0.5555555555555556
5f111451-84a0-43d8-9677-cd17859a2a9a,37,0.8043478260869565,46,0.43243243243243246,0.1111111111111111,-0.32132132132132135
5f16f835-b70c-475c-b5a5-3b8513386cb7,27,0.675,40,0.4444444444444444,1.0,0.5555555555555556
5f16f835-b70c-475c-b5a5-3b8513386cb7,30,0.75,40,1.0,0.0,-1.0
5f16f835-b70c-475c-b5a5-3b8513386cb7,33,0.825,40,0.0,0.8571428571428571,0.8571428571428571
5f177a90-1e9b-4e87-9aaa-e89d37beff59,4,0.14285714285714285,28,0.25,0.875,0.625
5f2439fa-539d-454e-bfd5-7491f0304fc2,3,0.07692307692307693,39,0.3333333333333333,1.0,0.6666666666666667
5f2439fa-539d-454e-bfd5-7491f0304fc2,10,0.2564102564102564,39,1.0,0.3448275862068966,-0.6551724137931034
5f28a893-f828-460f-a1b5-aba7e869be4b,6,0.35294117647058826,17,0.5,1.0,0.5
5f2b926e-bc68-4912-948b-9d7e8f6a1fab,7,0.18421052631578946,38,0.42857142857142855,0.8571428571428571,0.42857142857142855
5f2b926e-bc68-4912-948b-9d7e8f6a1fab,21,0.5526315789473685,38,0.8571428571428571,0.47058823529411764,-0.38655462184873945
5f5b8450-9f41-45ca-a1ff-b094ff17f340,13,0.26,50,0.9230769230769231,0.6216216216216216,-0.3014553014553015
5f5e6270-d92f-4fa6-9945-373206693616,20,0.8333333333333334,24,0.9,0.25,-0.65
5f5f983c-19ef-49b1-a6ea-5df4ef1d4d73,41,0.9318181818181818,44,0.9512195121951219,0.3333333333333333,-0.6178861788617886
5f6c241f-8bf9-46cd-9e41-daa420af6df0,13,0.26,50,0.9230769230769231,0.5945945945945946,-0.3284823284823285
5f75d0e3-5b8c-44f8-b0f4-2f407d2bdc56,11,0.3793103448275862,29,1.0,0.3333333333333333,-0.6666666666666667
5f75d0e3-5b8c-44f8-b0f4-2f407d2bdc56,20,0.6896551724137931,29,0.3333333333333333,1.0,0.6666666666666667
5f850e40-b720-497e-8302-38adc4902fcb,20,0.8695652173913043,23,0.85,0.3333333333333333,-0.5166666666666666
5f8b930c-240f-4ef5-8ee3-1b3594cbf691,5,0.10869565217391304,46,0.4,0.9024390243902439,0.5024390243902439
5f968a85-0344-47a5-975e-7e570db34f6c,20,0.8333333333333334,24,0.95,0.5,-0.44999999999999996
5fab7a96-23a0-4c66-b59f-7884b909bb6e,12,0.24,50,0.5,0.0,-0.5
5fab7a96-23a0-4c66-b59f-7884b909bb6e,19,0.38,50,0.0,0.6153846153846154,0.6153846153846154
5fab7a96-23a0-4c66-b59f-7884b909bb6e,32,0.64,50,0.6153846153846154,0.0,-0.6153846153846154
5fab7a96-23a0-4c66-b59f-7884b909bb6e,36,0.72,50,0.0,1.0,1.0
5fab7a96-23a0-4c66-b59f-7884b909bb6e,44,0.88,50,1.0,0.3333333333333333,-0.6666666666666667
5fbeb1c2-f633-4ff4-b27d-bfe7e761bd5e,21,0.5,42,1.0,0.2,-0.8
5fbeb1c2-f633-4ff4-b27d-bfe7e761bd5e,26,0.6190476190476191,42,0.2,0.9375,0.7375
5fd8880f-21b1-4456-9193-718a543f2216,14,0.35,40,0.7857142857142857,0.0,-0.7857142857142857
5fd8880f-21b1-4456-9193-718a543f2216,17,0.425,40,0.0,0.782608695652174,0.782608695652174
5fda39b5-c840-4092-b79c-ed6437d09068,9,0.25,36,0.5555555555555556,0.8888888888888888,0.33333333333333326
5fe1fdd2-267c-4159-bf2c-6484836a4ce8,3,0.075,40,1.0,0.0,-1.0
5fe1fdd2-267c-4159-bf2c-6484836a4ce8,6,0.15,40,0.0,0.9230769230769231,0.9230769230769231
5fe1fdd2-267c-4159-bf2c-6484836a4ce8,19,0.475,40,0.9230769230769231,0.0,-0.9230769230769231
5fe1fdd2-267c-4159-bf2c-6484836a4ce8,22,0.55,40,0.0,0.8181818181818182,0.8181818181818182
5fe1fdd2-267c-4159-bf2c-6484836a4ce8,33,0.825,40,0.8181818181818182,0.0,-0.8181818181818182
5fe1fdd2-267c-4159-bf2c-6484836a4ce8,37,0.925,40,0.0,1.0,1.0
5fea9a25-614d-46ba-8373-e0fcc27fd415,21,0.42,50,1.0,0.3333333333333333,-0.6666666666666667
5fea9a25-614d-46ba-8373-e0fcc27fd415,27,0.54,50,0.3333333333333333,0.9130434782608695,0.5797101449275361
6012da57-8fa5-444e-b53d-543bd47ea17a,6,0.12,50,1.0,0.25,-0.75
6012da57-8fa5-444e-b53d-543bd47ea17a,10,0.2,50,0.25,1.0,0.75
6012da57-8fa5-444e-b53d-543bd47ea17a,14,0.28,50,1.0,0.0,-1.0
6012da57-8fa5-444e-b53d-543bd47ea17a,18,0.36,50,0.0,0.96875,0.96875
6020106e-7fa3-4861-849c-3b63498f5ee5,10,0.5555555555555556,18,0.4,0.875,0.475
6021a94e-bd68-4103-8025-1a78a52c95aa,7,0.2413793103448276,29,1.0,0.45454545454545453,-0.5454545454545454
60239868-f7c7-4975-9fc9-1299c1a2a89f,24,0.5217391304347826,46,0.9583333333333334,0.16666666666666666,-0.7916666666666667
60239868-f7c7-4975-9fc9-1299c1a2a89f,30,0.6521739130434783,46,0.16666666666666666,0.8125,0.6458333333333334
6024e683-7556-486e-af8f-ad719a7f0d37,6,0.3333333333333333,18,1.0,0.5,-0.5
602a8198-7799-48a5-b699-bc0b07a65a4d,11,0.275,40,0.5454545454545454,0.17647058823529413,-0.36898395721925126
602a8198-7799-48a5-b699-bc0b07a65a4d,28,0.7,40,0.17647058823529413,1.0,0.8235294117647058
60350182-1715-4552-a5b2-678353bc53fc,11,0.2619047619047619,42,0.6363636363636364,0.0,-0.6363636363636364
60350182-1715-4552-a5b2-678353bc53fc,14,0.3333333333333333,42,0.0,1.0,1.0
60350182-1715-4552-a5b2-678353bc53fc,17,0.40476190476190477,42,1.0,0.0,-1.0
60350182-1715-4552-a5b2-678353bc53fc,24,0.5714285714285714,42,0.0,0.5833333333333334,0.5833333333333334
60350182-1715-4552-a5b2-678353bc53fc,36,0.8571428571428571,42,0.5833333333333334,0.0,-0.5833333333333334
6035c792-3296-4e3d-b9b0-673b3b2a69e3,29,0.6904761904761905,42,1.0,0.6923076923076923,-0.3076923076923077
60421cf6-94f4-49b9-89b1-804a1140fb3b,10,0.5882352941176471,17,0.4,0.8571428571428571,0.4571428571428571
604337aa-e711-42a4-a26c-cdf54ba2d730,23,0.5,46,0.391304347826087,0.8888888888888888,0.49758454106280187
604337aa-e711-42a4-a26c-cdf54ba2d730,32,0.6956521739130435,46,0.8888888888888888,0.0,-0.8888888888888888
604337aa-e711-42a4-a26c-cdf54ba2d730,35,0.7608695652173914,46,0.0,0.7272727272727273,0.7272727272727273
606693d8-d92f-4215-aedf-3eb558fb0e16,29,0.725,40,0.9310344827586207,0.45454545454545453,-0.47648902821316613
6069203b-9601-4916-984b-0dda2c0fc10a,10,0.2222222222222222,45,1.0,0.0,-1.0
6069203b-9601-4916-984b-0dda2c0fc10a,13,0.28888888888888886,45,0.0,0.8571428571428571,0.8571428571428571
6069203b-9601-4916-984b-0dda2c0fc10a,27,0.6,45,0.8571428571428571,0.2222222222222222,-0.6349206349206349
609daf99-2b4f-42e6-81f6-e90041dc623e,21,0.5,42,0.6666666666666666,0.0,-0.6666666666666666
609daf99-2b4f-42e6-81f6-e90041dc623e,24,0.5714285714285714,42,0.0,1.0,1.0
609daf99-2b4f-42e6-81f6-e90041dc623e,27,0.6428571428571429,42,1.0,0.3333333333333333,-0.6666666666666667
60a0a315-80cf-4428-b04e-766a5b404fde,14,0.28,50,1.0,0.2,-0.8
60a0a315-80cf-4428-b04e-766a5b404fde,19,0.38,50,0.2,0.7894736842105263,0.5894736842105264
60a0a315-80cf-4428-b04e-766a5b404fde,38,0.76,50,0.7894736842105263,0.0,-0.7894736842105263
60a0a315-80cf-4428-b04e-766a5b404fde,41,0.82,50,0.0,0.8,0.8
60a0a315-80cf-4428-b04e-766a5b404fde,46,0.92,50,0.8,0.0,-0.8
60a38510-947c-4c72-8040-1846c52ef877,10,0.43478260869565216,23,0.9,0.0,-0.9
60a38510-947c-4c72-8040-1846c52ef877,15,0.6521739130434783,23,0.0,0.75,0.75
60a7137d-d269-4f12-b383-e0415a7d7586,16,0.6666666666666666,24,1.0,0.625,-0.375
60a9a23c-3c12-4353-97d0-b8a89c93b8cf,14,0.35,40,0.8571428571428571,0.0,-0.8571428571428571
60a9a23c-3c12-4353-97d0-b8a89c93b8cf,17,0.425,40,0.0,0.7368421052631579,0.7368421052631579
60a9a23c-3c12-4353-97d0-b8a89c93b8cf,36,0.9,40,0.7368421052631579,0.25,-0.48684210526315785
60b82959-8cb8-464c-8bc0-8a02ce84f4c9,3,0.125,24,1.0,0.2727272727272727,-0.7272727272727273
60b82959-8cb8-464c-8bc0-8a02ce84f4c9,14,0.5833333333333334,24,0.2727272727272727,0.8,0.5272727272727273
60baebed-c475-4685-bb9d-8db4ed4c0dcd,16,0.38095238095238093,42,0.9375,0.23076923076923078,-0.7067307692307692
60e0a959-598d-4549-bd80-e7040966f485,10,0.43478260869565216,23,0.7,0.0,-0.7
60e0a959-598d-4549-bd80-e7040966f485,16,0.6956521739130435,23,0.0,1.0,1.0
60e0a959-598d-4549-bd80-e7040966f485,19,0.8260869565217391,23,1.0,0.25,-0.75
60fdc7c4-f2e1-4b10-9488-385ec214e76e,7,0.14,50,0.8571428571428571,0.0,-0.8571428571428571
60fdc7c4-f2e1-4b10-9488-385ec214e76e,10,0.2,50,0.0,0.625,0.625
6105ab18-c2ba-43c7-a289-09e97fdced42,30,0.6521739130434783,46,0.8,0.0,-0.8
6105ab18-c2ba-43c7-a289-09e97fdced42,35,0.7608695652173914,46,0.0,0.9090909090909091,0.9090909090909091
612503c2-b7fc-49f3-ad2e-54cca238edb5,25,0.625,40,0.68,0.0,-0.68
612503c2-b7fc-49f3-ad2e-54cca238edb5,30,0.75,40,0.0,0.8,0.8
613b9f07-1019-4045-b3ad-050fd37801f0,19,0.475,40,0.7368421052631579,0.0,-0.7368421052631579
613b9f07-1019-4045-b3ad-050fd37801f0,22,0.55,40,0.0,0.875,0.875
613b9f07-1019-4045-b3ad-050fd37801f0,30,0.75,40,0.875,0.4,-0.475
613ffe53-e98e-4e6d-a7bd-4f5ac471c6d7,9,0.25,36,1.0,0.625,-0.375
613ffe53-e98e-4e6d-a7bd-4f5ac471c6d7,33,0.9166666666666666,36,0.625,0.0,-0.625
61457d43-5a88-43b8-bbb1-94cbe39099c4,5,0.22727272727272727,22,0.0,0.7647058823529411,0.7647058823529411
615283b2-508b-461a-8ebb-2cd09f14fdbb,9,0.25,36,0.7777777777777778,0.0,-0.7777777777777778
615283b2-508b-461a-8ebb-2cd09f14fdbb,13,0.3611111111111111,36,0.0,0.782608695652174,0.782608695652174
6154ed85-e1c1-4c17-85f6-01920832072c,14,0.5833333333333334,24,1.0,0.5,-0.5
615b264d-d17a-4e41-9af6-9cd245e3bbac,29,0.6444444444444445,45,0.9655172413793104,0.1875,-0.7780172413793104
615f5cbd-982f-4820-be82-8f00e25124d9,11,0.39285714285714285,28,0.9090909090909091,0.2,-0.709090909090909
615f5cbd-982f-4820-be82-8f00e25124d9,16,0.5714285714285714,28,0.2,0.8333333333333334,0.6333333333333333
61617e5b-c771-48a5-bcac-ade32272247e,13,0.26,50,0.8461538461538461,0.14285714285714285,-0.7032967032967032
61617e5b-c771-48a5-bcac-ade32272247e,20,0.4,50,0.14285714285714285,0.7666666666666667,0.6238095238095238
61680772-df50-4510-8dc1-e4e929e98c43,8,0.3333333333333333,24,0.625,0.0,-0.625
61680772-df50-4510-8dc1-e4e929e98c43,11,0.4583333333333333,24,0.0,0.9,0.9
61680772-df50-4510-8dc1-e4e929e98c43,21,0.875,24,0.9,0.0,-0.9
61699d40-5716-4def-8bf7-396f3bc54a5e,12,0.5217391304347826,23,0.3333333333333333,0.8,0.46666666666666673
61699d40-5716-4def-8bf7-396f3bc54a5e,17,0.7391304347826086,23,0.8,0.0,-0.8
61699d40-5716-4def-8bf7-396f3bc54a5e,20,0.8695652173913043,23,0.0,1.0,1.0
6171959b-32d9-4bc8-b2ed-8df94cdf985a,20,0.4,50,0.95,0.0,-0.95
6171959b-32d9-4bc8-b2ed-8df94cdf985a,24,0.48,50,0.0,0.8636363636363636,0.8636363636363636
6171959b-32d9-4bc8-b2ed-8df94cdf985a,46,0.92,50,0.8636363636363636,0.25,-0.6136363636363636
6183625b-0976-464e-8dba-a83332504bf2,12,0.5454545454545454,22,0.9166666666666666,0.3,-0.6166666666666667
61841fa5-3ea1-4ee3-8cf7-ce9b9478c1ae,4,0.23529411764705882,17,1.0,0.5384615384615384,-0.46153846153846156
61b94794-e9de-457a-a4da-f354034aeeb7,35,0.8974358974358975,39,0.8571428571428571,0.25,-0.6071428571428571
61c46677-4fd6-43cb-82fd-e025a7a8f1ce,7,0.2916666666666667,24,1.0,0.0,-1.0
61c46677-4fd6-43cb-82fd-e025a7a8f1ce,15,0.625,24,0.0,0.5555555555555556,0.5555555555555556
61f64845-3885-47ab-9f34-16a727b8c241,4,0.2222222222222222,18,0.75,0.125,-0.625
61f64845-3885-47ab-9f34-16a727b8c241,12,0.6666666666666666,18,0.125,0.6666666666666666,0.5416666666666666
6216590a-d3ae-4d2e-b4fd-13a1360cb942,3,0.13043478260869565,23,0.3333333333333333,0.9,0.5666666666666667
621e38f3-e31f-4857-a205-c3d0c75c2372,25,0.5,50,1.0,0.0,-1.0
621e38f3-e31f-4857-a205-c3d0c75c2372,28,0.56,50,0.0,0.8636363636363636,0.8636363636363636
622726f5-da00-4afd-a57b-d73bf3f9fdca,6,0.13333333333333333,45,0.6666666666666666,0.0,-0.6666666666666666
622726f5-da00-4afd-a57b-d73bf3f9fdca,10,0.2222222222222222,45,0.0,1.0,1.0
622726f5-da00-4afd-a57b-d73bf3f9fdca,15,0.3333333333333333,45,1.0,0.3333333333333333,-0.6666666666666667
622726f5-da00-4afd-a57b-d73bf3f9fdca,21,0.4666666666666667,45,0.3333333333333333,1.0,0.6666666666666667
622726f5-da00-4afd-a57b-d73bf3f9fdca,24,0.5333333333333333,45,1.0,0.0,-1.0
622726f5-da00-4afd-a57b-d73bf3f9fdca,29,0.6444444444444445,45,0.0,0.8333333333333334,0.8333333333333334
622726f5-da00-4afd-a57b-d73bf3f9fdca,41,0.9111111111111111,45,0.8333333333333334,0.25,-0.5833333333333334
6237c8f4-8b21-4397-9d72-a115fc40732b,4,0.2222222222222222,18,0.5,0.0,-0.5
6237c8f4-8b21-4397-9d72-a115fc40732b,10,0.5555555555555556,18,0.0,0.625,0.625
6239d45b-f085-4dae-93d3-05b441b66e59,4,0.13793103448275862,29,0.75,0.0,-0.75
6239d45b-f085-4dae-93d3-05b441b66e59,8,0.27586206896551724,29,0.0,0.6666666666666666,0.6666666666666666
623f2050-c827-45f9-9b77-28a44f2bcc7b,12,0.3,40,0.8333333333333334,0.0,-0.8333333333333334
623f2050-c827-45f9-9b77-28a44f2bcc7b,15,0.375,40,0.0,0.84,0.84
628b5a66-c95a-4d36-9a23-8ead263028b4,4,0.18181818181818182,22,1.0,0.2777777777777778,-0.7222222222222222
62c5e640-ede9-47b3-8b77-3f5a11c373be,23,0.5,46,0.9130434782608695,0.42857142857142855,-0.48447204968944096
62c5e640-ede9-47b3-8b77-3f5a11c373be,30,0.6521739130434783,46,0.42857142857142855,1.0,0.5714285714285714
62cb1f33-6571-490c-89b3-df806c000019,34,0.7555555555555555,45,0.9117647058823529,0.25,-0.6617647058823529
62cb1f33-6571-490c-89b3-df806c000019,38,0.8444444444444444,45,0.25,0.8571428571428571,0.6071428571428571
6307a9f4-22d8-4d5c-a715-999a8cc6d9cb,3,0.06521739130434782,46,0.3333333333333333,0.9069767441860465,0.5736434108527131
631a4bef-036e-4d84-9294-c3c22f94959f,20,0.5128205128205128,39,0.85,0.0,-0.85
631a4bef-036e-4d84-9294-c3c22f94959f,24,0.6153846153846154,39,0.0,0.9333333333333333,0.9333333333333333
631fd5f3-0ed9-41d6-aeac-74135e73cdce,11,0.5,22,1.0,0.18181818181818182,-0.8181818181818181
63251545-3ddb-407c-b25a-172a4f960ee3,28,0.7,40,0.14285714285714285,1.0,0.8571428571428572
632717f2-6d14-432a-a6e9-d86ad176794f,4,0.2222222222222222,18,1.0,0.0,-1.0
632717f2-6d14-432a-a6e9-d86ad176794f,8,0.4444444444444444,18,0.0,0.7142857142857143,0.7142857142857143
632717f2-6d14-432a-a6e9-d86ad176794f,15,0.8333333333333334,18,0.7142857142857143,0.0,-0.7142857142857143
6327418b-76bd-4108-a7aa-76c138a2465a,12,0.6666666666666666,18,0.9166666666666666,0.0,-0.9166666666666666
6327418b-76bd-4108-a7aa-76c138a2465a,15,0.8333333333333334,18,0.0,0.6666666666666666,0.6666666666666666
63378d4f-1928-4130-8f6a-41deb4ca4099,14,0.7777777777777778,18,1.0,0.5,-0.5
633ba056-cf41-4c38-9e17-71180f7498f2,6,0.12,50,1.0,0.45454545454545453,-0.5454545454545454
633fb58d-304b-44ed-845e-3d1582852ae4,4,0.1111111111111111,36,1.0,0.0,-1.0
633fb58d-304b-44ed-845e-3d1582852ae4,7,0.19444444444444445,36,0.0,0.9230769230769231,0.9230769230769231
633fb58d-304b-44ed-845e-3d1582852ae4,33,0.9166666666666666,36,0.9230769230769231,0.3333333333333333,-0.5897435897435899
635021b3-9fec-42da-9d19-da42b5cb5ad8,12,0.6666666666666666,18,0.9166666666666666,0.5,-0.41666666666666663
635470c9-0c05-481a-86e6-2c28bd541f80,4,0.2222222222222222,18,0.0,0.8571428571428571,0.8571428571428571
6355fdd3-ec05-4b92-b64c-1d91d51c6dd3,18,0.782608695652174,23,0.8888888888888888,0.4,-0.4888888888888888
6363380d-4a4a-40a5-9a85-414b17138718,8,0.16,50,1.0,0.25,-0.75
6363380d-4a4a-40a5-9a85-414b17138718,16,0.32,50,0.25,0.875,0.625
6363380d-4a4a-40a5-9a85-414b17138718,24,0.48,50,0.875,0.42857142857142855,-0.44642857142857145
6363380d-4a4a-40a5-9a85-414b17138718,38,0.76,50,0.42857142857142855,0.9166666666666666,0.4880952380952381
63710500-d637-4058-8e8f-a6d240b8889f,35,0.8333333333333334,42,0.9142857142857143,0.2857142857142857,-0.6285714285714286
6379667b-394a-4d9a-9886-6e61e33ffc5e,17,0.40476190476190477,42,0.8823529411764706,0.0,-0.8823529411764706
6379667b-394a-4d9a-9886-6e61e33ffc5e,25,0.5952380952380952,42,0.0,0.8181818181818182,0.8181818181818182
6379667b-394a-4d9a-9886-6e61e33ffc5e,36,0.8571428571428571,42,0.8181818181818182,0.3333333333333333,-0.4848484848484849
6394c821-6d37-4ece-8b45-35f867cebb3c,20,0.6896551724137931,29,0.9,0.4444444444444444,-0.4555555555555556
63bf2c76-1cf5-4b63-81fd-4ae0b9ba33b3,3,0.17647058823529413,17,0.3333333333333333,0.9285714285714286,0.5952380952380953
63c14da5-d8b6-45d0-9634-63a07016399d,17,0.37777777777777777,45,0.6470588235294118,0.2857142857142857,-0.3613445378151261
63d06801-bdf7-4f50-b1c0-6d76f98768f3,18,0.42857142857142855,42,0.9444444444444444,0.0,-0.9444444444444444
63d06801-bdf7-4f50-b1c0-6d76f98768f3,22,0.5238095238095238,42,0.0,0.8,0.8
63d3c797-5d3f-4b49-97b6-5efcb1e39954,17,0.38636363636363635,44,0.8823529411764706,0.0,-0.8823529411764706
63d3c797-5d3f-4b49-97b6-5efcb1e39954,20,0.45454545454545453,44,0.0,0.5714285714285714,0.5714285714285714
63d3c797-5d3f-4b49-97b6-5efcb1e39954,34,0.7727272727272727,44,0.5714285714285714,1.0,0.4285714285714286
63d3c797-5d3f-4b49-97b6-5efcb1e39954,40,0.9090909090909091,44,1.0,0.0,-1.0
63d87260-0144-4868-8f52-f993b9f00b9e,20,0.5263157894736842,38,0.5,0.1111111111111111,-0.3888888888888889
63d9877d-6c1a-44ab-b0c0-cdb0cf9f3c6b,10,0.5555555555555556,18,1.0,0.3333333333333333,-0.6666666666666667
63d9877d-6c1a-44ab-b0c0-cdb0cf9f3c6b,13,0.7222222222222222,18,0.3333333333333333,1.0,0.6666666666666667
63f4c436-7865-46dd-aebe-7e425eea3456,37,0.8809523809523809,42,0.972972972972973,0.4,-0.572972972972973
6405f062-1b73-4b3f-bbcc-7b8d470d0f0f,46,0.92,50,0.9782608695652174,0.5,-0.4782608695652174
6409b575-1566-4d8a-9f2b-5a2f77f9066f,3,0.16666666666666666,18,1.0,0.0,-1.0
6409b575-1566-4d8a-9f2b-5a2f77f9066f,6,0.3333333333333333,18,0.0,0.875,0.875
6409b575-1566-4d8a-9f2b-5a2f77f9066f,14,0.7777777777777778,18,0.875,0.25,-0.625
640d7866-58c5-45c4-88a8-19c05de1d77f,27,0.675,40,1.0,0.6153846153846154,-0.3846153846153846
6421b4e9-53ed-497e-907e-df517e2a136f,10,0.43478260869565216,23,0.9,0.3076923076923077,-0.5923076923076923
6426ccec-4015-409a-af26-36f2e192733d,29,0.8055555555555556,36,0.7586206896551724,0.0,-0.7586206896551724
6426ccec-4015-409a-af26-36f2e192733d,33,0.9166666666666666,36,0.0,1.0,1.0
642eeb96-6574-4723-acaa-ac242c82af94,36,0.782608695652174,46,0.6666666666666666,0.2,-0.4666666666666666
642eeb96-6574-4723-acaa-ac242c82af94,41,0.8913043478260869,46,0.2,1.0,0.8
643a2315-c400-450d-9307-d3827a65042f,26,0.6190476190476191,42,0.038461538461538464,0.375,0.33653846153846156
643c487a-6ce3-4f28-9eb7-8c967659c1ff,12,0.6666666666666666,18,1.0,0.0,-1.0
64539a3a-b081-4989-a6ba-f2ce2ffaf020,3,0.17647058823529413,17,0.3333333333333333,0.9285714285714286,0.5952380952380953
6454ba1f-c118-4894-9971-4666138f4647,5,0.21739130434782608,23,0.2,1.0,0.8
6454ba1f-c118-4894-9971-4666138f4647,8,0.34782608695652173,23,1.0,0.26666666666666666,-0.7333333333333334
645a404b-a3f0-4c06-b4ce-72b670bbb9eb,20,0.43478260869565216,46,0.4,0.7307692307692307,0.3307692307692307
6471dab7-ca8a-40e2-a81b-fee41bc3adc8,14,0.6086956521739131,23,1.0,0.3333333333333333,-0.6666666666666667
6476285b-9d76-4d99-abc3-83cf85f81e99,13,0.5652173913043478,23,0.23076923076923078,0.7,0.4692307692307692
6498f698-5990-4b1c-acd1-441ebdd58d72,4,0.16666666666666666,24,0.25,0.8,0.55
64c64610-82d6-4abb-bb3d-c7040f5eb40a,20,0.47619047619047616,42,0.7,0.2222222222222222,-0.47777777777777775
64c64610-82d6-4abb-bb3d-c7040f5eb40a,29,0.6904761904761905,42,0.2222222222222222,1.0,0.7777777777777778
64c64610-82d6-4abb-bb3d-c7040f5eb40a,33,0.7857142857142857,42,1.0,0.0,-1.0
64c64610-82d6-4abb-bb3d-c7040f5eb40a,36,0.8571428571428571,42,0.0,0.6666666666666666,0.6666666666666666
64c999b4-bc8f-4854-a4bb-53ee64898261,7,0.30434782608695654,23,0.5714285714285714,0.0,-0.5714285714285714
64c999b4-bc8f-4854-a4bb-53ee64898261,17,0.7391304347826086,23,0.0,0.8333333333333334,0.8333333333333334
64ce67b8-7e32-4538-a569-167e4fd0a2ae,19,0.4222222222222222,45,0.42105263157894735,0.7647058823529411,0.3436532507739938
64ce67b8-7e32-4538-a569-167e4fd0a2ae,36,0.8,45,0.7647058823529411,0.2222222222222222,-0.5424836601307189
64d06cd0-ca75-4a74-b773-6ab1a7490bea,18,0.782608695652174,23,0.8888888888888888,0.2,-0.6888888888888889
64d328af-42c3-4d69-bdf8-5281a1120a5b,11,0.4782608695652174,23,0.9090909090909091,0.5,-0.40909090909090906
64d9490a-d211-4482-a18a-06de490a73df,4,0.08,50,1.0,0.38461538461538464,-0.6153846153846154
64d9490a-d211-4482-a18a-06de490a73df,17,0.34,50,0.38461538461538464,0.8461538461538461,0.4615384615384615
64d9490a-d211-4482-a18a-06de490a73df,30,0.6,50,0.8461538461538461,0.16666666666666666,-0.6794871794871795
64d9490a-d211-4482-a18a-06de490a73df,36,0.72,50,0.16666666666666666,1.0,0.8333333333333334
64d9490a-d211-4482-a18a-06de490a73df,44,0.88,50,1.0,0.16666666666666666,-0.8333333333333334
64e404ba-025e-4518-9b8d-ebc17dee451a,17,0.7727272727272727,22,0.8823529411764706,0.0,-0.8823529411764706
64ee3950-c058-4e68-98d1-7815ff2e654c,10,0.4166666666666667,24,1.0,0.6428571428571429,-0.3571428571428571
64f202e5-a71f-4b35-b1e7-5af47b7c1a75,12,0.3333333333333333,36,0.08333333333333333,0.75,0.6666666666666666
64f202e5-a71f-4b35-b1e7-5af47b7c1a75,16,0.4444444444444444,36,0.75,0.07142857142857142,-0.6785714285714286
64f202e5-a71f-4b35-b1e7-5af47b7c1a75,30,0.8333333333333334,36,0.07142857142857142,0.5,0.4285714285714286
64f2fbc1-0913-4be0-be75-fbbbc2dd3d58,12,0.3,40,1.0,0.6785714285714286,-0.3214285714285714
650a42b5-6d5d-470e-a66a-1e8aa45f6ec9,13,0.2826086956521739,46,0.6923076923076923,0.08333333333333333,-0.6089743589743589
650a42b5-6d5d-470e-a66a-1e8aa45f6ec9,25,0.5434782608695652,46,0.08333333333333333,0.8333333333333334,0.75
650a42b5-6d5d-470e-a66a-1e8aa45f6ec9,31,0.6739130434782609,46,0.8333333333333334,0.0,-0.8333333333333334
650a42b5-6d5d-470e-a66a-1e8aa45f6ec9,35,0.7608695652173914,46,0.0,1.0,1.0
650a42b5-6d5d-470e-a66a-1e8aa45f6ec9,38,0.8260869565217391,46,1.0,0.375,-0.625
650e3218-473e-42cc-9114-37a44177d0ed,14,0.8235294117647058,17,0.8571428571428571,0.3333333333333333,-0.5238095238095237
65206ce6-f27a-43e4-9a97-f6daf898a06d,5,0.21739130434782608,23,0.8,0.2222222222222222,-0.5777777777777778
652588f8-b866-47fe-9f09-6fc7334ce7f3,12,0.25,48,0.6666666666666666,0.0,-0.6666666666666666
652588f8-b866-47fe-9f09-6fc7334ce7f3,16,0.3333333333333333,48,0.0,0.9047619047619048,0.9047619047619048
652588f8-b866-47fe-9f09-6fc7334ce7f3,37,0.7708333333333334,48,0.9047619047619048,0.0,-0.9047619047619048
652588f8-b866-47fe-9f09-6fc7334ce7f3,40,0.8333333333333334,48,0.0,0.875,0.875
652cf13c-26a3-4919-83a3-6bc0cbaa3737,21,0.7241379310344828,29,0.8571428571428571,0.0,-0.8571428571428571
652cf13c-26a3-4919-83a3-6bc0cbaa3737,25,0.8620689655172413,29,0.0,0.75,0.75
6534cb76-3142-4b3c-a50d-b26e8d3c4223,7,0.19444444444444445,36,1.0,0.5909090909090909,-0.40909090909090906
6534cb76-3142-4b3c-a50d-b26e8d3c4223,29,0.8055555555555556,36,0.5909090909090909,1.0,0.40909090909090906
65428840-82b1-4a73-aebd-70dcf0c9372b,14,0.35,40,1.0,0.6153846153846154,-0.3846153846153846
65529827-ab52-461a-b816-8ee27cea9e52,8,0.47058823529411764,17,1.0,0.3333333333333333,-0.6666666666666667
65529827-ab52-461a-b816-8ee27cea9e52,11,0.6470588235294118,17,0.3333333333333333,1.0,0.6666666666666667
6557015f-7748-486e-9ca8-33e3b9d4cbaf,9,0.391304347826087,23,0.8888888888888888,0.35714285714285715,-0.5317460317460316
6561f71d-a0c4-4422-9282-80cf34fae67c,34,0.8947368421052632,38,0.9705882352941176,0.25,-0.7205882352941176
657fe4f7-bcf9-429d-9ec9-6e1f3d1b8af7,13,0.5652173913043478,23,1.0,0.5,-0.5
659960dd-9a32-4ec1-9626-08b47f0fb7b9,41,0.8913043478260869,46,0.926829268292683,0.0,-0.926829268292683
65ab9a68-b802-4226-aad8-1af44adaaf6a,14,0.3333333333333333,42,0.9285714285714286,0.0,-0.9285714285714286
65ab9a68-b802-4226-aad8-1af44adaaf6a,17,0.40476190476190477,42,0.0,0.6,0.6
65ab9a68-b802-4226-aad8-1af44adaaf6a,32,0.7619047619047619,42,0.6,0.1,-0.5
65c8a8fb-aed9-4045-819c-d39318c55b4c,16,0.42105263157894735,38,0.625,0.0,-0.625
65c8a8fb-aed9-4045-819c-d39318c55b4c,23,0.6052631578947368,38,0.0,0.7333333333333333,0.7333333333333333
65d1e722-b3d9-4e25-bcb3-c78e746dfbaf,14,0.5,28,0.9285714285714286,0.0,-0.9285714285714286
65d1e722-b3d9-4e25-bcb3-c78e746dfbaf,17,0.6071428571428571,28,0.0,0.8571428571428571,0.8571428571428571
65d1e722-b3d9-4e25-bcb3-c78e746dfbaf,24,0.8571428571428571,28,0.8571428571428571,0.25,-0.6071428571428571
65d37919-de2e-4dea-a2d7-3713d143c359,18,0.45,40,1.0,0.0,-1.0
65d37919-de2e-4dea-a2d7-3713d143c359,21,0.525,40,0.0,0.7894736842105263,0.7894736842105263
65d51a5a-df90-4feb-aa53-9e5a14032a1a,7,0.15555555555555556,45,1.0,0.25,-0.75
65d51a5a-df90-4feb-aa53-9e5a14032a1a,11,0.24444444444444444,45,0.25,0.9411764705882353,0.6911764705882353
65e2b70e-7e7e-4a09-8a84-5526ef9984cb,12,0.5217391304347826,23,0.9166666666666666,0.0,-0.9166666666666666
65e2b70e-7e7e-4a09-8a84-5526ef9984cb,16,0.6956521739130435,23,0.0,0.7142857142857143,0.7142857142857143
65e53230-2424-4eaf-b946-f8e4cddcd5ed,18,0.782608695652174,23,0.7777777777777778,0.2,-0.5777777777777777
65e578d6-8a15-4640-961b-480f561a69e8,6,0.25,24,0.0,1.0,1.0
65e578d6-8a15-4640-961b-480f561a69e8,12,0.5,24,1.0,0.4166666666666667,-0.5833333333333333
65f49d09-45d4-4720-9a3f-8b21103d79f3,25,0.5434782608695652,46,0.92,0.0,-0.92
65f49d09-45d4-4720-9a3f-8b21103d79f3,31,0.6739130434782609,46,0.0,0.8,0.8
65f49d09-45d4-4720-9a3f-8b21103d79f3,36,0.782608695652174,46,0.8,0.3,-0.5
661fc5b7-3103-414a-8490-0a4c14715a83,18,0.782608695652174,23,1.0,0.6,-0.4
66403f28-acc9-4e72-a35b-38fd44d6a4b3,15,0.32608695652173914,46,0.9333333333333333,0.6451612903225806,-0.2881720430107527
66497ddc-2145-4fe7-8e1e-fb461ff90bc8,4,0.08695652173913043,46,0.25,0.7727272727272727,0.5227272727272727
66497ddc-2145-4fe7-8e1e-fb461ff90bc8,26,0.5652173913043478,46,0.7727272727272727,0.0,-0.7727272727272727
66497ddc-2145-4fe7-8e1e-fb461ff90bc8,31,0.6739130434782609,46,0.0,1.0,1.0
6652c9aa-d10f-4fad-b9a7-7c0d902ca0d9,15,0.4166666666666667,36,1.0,0.7142857142857143,-0.2857142857142857
66535915-cde0-43f9-8527-b3289a0a0bc4,14,0.6086956521739131,23,0.8571428571428571,0.3333333333333333,-0.5238095238095237
665e114d-1797-40e0-94b7-9b6c62825a5e,18,0.45,40,0.2777777777777778,1.0,0.7222222222222222
665e114d-1797-40e0-94b7-9b6c62825a5e,21,0.525,40,1.0,0.05263157894736842,-0.9473684210526316
6663602e-dd8a-4484-b64d-ed5baa0b3c30,4,0.2222222222222222,18,1.0,0.2,-0.8
6663602e-dd8a-4484-b64d-ed5baa0b3c30,9,0.5,18,0.2,0.8888888888888888,0.6888888888888889
666e2184-48ef-4377-b3d2-697b63e87c91,7,0.2916666666666667,24,1.0,0.2857142857142857,-0.7142857142857143
666e2184-48ef-4377-b3d2-697b63e87c91,14,0.5833333333333334,24,0.2857142857142857,0.8,0.5142857142857143
6677b574-36da-42e5-a23f-77088a248fd9,31,0.62,50,0.9032258064516129,0.0,-0.9032258064516129
6677b574-36da-42e5-a23f-77088a248fd9,36,0.72,50,0.0,0.6428571428571429,0.6428571428571429
6682a7cc-3d9a-46f8-9be8-ed8096397679,20,0.4444444444444444,45,0.7,0.0,-0.7
6682a7cc-3d9a-46f8-9be8-ed8096397679,25,0.5555555555555556,45,0.0,0.5454545454545454,0.5454545454545454
6682a7cc-3d9a-46f8-9be8-ed8096397679,36,0.8,45,0.5454545454545454,0.0,-0.5454545454545454
6684f6be-533d-4277-b8ff-73769d982c41,4,0.23529411764705882,17,0.75,0.0,-0.75
6684f6be-533d-4277-b8ff-73769d982c41,7,0.4117647058823529,17,0.0,0.7,0.7
669ae880-a20b-40bd-9d5b-086fb182aeb7,12,0.5217391304347826,23,1.0,0.6363636363636364,-0.36363636363636365
66b20030-6cbd-42cc-8c31-87ee3c05a065,26,0.7222222222222222,36,0.7692307692307693,0.0,-0.7692307692307693
66b20030-6cbd-42cc-8c31-87ee3c05a065,29,0.8055555555555556,36,0.0,0.8571428571428571,0.8571428571428571
66da1ac8-9a77-4a2d-a767-c89ab0150186,6,0.20689655172413793,29,0.3333333333333333,0.875,0.5416666666666667
66da1ac8-9a77-4a2d-a767-c89ab0150186,14,0.4827586206896552,29,0.875,0.2,-0.675
66f9ab77-5a41-478e-9882-6c7ef4751115,12,0.6666666666666666,18,0.9166666666666666,0.5,-0.41666666666666663
66fa7e20-d9c8-4969-b742-3a9aeb1f4a2d,18,0.75,24,1.0,0.3333333333333333,-0.6666666666666667
66fee414-72f6-4302-bd49-d58b46cb3c49,5,0.21739130434782608,23,1.0,0.2,-0.8
66fee414-72f6-4302-bd49-d58b46cb3c49,10,0.43478260869565216,23,0.2,0.9230769230769231,0.7230769230769232
670d82d7-ffe0-4a6c-a233-9d74a6cefc69,32,0.8888888888888888,36,0.875,0.25,-0.625
671fa923-2fff-4ada-9c9e-18553d2acee3,21,0.875,24,1.0,0.3333333333333333,-0.6666666666666667
6722f79b-af57-43d6-b9ff-d4ff6405b62d,8,0.18181818181818182,44,0.25,1.0,0.75
6722f79b-af57-43d6-b9ff-d4ff6405b62d,18,0.4090909090909091,44,1.0,0.5769230769230769,-0.42307692307692313
673097ad-76c7-4b20-a1a7-072fc677ed86,10,0.2,50,0.3,0.7777777777777778,0.4777777777777778
673097ad-76c7-4b20-a1a7-072fc677ed86,28,0.56,50,0.7777777777777778,0.0,-0.7777777777777778
673097ad-76c7-4b20-a1a7-072fc677ed86,33,0.66,50,0.0,0.7272727272727273,0.7272727272727273
673097ad-76c7-4b20-a1a7-072fc677ed86,44,0.88,50,0.7272727272727273,0.0,-0.7272727272727273
6740730e-15f2-4525-b264-24049e5244fd,11,0.275,40,0.5454545454545454,0.9310344827586207,0.38557993730407525
674894de-cdba-4bdb-ba91-23a032798f26,19,0.4523809523809524,42,0.7894736842105263,0.0,-0.7894736842105263
674894de-cdba-4bdb-ba91-23a032798f26,22,0.5238095238095238,42,0.0,0.65,0.65
675bbe72-b063-43d1-8532-8514d07ca902,19,0.475,40,0.8421052631578947,0.0,-0.8421052631578947
675bbe72-b063-43d1-8532-8514d07ca902,24,0.6,40,0.0,0.75,0.75
675bc366-ab2a-4551-bd63-6bd43bb24cff,9,0.25,36,0.3333333333333333,0.8,0.46666666666666673
675bc366-ab2a-4551-bd63-6bd43bb24cff,24,0.6666666666666666,36,0.8,0.08333333333333333,-0.7166666666666667
677aaf6a-e7d7-494b-8ce7-f82b7ca9369d,17,0.34,50,1.0,0.6666666666666666,-0.33333333333333337
6780a5e6-1cb4-4959-9890-de2d2c7f3ddc,10,0.5555555555555556,18,0.3,1.0,0.7
6780a5e6-1cb4-4959-9890-de2d2c7f3ddc,13,0.7222222222222222,18,1.0,0.2,-0.8
67a388ba-98bb-4cf3-b877-1373f66a17e3,27,0.675,40,0.8888888888888888,0.38461538461538464,-0.5042735042735043
67afdf3f-1a2f-4018-8464-1bded6832ae4,5,0.1,50,1.0,0.47058823529411764,-0.5294117647058824
67afdf3f-1a2f-4018-8464-1bded6832ae4,22,0.44,50,0.47058823529411764,1.0,0.5294117647058824
67afdf3f-1a2f-4018-8464-1bded6832ae4,26,0.52,50,1.0,0.3125,-0.6875
67afdf3f-1a2f-4018-8464-1bded6832ae4,42,0.84,50,0.3125,1.0,0.6875
67afdf3f-1a2f-4018-8464-1bded6832ae4,46,0.92,50,1.0,0.0,-1.0
67ba5948-6c5b-435c-9f74-8e38d42d3891,8,0.2222222222222222,36,0.875,0.2857142857142857,-0.5892857142857143
67ba5948-6c5b-435c-9f74-8e38d42d3891,15,0.4166666666666667,36,0.2857142857142857,0.9047619047619048,0.6190476190476191
67c152f3-9695-418d-bbde-1dfe52373a4d,3,0.07894736842105263,38,1.0,0.2857142857142857,-0.7142857142857143
67c69064-f798-45d7-8842-87b3594c1e95,8,0.17777777777777778,45,1.0,0.25,-0.75
67c69064-f798-45d7-8842-87b3594c1e95,20,0.4444444444444444,45,0.25,0.9090909090909091,0.6590909090909091
67c69064-f798-45d7-8842-87b3594c1e95,31,0.6888888888888889,45,0.9090909090909091,0.5,-0.40909090909090906
67c95211-aa89-4972-9928-9f4290945710,46,0.92,50,0.8913043478260869,0.25,-0.6413043478260869
67d2465f-2ede-4ea7-8daf-1cac42fed4c2,40,0.8695652173913043,46,0.625,1.0,0.375
67d8ede3-8e2c-4bba-b303-5989598dcb9a,12,0.3,40,0.9166666666666666,0.0,-0.9166666666666666
67d8ede3-8e2c-4bba-b303-5989598dcb9a,15,0.375,40,0.0,0.8,0.8
67e559d0-6980-435c-8989-1c22c89d2013,9,0.2,45,0.8888888888888888,0.2727272727272727,-0.6161616161616161
67e559d0-6980-435c-8989-1c22c89d2013,20,0.4444444444444444,45,0.2727272727272727,1.0,0.7272727272727273
67e559d0-6980-435c-8989-1c22c89d2013,24,0.5333333333333333,45,1.0,0.38095238095238093,-0.6190476190476191
67fdfb29-914a-4247-825f-e6b123f6d2df,20,0.8695652173913043,23,0.8,0.0,-0.8
680d7548-852c-439d-8a4c-cc87375464f9,13,0.26,50,0.6153846153846154,0.0,-0.6153846153846154
680d7548-852c-439d-8a4c-cc87375464f9,17,0.34,50,0.0,0.8,0.8
680d7548-852c-439d-8a4c-cc87375464f9,22,0.44,50,0.8,0.0,-0.8
680d7548-852c-439d-8a4c-cc87375464f9,25,0.5,50,0.0,0.8,0.8
6810c57f-194f-4a81-bc79-9f8e552edd47,6,0.21428571428571427,28,1.0,0.22727272727272727,-0.7727272727272727
68419eb9-5401-4488-b47a-b234632ad818,5,0.1111111111111111,45,1.0,0.16666666666666666,-0.8333333333333334
68419eb9-5401-4488-b47a-b234632ad818,17,0.37777777777777777,45,0.16666666666666666,0.625,0.45833333333333337
68419eb9-5401-4488-b47a-b234632ad818,25,0.5555555555555556,45,0.625,0.0,-0.625
68419eb9-5401-4488-b47a-b234632ad818,30,0.6666666666666666,45,0.0,0.8888888888888888,0.8888888888888888
68419eb9-5401-4488-b47a-b234632ad818,39,0.8666666666666667,45,0.8888888888888888,0.16666666666666666,-0.7222222222222222
686ef61b-8ca1-4357-9160-b842c53685ad,10,0.5882352941176471,17,0.9,0.14285714285714285,-0.7571428571428571
6875caf1-8e40-4659-bce1-f51c65d8c848,15,0.375,40,0.8,0.28,-0.52
6881c35d-3942-4465-8ffe-ee86c59d0af4,34,0.85,40,0.7941176470588235,0.3333333333333333,-0.46078431372549017
6885255a-faa0-477c-9e23-439f07da7e20,33,0.7333333333333333,45,0.9090909090909091,0.3333333333333333,-0.5757575757575757
6896283a-b14d-4ac0-a3f6-96ef9d325ae9,18,0.782608695652174,23,0.8333333333333334,0.2,-0.6333333333333333
68acee36-e210-4e75-b2d9-86bf207d0551,25,0.5952380952380952,42,0.72,0.09090909090909091,-0.629090909090909
68acee36-e210-4e75-b2d9-86bf207d0551,36,0.8571428571428571,42,0.09090909090909091,0.6666666666666666,0.5757575757575757
68bd5cbc-0059-40db-a5a8-74150e853a9f,13,0.325,40,1.0,0.6296296296296297,-0.37037037037037035
68cb1883-ca5c-4d83-b760-4e5ae5192d9f,15,0.5357142857142857,28,0.9333333333333333,0.2,-0.7333333333333334
68cb1883-ca5c-4d83-b760-4e5ae5192d9f,20,0.7142857142857143,28,0.2,1.0,0.8
68d14269-3c3d-4ec6-8372-58e006ad70ef,6,0.15789473684210525,38,0.16666666666666666,0.8,0.6333333333333334
68d14269-3c3d-4ec6-8372-58e006ad70ef,11,0.2894736842105263,38,0.8,0.2222222222222222,-0.5777777777777778
68d2f7fc-d591-4f28-a67e-4763015dabbe,26,0.7222222222222222,36,0.8846153846153846,0.25,-0.6346153846153846
68d2f7fc-d591-4f28-a67e-4763015dabbe,30,0.8333333333333334,36,0.25,0.8333333333333334,0.5833333333333334
68d88499-e62a-4e8a-984e-83569c65a63b,30,0.6818181818181818,44,0.6,0.0,-0.6
68d88499-e62a-4e8a-984e-83569c65a63b,34,0.7727272727272727,44,0.0,1.0,1.0
68d88499-e62a-4e8a-984e-83569c65a63b,37,0.8409090909090909,44,1.0,0.2857142857142857,-0.7142857142857143
68d96cec-48d4-4941-92ba-245fc63f5fba,3,0.06521739130434782,46,1.0,0.0,-1.0
68d96cec-48d4-4941-92ba-245fc63f5fba,12,0.2608695652173913,46,0.0,0.47368421052631576,0.47368421052631576
68d96cec-48d4-4941-92ba-245fc63f5fba,31,0.6739130434782609,46,0.47368421052631576,1.0,0.5263157894736843
68d96cec-48d4-4941-92ba-245fc63f5fba,36,0.782608695652174,46,1.0,0.0,-1.0
68d96cec-48d4-4941-92ba-245fc63f5fba,40,0.8695652173913043,46,0.0,0.6666666666666666,0.6666666666666666
68f72a1b-e8fd-4096-a283-c052adbaba92,39,0.9285714285714286,42,0.9487179487179487,0.3333333333333333,-0.6153846153846154
68fef246-39a8-4b1e-af6f-13ab32c4d8ed,7,0.3888888888888889,18,0.5714285714285714,0.18181818181818182,-0.3896103896103896
69026d03-c3fe-4d6b-b015-205d4466010f,15,0.4166666666666667,36,0.8666666666666667,0.0,-0.8666666666666667
69026d03-c3fe-4d6b-b015-205d4466010f,19,0.5277777777777778,36,0.0,0.7142857142857143,0.7142857142857143
69026d03-c3fe-4d6b-b015-205d4466010f,26,0.7222222222222222,36,0.7142857142857143,0.3,-0.4142857142857143
69028a83-ce02-4436-882f-6223c41cea81,19,0.48717948717948717,39,0.21052631578947367,1.0,0.7894736842105263
69028a83-ce02-4436-882f-6223c41cea81,24,0.6153846153846154,39,1.0,0.1111111111111111,-0.8888888888888888
69028a83-ce02-4436-882f-6223c41cea81,33,0.8461538461538461,39,0.1111111111111111,1.0,0.8888888888888888
69028a83-ce02-4436-882f-6223c41cea81,36,0.9230769230769231,39,1.0,0.0,-1.0
6937af46-8448-48ea-a3bd-8c907a0b3fbf,18,0.5,36,0.9444444444444444,0.2777777777777778,-0.6666666666666666
694672fe-451a-462a-89d7-215f32ba3e0d,17,0.7083333333333334,24,0.8823529411764706,0.0,-0.8823529411764706
694672fe-451a-462a-89d7-215f32ba3e0d,20,0.8333333333333334,24,0.0,0.75,0.75
695a3d39-2f11-4766-8f37-b2b4b63c8c69,24,0.8275862068965517,29,0.9166666666666666,0.4,-0.5166666666666666
69670e1c-369c-4603-b3c3-83fe7bd7ea66,33,0.825,40,0.8181818181818182,0.42857142857142855,-0.3896103896103897
69685c46-3eb4-4f6a-8606-d15907a9b10a,3,0.13043478260869565,23,0.3333333333333333,0.9230769230769231,0.5897435897435899
69685c46-3eb4-4f6a-8606-d15907a9b10a,16,0.6956521739130435,23,0.9230769230769231,0.0,-0.9230769230769231
69685c46-3eb4-4f6a-8606-d15907a9b10a,20,0.8695652173913043,23,0.0,0.6666666666666666,0.6666666666666666
69785e2a-7d47-4d38-86b3-9b89199e86a6,19,0.475,40,0.7368421052631579,0.08333333333333333,-0.6535087719298245
69785e2a-7d47-4d38-86b3-9b89199e86a6,31,0.775,40,0.08333333333333333,1.0,0.9166666666666666
69785e2a-7d47-4d38-86b3-9b89199e86a6,34,0.85,40,1.0,0.16666666666666666,-0.8333333333333334
6983bbc8-c81b-40e7-b801-74e57501fc2e,5,0.20833333333333334,24,0.2,1.0,0.8
6983bbc8-c81b-40e7-b801-74e57501fc2e,8,0.3333333333333333,24,1.0,0.4375,-0.5625
699a0274-310e-4a80-9942-2eeeb454cb0b,18,0.4,45,0.16666666666666666,0.625,0.45833333333333337
699a0274-310e-4a80-9942-2eeeb454cb0b,26,0.5777777777777777,45,0.625,0.05263157894736842,-0.5723684210526316
69d17525-c182-488d-8182-6cb513d78f7e,37,0.8043478260869565,46,0.43243243243243246,0.7777777777777778,0.34534534534534533
69d4b176-53dd-44f1-9005-f4f696a6debf,15,0.625,24,0.7333333333333333,0.3333333333333333,-0.39999999999999997
69f2f58c-4726-46a0-ada7-9f19fabcda70,24,0.631578947368421,38,0.9583333333333334,0.6428571428571429,-0.31547619047619047
6a02da59-7c9a-4e99-a7ab-29d24d8d473b,8,0.21052631578947367,38,0.5,0.8333333333333334,0.33333333333333337
6a138280-738d-425b-b301-2cd1df03b707,30,0.6666666666666666,45,1.0,0.6666666666666666,-0.33333333333333337
6a16be16-4ae8-4b80-82bd-7ac5e9e8dcd8,34,0.85,40,0.0,1.0,1.0
6a197054-3758-4e35-a628-d6e34d407e11,3,0.06521739130434782,46,0.6666666666666666,0.0,-0.6666666666666666
6a197054-3758-4e35-a628-d6e34d407e11,9,0.1956521739130435,46,0.0,0.5675675675675675,0.5675675675675675
6a29453d-1be6-44a3-8dc2-c5033700a526,29,0.725,40,0.034482758620689655,1.0,0.9655172413793104
6a2c1ac7-c171-4dd0-8a76-7b211b6a05b5,18,0.47368421052631576,38,0.8333333333333334,0.0,-0.8333333333333334
6a2c1ac7-c171-4dd0-8a76-7b211b6a05b5,21,0.5526315789473685,38,0.0,0.8235294117647058,0.8235294117647058
6a674be9-86a4-46aa-9b83-a47dc767a176,28,0.6086956521739131,46,0.7142857142857143,0.1111111111111111,-0.6031746031746033
6a8371ba-0b69-46f8-b1f0-c619a8bf81e0,11,0.28205128205128205,39,1.0,0.0,-1.0
6a8371ba-0b69-46f8-b1f0-c619a8bf81e0,14,0.358974358974359,39,0.0,0.9090909090909091,0.9090909090909091
6a8371ba-0b69-46f8-b1f0-c619a8bf81e0,36,0.9230769230769231,39,0.9090909090909091,0.3333333333333333,-0.5757575757575757
6a8ad6e7-550b-483a-a7fe-a944b4145315,18,0.6206896551724138,29,0.8888888888888888,0.2727272727272727,-0.6161616161616161
6ac8b3f8-c899-43b6-8c41-aacaaa092a9a,11,0.275,40,1.0,0.5862068965517241,-0.4137931034482759
6ae797cc-8795-41ba-baf7-ea8a7b49bca8,11,0.6111111111111112,18,0.6363636363636364,1.0,0.36363636363636365
6ae84148-5e0c-412e-aaaa-39bf4162358a,8,0.18181818181818182,44,0.125,0.65625,0.53125
6ae84148-5e0c-412e-aaaa-39bf4162358a,40,0.9090909090909091,44,0.65625,0.0,-0.65625
6ae9fe8c-d264-45af-8cc9-47ba07456255,10,0.4166666666666667,24,1.0,0.6428571428571429,-0.3571428571428571
6b0463ac-ebf3-4639-a3e3-367d8c51d392,34,0.85,40,0.058823529411764705,1.0,0.9411764705882353
6b0c3ce1-7242-4a69-99da-b30ffab8787b,18,0.782608695652174,23,1.0,0.6,-0.4
6b27585b-af60-4ffa-bed8-54ec1f620887,42,0.9333333333333333,45,0.9047619047619048,0.0,-0.9047619047619048
6b48007f-3287-4579-b3b1-c62146e5a620,5,0.13157894736842105,38,1.0,0.18181818181818182,-0.8181818181818181
6b48007f-3287-4579-b3b1-c62146e5a620,16,0.42105263157894735,38,0.18181818181818182,1.0,0.8181818181818181
6b48007f-3287-4579-b3b1-c62146e5a620,21,0.5526315789473685,38,1.0,0.2,-0.8
6b48007f-3287-4579-b3b1-c62146e5a620,26,0.6842105263157895,38,0.2,0.6666666666666666,0.4666666666666666
6b4b7fe0-8015-4873-9cb0-d840c676ddea,3,0.16666666666666666,18,0.0,0.7333333333333333,0.7333333333333333
6b5279ea-62c7-4d0f-9557-c83524be4fb4,39,0.9285714285714286,42,0.8974358974358975,0.0,-0.8974358974358975
6b55b914-61fc-4d46-b8dd-3f816282d584,18,0.4090909090909091,44,0.4444444444444444,0.07692307692307693,-0.3675213675213675
6b59d7aa-b1c3-4295-9081-bc69011ce673,8,0.17391304347826086,46,0.25,0.868421052631579,0.618421052631579
6b66d514-f7b8-4765-bff8-3804c61b25a7,25,0.5952380952380952,42,1.0,0.36363636363636365,-0.6363636363636364
6b66d514-f7b8-4765-bff8-3804c61b25a7,36,0.8571428571428571,42,0.36363636363636365,1.0,0.6363636363636364
6b66d514-f7b8-4765-bff8-3804c61b25a7,39,0.9285714285714286,42,1.0,0.0,-1.0
6b6a6e7e-c3b9-4c28-9d93-d2a22bb01712,26,0.52,50,0.8461538461538461,0.2,-0.6461538461538461
6b6a6e7e-c3b9-4c28-9d93-d2a22bb01712,36,0.72,50,0.2,0.7142857142857143,0.5142857142857142
6b7a5e16-9033-4a2d-a682-81f4bb7afdbb,19,0.5,38,0.9473684210526315,0.2631578947368421,-0.6842105263157894
6b912dc1-2839-4da1-90d2-5703ac7deb89,28,0.7777777777777778,36,0.8571428571428571,0.25,-0.6071428571428571
6b912dc1-2839-4da1-90d2-5703ac7deb89,32,0.8888888888888888,36,0.25,1.0,0.75
6ba5f1c4-0ad6-457f-9198-e1e8ede7944e,13,0.28888888888888886,45,0.9230769230769231,0.5,-0.42307692307692313
6bb2f6c3-3fb0-431d-a680-39ec6b968957,14,0.7777777777777778,18,1.0,0.25,-0.75
6bb9fca4-1ea2-4c55-a0fe-b4ee06d793e3,31,0.775,40,0.9354838709677419,0.3333333333333333,-0.6021505376344085
6bb9fca4-1ea2-4c55-a0fe-b4ee06d793e3,37,0.925,40,0.3333333333333333,1.0,0.6666666666666667
6bba90bf-46de-423c-a57d-04b5fba3b5a9,15,0.3125,48,0.6,0.0,-0.6
6bba90bf-46de-423c-a57d-04b5fba3b5a9,21,0.4375,48,0.0,0.6666666666666666,0.6666666666666666
6bbbbbbc-2525-4638-b13e-5bd032d1ef0b,17,0.7391304347826086,23,0.8823529411764706,0.0,-0.8823529411764706
6bbbbbbc-2525-4638-b13e-5bd032d1ef0b,20,0.8695652173913043,23,0.0,0.6666666666666666,0.6666666666666666
6be5eba6-d4bb-488d-be97-d35a9ebee24b,19,0.4523809523809524,42,0.8947368421052632,0.5217391304347826,-0.37299771167048057
6bf4a7e5-04b2-486f-b7bc-a4fc5b7c7268,29,0.6444444444444445,45,0.7931034482758621,0.0,-0.7931034482758621
6bf4a7e5-04b2-486f-b7bc-a4fc5b7c7268,32,0.7111111111111111,45,0.0,0.7692307692307693,0.7692307692307693
6bf85d3e-5078-4117-9068-6bb29cbcba31,5,0.20833333333333334,24,0.0,0.5454545454545454,0.5454545454545454
6bf85d3e-5078-4117-9068-6bb29cbcba31,16,0.6666666666666666,24,0.5454545454545454,0.0,-0.5454545454545454
6c07a41c-44ae-47d6-9b06-941bb7625ddc,35,0.8333333333333334,42,1.0,0.5714285714285714,-0.4285714285714286
6c140f35-6bef-4779-8775-a5363d2f31b1,45,0.9,50,0.7555555555555555,0.0,-0.7555555555555555
6c1841ac-e4dd-4828-883b-14d7582161d1,3,0.10344827586206896,29,1.0,0.25,-0.75
6c1841ac-e4dd-4828-883b-14d7582161d1,7,0.2413793103448276,29,0.25,0.8823529411764706,0.6323529411764706
6c1841ac-e4dd-4828-883b-14d7582161d1,24,0.8275862068965517,29,0.8823529411764706,0.2,-0.6823529411764706
6c23358d-8c20-4f59-836e-df4bc0363633,5,0.20833333333333334,24,0.6,1.0,0.4
6c24e108-9d80-40c5-b4f3-ac9919a4fb1a,14,0.30434782608695654,46,0.8571428571428571,0.3333333333333333,-0.5238095238095237
6c24e108-9d80-40c5-b4f3-ac9919a4fb1a,20,0.43478260869565216,46,0.3333333333333333,1.0,0.6666666666666667
6c24e108-9d80-40c5-b4f3-ac9919a4fb1a,25,0.5434782608695652,46,1.0,0.0,-1.0
6c24e108-9d80-40c5-b4f3-ac9919a4fb1a,33,0.717391304347826,46,0.0,0.5384615384615384,0.5384615384615384
6c2dc48d-7aad-4b44-8ff6-b1e92612274c,16,0.6956521739130435,23,0.1875,0.75,0.5625
6c2dc48d-7aad-4b44-8ff6-b1e92612274c,20,0.8695652173913043,23,0.75,0.0,-0.75
6c439a00-dd74-4370-a20e-fb03b13cf279,10,0.35714285714285715,28,1.0,0.6666666666666666,-0.33333333333333337
6c46961d-561e-4b32-b609-c4873f43e2a7,34,0.8947368421052632,38,0.9411764705882353,0.5,-0.4411764705882353
6c6cced5-551f-45f6-9e97-f4c82aec7f93,28,0.6363636363636364,44,0.8928571428571429,0.5625,-0.3303571428571429
6c712aba-950e-4dcc-b4f6-6f041ec67bdb,7,0.2413793103448276,29,0.14285714285714285,0.625,0.48214285714285715
6c712aba-950e-4dcc-b4f6-6f041ec67bdb,15,0.5172413793103449,29,0.625,0.14285714285714285,-0.48214285714285715
6c79fa5c-0f03-4a91-a78f-f9529b8c232c,8,0.4444444444444444,18,0.5,1.0,0.5
6c79fa5c-0f03-4a91-a78f-f9529b8c232c,12,0.6666666666666666,18,1.0,0.0,-1.0
6c94fa4b-3ed0-46b0-9553-f37f31a98cc6,9,0.1956521739130435,46,0.5555555555555556,0.11764705882352941,-0.43790849673202614
6c94fa4b-3ed0-46b0-9553-f37f31a98cc6,43,0.9347826086956522,46,0.11764705882352941,0.6666666666666666,0.5490196078431372
6c9d194f-0aea-43ac-b0de-586aa6015f8f,17,0.40476190476190477,42,0.9411764705882353,0.28,-0.6611764705882353
6ca9d2f5-eed2-4a4b-93d5-f312285bd7b7,42,0.7777777777777778,54,0.7142857142857143,0.3333333333333333,-0.380952380952381
6cbe4c0c-3caf-4265-9cc0-09588c21911c,4,0.16666666666666666,24,1.0,0.0,-1.0
6cbe4c0c-3caf-4265-9cc0-09588c21911c,9,0.375,24,0.0,0.8666666666666667,0.8666666666666667
6cc4e13d-1638-4b5b-9fcf-c9eb1ba0e8dc,23,0.575,40,0.8695652173913043,0.25,-0.6195652173913043
6cc4e13d-1638-4b5b-9fcf-c9eb1ba0e8dc,27,0.675,40,0.25,1.0,0.75
6cccee2e-1727-40e2-8db4-46043dae1920,11,0.6470588235294118,17,0.6363636363636364,0.16666666666666666,-0.4696969696969697
6cd83c48-23da-4a66-92b5-44e8b556311b,4,0.08695652173913043,46,0.75,0.0,-0.75
6cd83c48-23da-4a66-92b5-44e8b556311b,8,0.17391304347826086,46,0.0,1.0,1.0
6cd83c48-23da-4a66-92b5-44e8b556311b,17,0.3695652173913043,46,1.0,0.5862068965517241,-0.4137931034482759
6cdfdb89-1018-443b-9218-070ef7bc5603,4,0.08695652173913043,46,0.25,0.875,0.625
6cdfdb89-1018-443b-9218-070ef7bc5603,36,0.782608695652174,46,0.875,0.25,-0.625
6cdfdb89-1018-443b-9218-070ef7bc5603,40,0.8695652173913043,46,0.25,1.0,0.75
6ce210e5-3293-4e1b-b7a2-49b39eba43b2,4,0.2222222222222222,18,0.75,0.2857142857142857,-0.4642857142857143
6ce9885a-d76d-4f8a-90fc-cde1b165ab47,5,0.125,40,1.0,0.2,-0.8
6ce9885a-d76d-4f8a-90fc-cde1b165ab47,10,0.25,40,0.2,0.8666666666666667,0.6666666666666667
6cea2063-95e9-43bc-b971-6105250810e9,15,0.4166666666666667,36,0.9333333333333333,0.0,-0.9333333333333333
6cea2063-95e9-43bc-b971-6105250810e9,18,0.5,36,0.0,0.9444444444444444,0.9444444444444444
6d09ae76-c9af-45f2-9acd-b09c70770503,15,0.5172413793103449,29,0.7333333333333333,0.35714285714285715,-0.37619047619047613
6d0c2a57-3c8e-434d-9612-2da719c5646a,9,0.25,36,0.8888888888888888,0.5555555555555556,-0.33333333333333326
6d2b06f2-4fc7-4259-9bcd-a53bc6bf2e67,8,0.3333333333333333,24,0.5,0.9375,0.4375
6d681cc1-baee-4726-b12d-1aba5fc6f55b,6,0.2608695652173913,23,0.16666666666666666,0.875,0.7083333333333334
6d681cc1-baee-4726-b12d-1aba5fc6f55b,14,0.6086956521739131,23,0.875,0.1111111111111111,-0.7638888888888888
6d6e2a9f-7b87-4c41-b5d9-1947cb1a4a1d,12,0.26666666666666666,45,0.75,0.0,-0.75
6d6e2a9f-7b87-4c41-b5d9-1947cb1a4a1d,16,0.35555555555555557,45,0.0,1.0,1.0
6d6e2a9f-7b87-4c41-b5d9-1947cb1a4a1d,19,0.4222222222222222,45,1.0,0.0,-1.0
6d73df93-7099-4824-8787-57fa34849b14,6,0.14285714285714285,42,0.6666666666666666,0.0,-0.6666666666666666
6d73df93-7099-4824-8787-57fa34849b14,9,0.21428571428571427,42,0.0,1.0,1.0
6d73df93-7099-4824-8787-57fa34849b14,17,0.40476190476190477,42,1.0,0.28,-0.72
6d971299-67ff-4b3f-a944-5ae7ee307db3,10,0.43478260869565216,23,0.7,0.07692307692307693,-0.6230769230769231
6d9946ee-f65b-4881-a313-82d7fe6476f4,11,0.4583333333333333,24,0.36363636363636365,1.0,0.6363636363636364
6d9946ee-f65b-4881-a313-82d7fe6476f4,18,0.75,24,1.0,0.5,-0.5
6da3fd27-0281-41da-9df9-9587d8fded91,16,0.6666666666666666,24,1.0,0.5,-0.5
6da563b9-d7f1-4b84-a9d5-8625939c14e8,19,0.41304347826086957,46,0.10526315789473684,0.75,0.6447368421052632
6da563b9-d7f1-4b84-a9d5-8625939c14e8,31,0.6739130434782609,46,0.75,0.06666666666666667,-0.6833333333333333
6da7d312-7118-4822-bf77-2353f3d6f22e,7,0.3888888888888889,18,0.2857142857142857,1.0,0.7142857142857143
6da83c63-dfe2-40f0-b0b7-9fc79012f744,22,0.6111111111111112,36,0.9090909090909091,0.2,-0.709090909090909
6da83c63-dfe2-40f0-b0b7-9fc79012f744,27,0.75,36,0.2,0.8888888888888888,0.6888888888888889
6db2fdd9-12f9-4b76-b944-d12e672aae6d,4,0.17391304347826086,23,0.5,1.0,0.5
6db2fdd9-12f9-4b76-b944-d12e672aae6d,10,0.43478260869565216,23,1.0,0.0,-1.0
6db2fdd9-12f9-4b76-b944-d12e672aae6d,13,0.5652173913043478,23,0.0,0.8333333333333334,0.8333333333333334
6db2fdd9-12f9-4b76-b944-d12e672aae6d,19,0.8260869565217391,23,0.8333333333333334,0.0,-0.8333333333333334
6dc424fd-2fb7-4996-87da-8954e4e54b91,8,0.34782608695652173,23,1.0,0.3333333333333333,-0.6666666666666667
6dc424fd-2fb7-4996-87da-8954e4e54b91,14,0.6086956521739131,23,0.3333333333333333,0.8888888888888888,0.5555555555555556
6dccd355-101b-47f9-a9ee-7a57936e5da3,7,0.15555555555555556,45,0.8571428571428571,0.25,-0.6071428571428571
6dccd355-101b-47f9-a9ee-7a57936e5da3,11,0.24444444444444444,45,0.25,0.896551724137931,0.646551724137931
6dccd355-101b-47f9-a9ee-7a57936e5da3,40,0.8888888888888888,45,0.896551724137931,0.0,-0.896551724137931
6dcfb25f-8ed1-4ce5-b51e-8a98c92a0637,10,0.2777777777777778,36,0.8,0.0,-0.8
6dcfb25f-8ed1-4ce5-b51e-8a98c92a0637,13,0.3611111111111111,36,0.0,0.8333333333333334,0.8333333333333334
6dcfb25f-8ed1-4ce5-b51e-8a98c92a0637,31,0.8611111111111112,36,0.8333333333333334,0.4,-0.43333333333333335
6dcfc2b5-86e9-4f12-9b43-8da28c0dc0aa,3,0.17647058823529413,17,1.0,0.3333333333333333,-0.6666666666666667
6dcfc2b5-86e9-4f12-9b43-8da28c0dc0aa,9,0.5294117647058824,17,0.3333333333333333,0.875,0.5416666666666667
6dd7d4d0-2508-4c3f-869c-c7308f9d67d6,12,0.24,50,0.16666666666666666,0.7142857142857143,0.5476190476190477
6dd7d4d0-2508-4c3f-869c-c7308f9d67d6,19,0.38,50,0.7142857142857143,0.058823529411764705,-0.6554621848739496
6dd7d4d0-2508-4c3f-869c-c7308f9d67d6,36,0.72,50,0.058823529411764705,0.8333333333333334,0.7745098039215687
6dd7d4d0-2508-4c3f-869c-c7308f9d67d6,42,0.84,50,0.8333333333333334,0.0,-0.8333333333333334
6dddd0ad-f5b9-44cc-bba9-922f07a2bc34,21,0.5,42,0.5238095238095238,1.0,0.47619047619047616
6dddd0ad-f5b9-44cc-bba9-922f07a2bc34,27,0.6428571428571429,42,1.0,0.0,-1.0
6dddd0ad-f5b9-44cc-bba9-922f07a2bc34,31,0.7380952380952381,42,0.0,0.75,0.75
6dddd0ad-f5b9-44cc-bba9-922f07a2bc34,35,0.8333333333333334,42,0.75,0.0,-0.75
6dddd0ad-f5b9-44cc-bba9-922f07a2bc34,39,0.9285714285714286,42,0.0,1.0,1.0
6df94380-9916-4eff-b1a8-7365be675a12,13,0.4482758620689655,29,0.5384615384615384,1.0,0.46153846153846156
6df94380-9916-4eff-b1a8-7365be675a12,17,0.5862068965517241,29,1.0,0.16666666666666666,-0.8333333333333334
6e3efc52-efb6-4af7-9e71-bb3532ae3321,17,0.4722222222222222,36,0.6470588235294118,0.3684210526315789,-0.27863777089783287
6e55361f-6f07-4410-ac29-2ce17846c57a,5,0.11904761904761904,42,0.4,0.875,0.475
6e55361f-6f07-4410-ac29-2ce17846c57a,21,0.5,42,0.875,0.25,-0.625
6e55361f-6f07-4410-ac29-2ce17846c57a,29,0.6904761904761905,42,0.25,0.8461538461538461,0.5961538461538461
6e6095a9-02d3-40d6-bed1-9e4564479717,10,0.2631578947368421,38,0.3,1.0,0.7
6e6095a9-02d3-40d6-bed1-9e4564479717,14,0.3684210526315789,38,1.0,0.375,-0.625
6e6e9372-b1c5-44cf-9f3b-34fb061e91b7,6,0.25,24,0.8333333333333334,0.2857142857142857,-0.5476190476190477
6e6e9372-b1c5-44cf-9f3b-34fb061e91b7,13,0.5416666666666666,24,0.2857142857142857,1.0,0.7142857142857143
6e6e9372-b1c5-44cf-9f3b-34fb061e91b7,18,0.75,24,1.0,0.16666666666666666,-0.8333333333333334
6e742b9d-d815-41df-8529-2f20191db940,9,0.375,24,0.5555555555555556,0.0,-0.5555555555555556
6e742b9d-d815-41df-8529-2f20191db940,12,0.5,24,0.0,0.75,0.75
6e76d647-c09a-44d1-b8c2-2520116de02f,7,0.175,40,0.42857142857142855,0.8235294117647058,0.3949579831932773
6e76d647-c09a-44d1-b8c2-2520116de02f,24,0.6,40,0.8235294117647058,0.3125,-0.5110294117647058
6e930c61-8c4a-4ba6-8ed1-2307c0538e7e,20,0.8333333333333334,24,0.95,0.5,-0.44999999999999996
6eb9fdf6-19bb-45db-9749-97ab2966bf9f,14,0.8235294117647058,17,0.9285714285714286,0.3333333333333333,-0.5952380952380953
6ec9e549-ff99-4ab5-9c56-c20da600fe0f,6,0.20689655172413793,29,1.0,0.15,-0.85
6ec9e549-ff99-4ab5-9c56-c20da600fe0f,26,0.896551724137931,29,0.15,0.6666666666666666,0.5166666666666666
6ed19c8d-0f09-43fe-a64b-fb4e5bf0c50b,25,0.625,40,1.0,0.0,-1.0
6ed19c8d-0f09-43fe-a64b-fb4e5bf0c50b,29,0.725,40,0.0,0.9090909090909091,0.9090909090909091
6eee70db-0d05-44f5-8aa4-4800c498e95d,5,0.2777777777777778,18,0.0,0.9230769230769231,0.9230769230769231
6ef96ecf-9dda-427b-97fa-dc28dce66832,13,0.26,50,0.9230769230769231,0.6071428571428571,-0.31593406593406603
6ef96ecf-9dda-427b-97fa-dc28dce66832,41,0.82,50,0.6071428571428571,1.0,0.3928571428571429
6f06c839-b94c-4967-abbd-df1d0f692ab9,36,0.9,40,0.6944444444444444,0.0,-0.6944444444444444
6f090530-11ee-4487-a887-a6ebf8035515,20,0.6896551724137931,29,1.0,0.6666666666666666,-0.33333333333333337
6f289884-3238-4e95-b06b-60f0ce4c06a7,3,0.07142857142857142,42,1.0,0.0,-1.0
6f289884-3238-4e95-b06b-60f0ce4c06a7,11,0.2619047619047619,42,0.0,0.8333333333333334,0.8333333333333334
6f289884-3238-4e95-b06b-60f0ce4c06a7,17,0.40476190476190477,42,0.8333333333333334,0.2,-0.6333333333333333
6f3afbd1-03ae-4fff-8fdb-8bf6a2530b14,35,0.875,40,0.9142857142857143,0.4,-0.5142857142857142
6f4543cd-7d8b-4d21-8759-455be931fed2,21,0.525,40,0.9047619047619048,0.5263157894736842,-0.3784461152882206
6f501d0e-7b00-40a1-8e0f-5538599c4069,3,0.06666666666666667,45,0.3333333333333333,0.8888888888888888,0.5555555555555556
6f501d0e-7b00-40a1-8e0f-5538599c4069,39,0.8666666666666667,45,0.8888888888888888,0.16666666666666666,-0.7222222222222222
6f51e103-c978-44af-92b3-d4d181ee2e63,26,0.7222222222222222,36,0.5769230769230769,0.2,-0.37692307692307686
6f6e4308-7b26-4840-84b4-3d2b601c595f,25,0.5681818181818182,44,0.84,0.16666666666666666,-0.6733333333333333
6f6e4308-7b26-4840-84b4-3d2b601c595f,31,0.7045454545454546,44,0.16666666666666666,0.8461538461538461,0.6794871794871795
6f76ed88-98a5-4d12-9ddc-b33cb4caac07,6,0.16666666666666666,36,1.0,0.375,-0.625
6f76ed88-98a5-4d12-9ddc-b33cb4caac07,14,0.3888888888888889,36,0.375,1.0,0.625
6f76ed88-98a5-4d12-9ddc-b33cb4caac07,17,0.4722222222222222,36,1.0,0.15789473684210525,-0.8421052631578947
6f98a0c5-ba0d-4a81-ab9c-5f9629775049,28,0.7777777777777778,36,0.8928571428571429,0.25,-0.6428571428571429
6f98a0c5-ba0d-4a81-ab9c-5f9629775049,32,0.8888888888888888,36,0.25,1.0,0.75
6fb0aebb-cc60-4fba-8f6e-f06cfe6bbe52,32,0.7619047619047619,42,0.96875,0.6,-0.36875
6fcbba8d-dfc7-4624-96fc-39a6fd7a723f,9,0.32142857142857145,28,0.6666666666666666,0.0,-0.6666666666666666
6fcbba8d-dfc7-4624-96fc-39a6fd7a723f,12,0.42857142857142855,28,0.0,0.8125,0.8125
6fd7168d-5b36-4fec-851e-71861ce7fb61,21,0.5,42,0.7619047619047619,0.0,-0.7619047619047619
6fd7168d-5b36-4fec-851e-71861ce7fb61,29,0.6904761904761905,42,0.0,0.7142857142857143,0.7142857142857143
6fd7168d-5b36-4fec-851e-71861ce7fb61,36,0.8571428571428571,42,0.7142857142857143,0.16666666666666666,-0.5476190476190477
700b6462-04c8-4c49-9f31-106ad08d62c4,30,0.6,50,0.9,0.0,-0.9
700b6462-04c8-4c49-9f31-106ad08d62c4,33,0.66,50,0.0,0.7058823529411765,0.7058823529411765
70120102-38f8-4c40-8e88-1cf4887aff56,31,0.62,50,0.967741935483871,0.631578947368421,-0.33616298811545
704b0416-f0b8-4633-b836-1f6532f79157,33,0.825,40,0.6666666666666666,0.0,-0.6666666666666666
704b0416-f0b8-4633-b836-1f6532f79157,36,0.9,40,0.0,1.0,1.0
705f3260-9786-4570-a246-1abc7279f420,41,0.82,50,0.024390243902439025,0.6666666666666666,0.6422764227642276
706f4746-6eba-4a65-94d9-1d7e9e044808,8,0.34782608695652173,23,0.5,0.13333333333333333,-0.3666666666666667
70a1fd61-89ca-4144-9906-b9394bd3b19b,32,0.64,50,0.90625,0.25,-0.65625
70a1fd61-89ca-4144-9906-b9394bd3b19b,36,0.72,50,0.25,1.0,0.75
70a1fd61-89ca-4144-9906-b9394bd3b19b,43,0.86,50,1.0,0.42857142857142855,-0.5714285714285714
70b3db7c-75bb-479a-8a50-f2e59ad43830,6,0.12,50,1.0,0.45454545454545453,-0.5454545454545454
70b3db7c-75bb-479a-8a50-f2e59ad43830,28,0.56,50,0.45454545454545453,0.7727272727272727,0.3181818181818182
70b5a1c2-37aa-4e9a-88c0-76ed63e639bc,10,0.21739130434782608,46,0.4,1.0,0.6
70b5a1c2-37aa-4e9a-88c0-76ed63e639bc,18,0.391304347826087,46,1.0,0.4166666666666667,-0.5833333333333333
70b5a1c2-37aa-4e9a-88c0-76ed63e639bc,30,0.6521739130434783,46,0.4166666666666667,0.75,0.3333333333333333
70b6ecff-8def-43af-9adb-2dc6072a6737,27,0.6428571428571429,42,0.7407407407407407,0.0,-0.7407407407407407
70b6ecff-8def-43af-9adb-2dc6072a6737,31,0.7380952380952381,42,0.0,0.6363636363636364,0.6363636363636364
70d71897-4d19-4938-9e0e-52bef9ca0ee3,5,0.22727272727272727,22,1.0,0.2222222222222222,-0.7777777777777778
70d71897-4d19-4938-9e0e-52bef9ca0ee3,14,0.6363636363636364,22,0.2222222222222222,1.0,0.7777777777777778
70d71897-4d19-4938-9e0e-52bef9ca0ee3,19,0.8636363636363636,22,1.0,0.3333333333333333,-0.6666666666666667
710a9613-9e95-4d7d-b592-584f00c2c684,21,0.5833333333333334,36,0.38095238095238093,0.0,-0.38095238095238093
710a9613-9e95-4d7d-b592-584f00c2c684,31,0.8611111111111112,36,0.0,0.8,0.8
712b4649-2e15-4e78-902f-922f2284e4d1,11,0.4782608695652174,23,0.9090909090909091,0.4166666666666667,-0.4924242424242424
7139facb-097f-4336-8619-980764e921c2,26,0.52,50,0.8846153846153846,0.375,-0.5096153846153846
7139facb-097f-4336-8619-980764e921c2,34,0.68,50,0.375,0.75,0.375
713b3d2d-3391-46d6-9b32-e9e323bf75c8,5,0.1724137931034483,29,1.0,0.25,-0.75
713b3d2d-3391-46d6-9b32-e9e323bf75c8,9,0.3103448275862069,29,0.25,0.8181818181818182,0.5681818181818182
713b3d2d-3391-46d6-9b32-e9e323bf75c8,20,0.6896551724137931,29,0.8181818181818182,0.0,-0.8181818181818182
713b3d2d-3391-46d6-9b32-e9e323bf75c8,23,0.7931034482758621,29,0.0,0.8333333333333334,0.8333333333333334
714b818c-56b2-49c0-9a8e-66304255af8f,16,0.34782608695652173,46,0.3125,1.0,0.6875
714b818c-56b2-49c0-9a8e-66304255af8f,21,0.45652173913043476,46,1.0,0.36,-0.64
71533d58-66ce-411a-98d1-e09d2a439746,4,0.23529411764705882,17,0.25,0.8461538461538461,0.5961538461538461
715c85cc-2505-45c9-a505-6f4f03733b13,7,0.3888888888888889,18,1.0,0.25,-0.75
715c85cc-2505-45c9-a505-6f4f03733b13,11,0.6111111111111112,18,0.25,0.8571428571428571,0.6071428571428571
7178d4e3-fb3a-4796-8a02-645e90f56fdb,25,0.5,50,0.2,0.8333333333333334,0.6333333333333333
7178d4e3-fb3a-4796-8a02-645e90f56fdb,31,0.62,50,0.8333333333333334,0.3157894736842105,-0.5175438596491229
717adeed-e9fa-4419-99ff-00253bb0e992,16,0.32,50,0.75,0.0,-0.75
717adeed-e9fa-4419-99ff-00253bb0e992,31,0.62,50,0.0,0.5714285714285714,0.5714285714285714
717adeed-e9fa-4419-99ff-00253bb0e992,38,0.76,50,0.5714285714285714,0.08333333333333333,-0.4880952380952381
717bb914-017e-4fdf-9aa5-1a1d7ad9c1a9,10,0.3448275862068966,29,0.7,0.0,-0.7
717bb914-017e-4fdf-9aa5-1a1d7ad9c1a9,13,0.4482758620689655,29,0.0,0.75,0.75
7185e5e7-1109-45b1-87d3-a464e2afa49c,3,0.10714285714285714,28,0.6666666666666666,0.0,-0.6666666666666666
7185e5e7-1109-45b1-87d3-a464e2afa49c,7,0.25,28,0.0,1.0,1.0
7185e5e7-1109-45b1-87d3-a464e2afa49c,10,0.35714285714285715,28,1.0,0.0,-1.0
7185e5e7-1109-45b1-87d3-a464e2afa49c,19,0.6785714285714286,28,0.0,0.8,0.8
7185e5e7-1109-45b1-87d3-a464e2afa49c,24,0.8571428571428571,28,0.8,0.0,-0.8
71b137c0-c226-42ab-af44-45e32f5e219c,6,0.3333333333333333,18,1.0,0.25,-0.75
71b137c0-c226-42ab-af44-45e32f5e219c,10,0.5555555555555556,18,0.25,0.875,0.625
71b2ec3b-3b9f-480a-a386-98048906ee37,14,0.5833333333333334,24,1.0,0.25,-0.75
71b2ec3b-3b9f-480a-a386-98048906ee37,18,0.75,24,0.25,1.0,0.75
71b5e574-f31e-4036-b630-76874e1376ae,15,0.4166666666666667,36,0.9333333333333333,0.0,-0.9333333333333333
71b5e574-f31e-4036-b630-76874e1376ae,18,0.5,36,0.0,1.0,1.0
71b63464-b79a-4439-a7dc-c64f8f1b2e22,20,0.5,40,0.85,0.5,-0.35
71bf430d-d01c-499d-b49a-5e50c5ade9dd,4,0.08888888888888889,45,0.75,0.14634146341463414,-0.6036585365853658
71c9a0b8-eab2-46af-a861-921178e925a3,14,0.4827586206896552,29,0.5,0.13333333333333333,-0.3666666666666667
71cd5e0e-c079-4262-aaf0-ab10292e7898,16,0.6956521739130435,23,0.6875,0.0,-0.6875
71cd5e0e-c079-4262-aaf0-ab10292e7898,19,0.8260869565217391,23,0.0,0.75,0.75
71cf3a6b-1eb0-44a7-bb6a-33ebf3c0a09a,14,0.3888888888888889,36,0.35714285714285715,0.8888888888888888,0.5317460317460316
71cf3a6b-1eb0-44a7-bb6a-33ebf3c0a09a,23,0.6388888888888888,36,0.8888888888888888,0.0,-0.8888888888888888
71cf3a6b-1eb0-44a7-bb6a-33ebf3c0a09a,26,0.7222222222222222,36,0.0,0.8,0.8
71d0a3f2-cdec-48fb-91e2-e9e84acb6228,21,0.5833333333333334,36,0.7142857142857143,0.2,-0.5142857142857142
71d0a3f2-cdec-48fb-91e2-e9e84acb6228,26,0.7222222222222222,36,0.2,0.9,0.7
71da2503-a955-4fb2-a080-cd06a4eafe32,27,0.75,36,0.8888888888888888,0.5555555555555556,-0.33333333333333326
71ecb55b-d63d-47f4-8131-a8a65bd18bbc,7,0.19444444444444445,36,1.0,0.5862068965517241,-0.4137931034482759
7217b4f6-3546-423d-9fd8-dbfd2b0533ac,13,0.5909090909090909,22,0.9230769230769231,0.0,-0.9230769230769231
7217b4f6-3546-423d-9fd8-dbfd2b0533ac,16,0.7272727272727273,22,0.0,0.8333333333333334,0.8333333333333334
7223d2b6-fa64-470a-ac1a-d8faf411f24a,15,0.4166666666666667,36,0.9333333333333333,0.0,-0.9333333333333333
7223d2b6-fa64-470a-ac1a-d8faf411f24a,18,0.5,36,0.0,0.7777777777777778,0.7777777777777778
7250e92d-cb52-4b1d-addf-ad1f015d4234,8,0.4444444444444444,18,0.0,0.6,0.6
7275d671-71f6-440d-90a3-c3d982196a91,30,0.7142857142857143,42,0.7,0.0,-0.7
7275d671-71f6-440d-90a3-c3d982196a91,33,0.7857142857142857,42,0.0,1.0,1.0
7275d671-71f6-440d-90a3-c3d982196a91,39,0.9285714285714286,42,1.0,0.3333333333333333,-0.6666666666666667
7293073e-89c1-46c5-bd62-b7d151596b47,7,0.15555555555555556,45,1.0,0.5454545454545454,-0.4545454545454546
7293073e-89c1-46c5-bd62-b7d151596b47,40,0.8888888888888888,45,0.5454545454545454,1.0,0.4545454545454546
72985407-970a-4611-b807-994cca507670,10,0.25,40,1.0,0.5,-0.5
72996303-36aa-4bef-9e1d-ea4a6512cf2d,10,0.2777777777777778,36,0.1,0.75,0.65
72996303-36aa-4bef-9e1d-ea4a6512cf2d,18,0.5,36,0.75,0.2,-0.55
72996303-36aa-4bef-9e1d-ea4a6512cf2d,28,0.7777777777777778,36,0.2,0.875,0.675
72b3f556-3c9f-410b-b876-73b791da0bc7,11,0.2894736842105263,38,0.9090909090909091,0.3333333333333333,-0.5757575757575757
72b3f556-3c9f-410b-b876-73b791da0bc7,20,0.5263157894736842,38,0.3333333333333333,1.0,0.6666666666666667
72b3f556-3c9f-410b-b876-73b791da0bc7,24,0.631578947368421,38,1.0,0.0,-1.0
72b3f556-3c9f-410b-b876-73b791da0bc7,27,0.7105263157894737,38,0.0,0.8181818181818182,0.8181818181818182
72b586fe-5efe-491d-ac17-62a82a0c3a36,14,0.5,28,0.2857142857142857,1.0,0.7142857142857143
72b586fe-5efe-491d-ac17-62a82a0c3a36,19,0.6785714285714286,28,1.0,0.0,-1.0
72b586fe-5efe-491d-ac17-62a82a0c3a36,25,0.8928571428571429,28,0.0,0.6666666666666666,0.6666666666666666
72c31d5f-f49f-4b89-a41b-79dff3c3bae7,23,0.6388888888888888,36,0.9565217391304348,0.6153846153846154,-0.3411371237458194
72c6a2e8-eaeb-4f1b-afdd-8218b4506acf,19,0.41304347826086957,46,0.7894736842105263,0.07407407407407407,-0.7153996101364523
72da04cf-e5eb-47e5-a27d-f70e450124b8,15,0.6521739130434783,23,0.8,0.0,-0.8
72da04cf-e5eb-47e5-a27d-f70e450124b8,19,0.8260869565217391,23,0.0,0.75,0.75
72eb0731-ee17-45b8-8a2a-46d083724423,22,0.55,40,0.5,0.05555555555555555,-0.4444444444444444
72f0a4c2-c5a4-457d-80fe-96881bc725fb,4,0.23529411764705882,17,1.0,0.07692307692307693,-0.9230769230769231
73219aca-993e-45a0-bb2d-f5e2987d75ef,17,0.425,40,1.0,0.16666666666666666,-0.8333333333333334
73219aca-993e-45a0-bb2d-f5e2987d75ef,23,0.575,40,0.16666666666666666,0.5882352941176471,0.42156862745098045
7328ebe7-04ef-4332-9c0f-2a64033f5228,26,0.896551724137931,29,0.9230769230769231,0.0,-0.9230769230769231
732e379f-69c0-4128-b262-ec4fc559d61c,15,0.6521739130434783,23,1.0,0.625,-0.375
73361f66-1ff2-4fa6-b688-f9ea58e5f92d,4,0.13793103448275862,29,1.0,0.2,-0.8
73361f66-1ff2-4fa6-b688-f9ea58e5f92d,9,0.3103448275862069,29,0.2,1.0,0.8
73361f66-1ff2-4fa6-b688-f9ea58e5f92d,16,0.5517241379310345,29,1.0,0.46153846153846156,-0.5384615384615384
733c42d9-5f3e-4b62-aa7f-050b3a14e855,3,0.17647058823529413,17,1.0,0.0,-1.0
733c42d9-5f3e-4b62-aa7f-050b3a14e855,7,0.4117647058823529,17,0.0,0.8,0.8
73468182-cdc3-4a6b-919c-0355674c85fe,35,0.875,40,0.02857142857142857,0.6,0.5714285714285714
735f165a-307b-493a-a381-a3846c89636f,20,0.4444444444444444,45,0.35,1.0,0.65
735f165a-307b-493a-a381-a3846c89636f,24,0.5333333333333333,45,1.0,0.14285714285714285,-0.8571428571428572
73763d8a-ae7f-4fc3-b83e-98b1cc277b3a,20,0.47619047619047616,42,0.95,0.2,-0.75
73763d8a-ae7f-4fc3-b83e-98b1cc277b3a,25,0.5952380952380952,42,0.2,0.8571428571428571,0.657142857142857
73763d8a-ae7f-4fc3-b83e-98b1cc277b3a,32,0.7619047619047619,42,0.8571428571428571,0.0,-0.8571428571428571
73763d8a-ae7f-4fc3-b83e-98b1cc277b3a,35,0.8333333333333334,42,0.0,0.7142857142857143,0.7142857142857143
73775155-90c8-4223-b6ce-9f67a3b0169e,22,0.5789473684210527,38,1.0,0.125,-0.875
73775155-90c8-4223-b6ce-9f67a3b0169e,30,0.7894736842105263,38,0.125,1.0,0.875
73775155-90c8-4223-b6ce-9f67a3b0169e,33,0.868421052631579,38,1.0,0.2,-0.8
738037e9-da54-48f8-b688-57de6f54ae9f,13,0.7222222222222222,18,1.0,0.6,-0.4
738f211b-0143-49a7-a773-42b46a06938a,10,0.2564102564102564,39,0.7,0.0,-0.7
738f211b-0143-49a7-a773-42b46a06938a,14,0.358974358974359,39,0.0,0.7272727272727273,0.7272727272727273
738f211b-0143-49a7-a773-42b46a06938a,25,0.6410256410256411,39,0.7272727272727273,0.0,-0.7272727272727273
738f211b-0143-49a7-a773-42b46a06938a,29,0.7435897435897436,39,0.0,0.7,0.7
739cf57d-804a-4f28-927c-e0fb8f0230d9,18,0.45,40,0.9444444444444444,0.3333333333333333,-0.6111111111111112
739cf57d-804a-4f28-927c-e0fb8f0230d9,24,0.6,40,0.3333333333333333,0.875,0.5416666666666667
73c37424-f55a-4e41-bb0b-bc9c57f146cc,14,0.2916666666666667,48,1.0,0.16666666666666666,-0.8333333333333334
73c37424-f55a-4e41-bb0b-bc9c57f146cc,20,0.4166666666666667,48,0.16666666666666666,0.9411764705882353,0.7745098039215687
73c37424-f55a-4e41-bb0b-bc9c57f146cc,37,0.7708333333333334,48,0.9411764705882353,0.45454545454545453,-0.48663101604278075
73d14b86-b471-4fc3-be44-e2aabd756752,32,0.64,50,0.6875,0.0,-0.6875
73d14b86-b471-4fc3-be44-e2aabd756752,39,0.78,50,0.0,0.45454545454545453,0.45454545454545453
73d4a2a1-dac9-48b3-bc77-ce18da3d3c82,15,0.4166666666666667,36,0.5333333333333333,0.0,-0.5333333333333333
73d4a2a1-dac9-48b3-bc77-ce18da3d3c82,20,0.5555555555555556,36,0.0,0.9375,0.9375
73de70ab-bd33-4e0e-a04e-6adf8ff54825,3,0.125,24,0.6666666666666666,0.0,-0.6666666666666666
73de70ab-bd33-4e0e-a04e-6adf8ff54825,9,0.375,24,0.0,1.0,1.0
73de70ab-bd33-4e0e-a04e-6adf8ff54825,12,0.5,24,1.0,0.0,-1.0
73de70ab-bd33-4e0e-a04e-6adf8ff54825,18,0.75,24,0.0,0.6666666666666666,0.6666666666666666
73e9e0a0-4208-4d0c-b642-4a1eb0ddeca5,6,0.25,24,1.0,0.0,-1.0
73e9e0a0-4208-4d0c-b642-4a1eb0ddeca5,10,0.4166666666666667,24,0.0,0.8571428571428571,0.8571428571428571
73f0ce27-00f2-4129-a06c-94dbdd37ac16,33,0.825,40,0.8484848484848485,0.0,-0.8484848484848485
73f0ce27-00f2-4129-a06c-94dbdd37ac16,36,0.9,40,0.0,0.75,0.75
73fe10fe-97b9-45bf-96ff-aaed411628ba,15,0.32608695652173914,46,0.9333333333333333,0.5625,-0.37083333333333335
73fe10fe-97b9-45bf-96ff-aaed411628ba,31,0.6739130434782609,46,0.5625,0.0,-0.5625
73fe10fe-97b9-45bf-96ff-aaed411628ba,35,0.7608695652173914,46,0.0,1.0,1.0
73fe10fe-97b9-45bf-96ff-aaed411628ba,38,0.8260869565217391,46,1.0,0.125,-0.875
740014d3-fd55-492f-958e-f39a8e996ab2,5,0.1724137931034483,29,1.0,0.0,-1.0
740014d3-fd55-492f-958e-f39a8e996ab2,8,0.27586206896551724,29,0.0,0.7857142857142857,0.7857142857142857
740014d3-fd55-492f-958e-f39a8e996ab2,22,0.7586206896551724,29,0.7857142857142857,0.0,-0.7857142857142857
740014d3-fd55-492f-958e-f39a8e996ab2,25,0.8620689655172413,29,0.0,1.0,1.0
740e69e3-5bbb-4d05-b55a-c6d80f2742ed,36,0.9,40,0.8611111111111112,0.25,-0.6111111111111112
741e7399-ab87-4390-b8ae-f2e0a9af6a81,33,0.7333333333333333,45,0.21212121212121213,0.7142857142857143,0.5021645021645021
741e7399-ab87-4390-b8ae-f2e0a9af6a81,40,0.8888888888888888,45,0.7142857142857143,0.0,-0.7142857142857143
74231632-0ca9-49d7-b18e-d7c56a2e139a,19,0.4222222222222222,45,0.8947368421052632,0.3333333333333333,-0.5614035087719298
74231632-0ca9-49d7-b18e-d7c56a2e139a,37,0.8222222222222222,45,0.3333333333333333,0.75,0.4166666666666667
742d61d9-e0a1-4856-902c-ca6e5035e207,13,0.7647058823529411,17,0.9230769230769231,0.5,-0.42307692307692313
74413594-897a-4a6c-8df3-e64caa955529,6,0.13333333333333333,45,0.6666666666666666,0.2727272727272727,-0.3939393939393939
74413594-897a-4a6c-8df3-e64caa955529,28,0.6222222222222222,45,0.2727272727272727,1.0,0.7272727272727273
74413594-897a-4a6c-8df3-e64caa955529,32,0.7111111111111111,45,1.0,0.0,-1.0
74413594-897a-4a6c-8df3-e64caa955529,39,0.8666666666666667,45,0.0,0.5,0.5
744632fc-ccd6-4663-94a5-52197e2f63a4,5,0.13157894736842105,38,1.0,0.0,-1.0
744632fc-ccd6-4663-94a5-52197e2f63a4,8,0.21052631578947367,38,0.0,0.9,0.9
7488f666-5291-4106-b3f2-f32372545e49,28,0.7777777777777778,36,0.7857142857142857,0.375,-0.4107142857142857
74bbb420-6215-48d7-95b1-e51108c75b05,29,0.6304347826086957,46,0.7931034482758621,0.09090909090909091,-0.7021943573667712
74bbb420-6215-48d7-95b1-e51108c75b05,40,0.8695652173913043,46,0.09090909090909091,0.8333333333333334,0.7424242424242424
74df1530-0109-4f23-9e19-308065288bea,11,0.3055555555555556,36,0.8181818181818182,0.3333333333333333,-0.4848484848484849
74df1530-0109-4f23-9e19-308065288bea,23,0.6388888888888888,36,0.3333333333333333,1.0,0.6666666666666667
74df1530-0109-4f23-9e19-308065288bea,29,0.8055555555555556,36,1.0,0.42857142857142855,-0.5714285714285714
75332f1f-8fea-4dea-9313-227dd128dc68,7,0.3888888888888889,18,0.0,0.8181818181818182,0.8181818181818182
7548bf2c-b1b9-4e35-9e77-ff83b9eaf8b7,3,0.13043478260869565,23,1.0,0.0,-1.0
7548bf2c-b1b9-4e35-9e77-ff83b9eaf8b7,6,0.2608695652173913,23,0.0,1.0,1.0
7548bf2c-b1b9-4e35-9e77-ff83b9eaf8b7,10,0.43478260869565216,23,1.0,0.0,-1.0
7548bf2c-b1b9-4e35-9e77-ff83b9eaf8b7,15,0.6521739130434783,23,0.0,0.875,0.875
7560605b-9f2b-412a-a591-099d9880487d,6,0.13333333333333333,45,1.0,0.0,-1.0
7560605b-9f2b-412a-a591-099d9880487d,9,0.2,45,0.0,0.9130434782608695,0.9130434782608695
7560605b-9f2b-412a-a591-099d9880487d,32,0.7111111111111111,45,0.9130434782608695,0.23076923076923078,-0.6822742474916388
75740170-a362-4af9-bc96-4fac9b1da850,17,0.4722222222222222,36,0.6470588235294118,0.07692307692307693,-0.5701357466063348
75740170-a362-4af9-bc96-4fac9b1da850,30,0.8333333333333334,36,0.07692307692307693,1.0,0.9230769230769231
75740170-a362-4af9-bc96-4fac9b1da850,33,0.9166666666666666,36,1.0,0.0,-1.0
75afb891-ad0f-4698-a354-6e7747bea73b,30,0.75,40,0.8,0.4,-0.4
75b74a68-6343-4a05-9c71-ba727e98f6f1,5,0.1388888888888889,36,0.8,0.0,-0.8
75b74a68-6343-4a05-9c71-ba727e98f6f1,9,0.25,36,0.0,1.0,1.0
75b74a68-6343-4a05-9c71-ba727e98f6f1,12,0.3333333333333333,36,1.0,0.0,-1.0
75b74a68-6343-4a05-9c71-ba727e98f6f1,15,0.4166666666666667,36,0.0,1.0,1.0
75b74a68-6343-4a05-9c71-ba727e98f6f1,19,0.5277777777777778,36,1.0,0.17647058823529413,-0.8235294117647058
75bc524a-a810-4bf2-9a0d-924db0a8bb73,22,0.44,50,0.18181818181818182,0.7142857142857143,0.5324675324675325
75cb83c1-bd3d-49d1-b243-e9f947874ba5,12,0.6666666666666666,18,0.25,0.8333333333333334,0.5833333333333334
75d5a9ef-171c-4f83-a75b-4c57a4a9a14f,17,0.3695652173913043,46,0.8823529411764706,0.2,-0.6823529411764706
75d5a9ef-171c-4f83-a75b-4c57a4a9a14f,22,0.4782608695652174,46,0.2,0.875,0.675
75e57539-af30-408a-a9d4-6d5ae33ce53c,15,0.3,50,1.0,0.25,-0.75
75e57539-af30-408a-a9d4-6d5ae33ce53c,27,0.54,50,0.25,0.8333333333333334,0.5833333333333334
75e57539-af30-408a-a9d4-6d5ae33ce53c,39,0.78,50,0.8333333333333334,0.45454545454545453,-0.37878787878787884
75e5fc3d-573f-45af-b27a-9b2db7a8db02,3,0.08333333333333333,36,0.0,0.6666666666666666,0.6666666666666666
75e5fc3d-573f-45af-b27a-9b2db7a8db02,18,0.5,36,0.6666666666666666,0.06666666666666667,-0.6
75e5fc3d-573f-45af-b27a-9b2db7a8db02,33,0.9166666666666666,36,0.06666666666666667,1.0,0.9333333333333333
76018802-d1dd-4497-90ab-df688c3e548b,17,0.34,50,0.47058823529411764,0.8,0.3294117647058824
76018802-d1dd-4497-90ab-df688c3e548b,32,0.64,50,0.8,0.0,-0.8
76018802-d1dd-4497-90ab-df688c3e548b,35,0.7,50,0.0,1.0,1.0
76018802-d1dd-4497-90ab-df688c3e548b,40,0.8,50,1.0,0.0,-1.0
76018802-d1dd-4497-90ab-df688c3e548b,43,0.86,50,0.0,0.7142857142857143,0.7142857142857143
7605a05f-06ba-40f0-95b8-c09b7cabf4cb,41,0.82,50,0.7073170731707317,0.1111111111111111,-0.5962059620596205
7606c2dd-31ac-483c-9c68-894c40c05293,7,0.25,28,1.0,0.0,-1.0
7606c2dd-31ac-483c-9c68-894c40c05293,10,0.35714285714285715,28,0.0,1.0,1.0
7606c2dd-31ac-483c-9c68-894c40c05293,18,0.6428571428571429,28,1.0,0.3,-0.7
76092d59-96a9-4480-a753-9b9289768579,11,0.24444444444444444,45,0.8181818181818182,0.0,-0.8181818181818182
76092d59-96a9-4480-a753-9b9289768579,14,0.3111111111111111,45,0.0,0.6538461538461539,0.6538461538461539
76092d59-96a9-4480-a753-9b9289768579,40,0.8888888888888888,45,0.6538461538461539,0.2,-0.45384615384615384
76216299-770c-40cc-8cec-bd17e69ce687,25,0.625,40,0.2,1.0,0.8
76216299-770c-40cc-8cec-bd17e69ce687,29,0.725,40,1.0,0.16666666666666666,-0.8333333333333334
76216299-770c-40cc-8cec-bd17e69ce687,35,0.875,40,0.16666666666666666,1.0,0.8333333333333334
76229065-3584-4cdf-b9f1-74bc7da91a72,23,0.575,40,0.9130434782608695,0.5882352941176471,-0.32480818414322243
764b56ac-8806-4613-bcc1-455b61da140f,39,0.8666666666666667,45,0.9230769230769231,0.5,-0.42307692307692313
7656f849-5bbe-4994-893c-5e8b12edd7d6,6,0.15789473684210525,38,0.8333333333333334,0.125,-0.7083333333333334
7664fcbb-3d53-430c-9cba-68bfc0f786f3,13,0.7222222222222222,18,1.0,0.4,-0.6
76742e88-a475-444a-abb7-5f1e15ad5006,6,0.13333333333333333,45,0.16666666666666666,1.0,0.8333333333333334
76742e88-a475-444a-abb7-5f1e15ad5006,9,0.2,45,1.0,0.18181818181818182,-0.8181818181818181
76742e88-a475-444a-abb7-5f1e15ad5006,20,0.4444444444444444,45,0.18181818181818182,1.0,0.8181818181818181
76742e88-a475-444a-abb7-5f1e15ad5006,25,0.5555555555555556,45,1.0,0.35,-0.65
7693fc60-7c70-4727-83a0-09e3447fe56a,34,0.68,50,0.4117647058823529,1.0,0.5882352941176471
7693fc60-7c70-4727-83a0-09e3447fe56a,43,0.86,50,1.0,0.0,-1.0
76a45d24-50fe-4799-8168-a31fb3310f56,5,0.1111111111111111,45,0.8,0.0,-0.8
76a45d24-50fe-4799-8168-a31fb3310f56,9,0.2,45,0.0,0.6363636363636364,0.6363636363636364
76a45d24-50fe-4799-8168-a31fb3310f56,31,0.6888888888888889,45,0.6363636363636364,0.0,-0.6363636363636364
76a45d24-50fe-4799-8168-a31fb3310f56,36,0.8,45,0.0,0.7777777777777778,0.7777777777777778
76aeaee5-4302-4f7d-835b-1b1438368ac9,11,0.22,50,0.2727272727272727,1.0,0.7272727272727273
76aeaee5-4302-4f7d-835b-1b1438368ac9,16,0.32,50,1.0,0.375,-0.625
76aeaee5-4302-4f7d-835b-1b1438368ac9,24,0.48,50,0.375,0.8076923076923077,0.4326923076923077
76bd0757-4c2e-483c-8f3c-db45d8d33474,19,0.5,38,0.8947368421052632,0.5263157894736842,-0.368421052631579
76e64388-0e25-48ee-8647-f36ab4bed698,8,0.17391304347826086,46,0.875,0.25,-0.625
76e64388-0e25-48ee-8647-f36ab4bed698,16,0.34782608695652173,46,0.25,1.0,0.75
76e64388-0e25-48ee-8647-f36ab4bed698,19,0.41304347826086957,46,1.0,0.16666666666666666,-0.8333333333333334
76e64388-0e25-48ee-8647-f36ab4bed698,25,0.5434782608695652,46,0.16666666666666666,0.7777777777777778,0.6111111111111112
76e64388-0e25-48ee-8647-f36ab4bed698,34,0.7391304347826086,46,0.7777777777777778,0.0,-0.7777777777777778
76ec59bb-15b8-4e98-970c-c2e256683fc8,18,0.5,36,0.16666666666666666,0.8571428571428571,0.6904761904761905
76ec59bb-15b8-4e98-970c-c2e256683fc8,25,0.6944444444444444,36,0.8571428571428571,0.09090909090909091,-0.7662337662337662
76f24315-103d-4ca3-b551-c78a07b24664,13,0.4482758620689655,29,0.6923076923076923,0.25,-0.4423076923076923
76f47936-73c0-43b1-b4b7-d7836b76499f,24,0.5714285714285714,42,0.9583333333333334,0.2777777777777778,-0.6805555555555556
76f64ce0-c435-4b27-a269-da36fccd0d0f,17,0.40476190476190477,42,1.0,0.56,-0.43999999999999995
77139849-657d-42f6-88f8-43efe6c03ab0,13,0.7222222222222222,18,1.0,0.6,-0.4
77173af7-b99f-404d-9b16-60943314566b,12,0.24,50,0.08333333333333333,1.0,0.9166666666666666
77173af7-b99f-404d-9b16-60943314566b,16,0.32,50,1.0,0.20588235294117646,-0.7941176470588236
771c842d-37f5-4362-ad9a-b6731dc9be4c,36,0.9,40,0.8333333333333334,0.0,-0.8333333333333334
771cd100-3fea-4172-9597-c1ffe0bed666,5,0.20833333333333334,24,0.4,0.9285714285714286,0.5285714285714286
771cd100-3fea-4172-9597-c1ffe0bed666,19,0.7916666666666666,24,0.9285714285714286,0.4,-0.5285714285714286
772f05b3-4ab6-4ccd-9a0c-6deb3595da45,3,0.17647058823529413,17,0.3333333333333333,0.9285714285714286,0.5952380952380953
77360af9-6b9c-46f0-bcd1-ac0086b1beed,31,0.62,50,0.3548387096774194,0.0,-0.3548387096774194
77360af9-6b9c-46f0-bcd1-ac0086b1beed,45,0.9,50,0.0,0.6,0.6
7749714f-171a-4c8a-9ab5-24ce97e2f9ff,11,0.3793103448275862,29,0.8181818181818182,0.2777777777777778,-0.5404040404040404
77594428-9d05-4e38-adc9-d66f3f88d953,45,0.9,50,0.8444444444444444,0.4,-0.4444444444444444
775b3908-320f-460a-8e27-b4557e46ed7a,22,0.7586206896551724,29,0.6818181818181818,0.14285714285714285,-0.5389610389610389
7779008d-b543-4592-889d-d67614671c6a,26,0.6190476190476191,42,0.8461538461538461,0.0,-0.8461538461538461
7779008d-b543-4592-889d-d67614671c6a,29,0.6904761904761905,42,0.0,1.0,1.0
7779008d-b543-4592-889d-d67614671c6a,33,0.7857142857142857,42,1.0,0.3333333333333333,-0.6666666666666667
778a1797-5ac5-42c4-82db-684ec7f08b58,20,0.8695652173913043,23,0.95,0.0,-0.95
7793aaec-c8b4-49c4-9e3c-a3e1eb6166e4,11,0.4583333333333333,24,1.0,0.6153846153846154,-0.3846153846153846
77d8d1a9-2822-419c-9c35-50b9d89efbfe,3,0.06,50,1.0,0.10714285714285714,-0.8928571428571429
77d8d1a9-2822-419c-9c35-50b9d89efbfe,31,0.62,50,0.10714285714285714,0.75,0.6428571428571429
77d8d1a9-2822-419c-9c35-50b9d89efbfe,35,0.7,50,0.75,0.0,-0.75
77d8d1a9-2822-419c-9c35-50b9d89efbfe,40,0.8,50,0.0,0.8,0.8
77d8d1a9-2822-419c-9c35-50b9d89efbfe,45,0.9,50,0.8,0.0,-0.8
77e6638d-d2bd-4164-85c0-8ff4f66b6e77,10,0.43478260869565216,23,0.7,0.0,-0.7
77e6638d-d2bd-4164-85c0-8ff4f66b6e77,14,0.6086956521739131,23,0.0,1.0,1.0
77e6638d-d2bd-4164-85c0-8ff4f66b6e77,17,0.7391304347826086,23,1.0,0.0,-1.0
7802c9d6-2968-426f-994c-b8b3814c139d,7,0.19444444444444445,36,1.0,0.16666666666666666,-0.8333333333333334
7802c9d6-2968-426f-994c-b8b3814c139d,13,0.3611111111111111,36,0.16666666666666666,0.7391304347826086,0.572463768115942
7808927c-3ca8-4fbe-880e-e101356fc012,6,0.25,24,0.8333333333333334,0.3888888888888889,-0.4444444444444445
780b0134-8c5b-48d3-b07e-9ebca764f4e1,3,0.06521739130434782,46,0.3333333333333333,0.8604651162790697,0.5271317829457365
7818b7d5-dd39-4080-aaed-b0b905fa4e90,3,0.075,40,1.0,0.16666666666666666,-0.8333333333333334
7818b7d5-dd39-4080-aaed-b0b905fa4e90,9,0.225,40,0.16666666666666666,1.0,0.8333333333333334
7818b7d5-dd39-4080-aaed-b0b905fa4e90,12,0.3,40,1.0,0.25,-0.75
781b2e3c-af26-4b4d-bfa6-e905ab23e8b6,6,0.2608695652173913,23,0.5,0.0,-0.5
781b2e3c-af26-4b4d-bfa6-e905ab23e8b6,14,0.6086956521739131,23,0.0,1.0,1.0
781b2e3c-af26-4b4d-bfa6-e905ab23e8b6,17,0.7391304347826086,23,1.0,0.16666666666666666,-0.8333333333333334
781dc416-eb8b-4b4e-b16e-79355db6a515,18,0.8181818181818182,22,0.7777777777777778,0.25,-0.5277777777777778
78249195-4ff2-4deb-93d0-c74702391ead,12,0.24,50,0.8333333333333334,0.0,-0.8333333333333334
78249195-4ff2-4deb-93d0-c74702391ead,15,0.3,50,0.0,0.5714285714285714,0.5714285714285714
78340f13-81fd-406d-bfe3-fbbeb75da229,24,0.5333333333333333,45,0.9583333333333334,0.0,-0.9583333333333334
78341419-b4c9-48fc-b8b9-3f318c68cc04,8,0.34782608695652173,23,1.0,0.25,-0.75
78341419-b4c9-48fc-b8b9-3f318c68cc04,12,0.5217391304347826,23,0.25,1.0,0.75
78341419-b4c9-48fc-b8b9-3f318c68cc04,17,0.7391304347826086,23,1.0,0.5,-0.5
7854485e-8f20-4045-bb94-0e77a7dc7599,13,0.7222222222222222,18,0.8461538461538461,0.2,-0.6461538461538461
786b70cb-6766-4a9a-960c-fe24099b5b35,8,0.36363636363636365,22,0.75,0.14285714285714285,-0.6071428571428572
78874490-f59a-49ff-888b-de9ac1d2f926,15,0.4166666666666667,36,1.0,0.0,-1.0
78874490-f59a-49ff-888b-de9ac1d2f926,19,0.5277777777777778,36,0.0,0.8,0.8
78874490-f59a-49ff-888b-de9ac1d2f926,29,0.8055555555555556,36,0.8,0.2857142857142857,-0.5142857142857143
78ab7127-a9cb-42fe-be38-0b4dea2c91e7,3,0.10344827586206896,29,0.3333333333333333,0.8571428571428571,0.5238095238095237
78ab7127-a9cb-42fe-be38-0b4dea2c91e7,24,0.8275862068965517,29,0.8571428571428571,0.4,-0.4571428571428571
78b0aa39-48ef-4b65-942b-51ad63a677c3,36,0.72,50,0.9444444444444444,0.25,-0.6944444444444444
78b0aa39-48ef-4b65-942b-51ad63a677c3,40,0.8,50,0.25,1.0,0.75
78bea2a9-9349-4f17-ad08-40584dd52c96,14,0.30434782608695654,46,0.9285714285714286,0.2857142857142857,-0.6428571428571429
78bea2a9-9349-4f17-ad08-40584dd52c96,21,0.45652173913043476,46,0.2857142857142857,0.68,0.39428571428571435
78c39187-668c-4e33-ba7a-dba8694f1eb3,41,0.82,50,0.0,0.5555555555555556,0.5555555555555556
78ce33ec-d32e-4b67-bce3-059d32e845c1,7,0.3888888888888889,18,0.7142857142857143,0.0,-0.7142857142857143
78ce33ec-d32e-4b67-bce3-059d32e845c1,10,0.5555555555555556,18,0.0,1.0,1.0
78ce33ec-d32e-4b67-bce3-059d32e845c1,13,0.7222222222222222,18,1.0,0.2,-0.8
78ea63a8-364e-4fe6-8ab3-2c76773d99ea,6,0.16666666666666666,36,1.0,0.3333333333333333,-0.6666666666666667
78f1334d-9f16-40f2-adfb-14af2217ea89,18,0.782608695652174,23,1.0,0.6,-0.4
78f6d2ef-6604-4ca7-b392-709e3fe17235,3,0.125,24,1.0,0.2857142857142857,-0.7142857142857143
78f6d2ef-6604-4ca7-b392-709e3fe17235,10,0.4166666666666667,24,0.2857142857142857,0.8571428571428571,0.5714285714285714
78f6d2ef-6604-4ca7-b392-709e3fe17235,17,0.7083333333333334,24,0.8571428571428571,0.25,-0.6071428571428571
78f6d2ef-6604-4ca7-b392-709e3fe17235,21,0.875,24,0.25,1.0,0.75
790a0478-2643-4e54-8809-e9ccb608f6a9,34,0.85,40,0.7647058823529411,0.0,-0.7647058823529411
790a0478-2643-4e54-8809-e9ccb608f6a9,37,0.925,40,0.0,1.0,1.0
79204dc0-6480-4d06-9814-5253482205ba,34,0.7083333333333334,48,1.0,0.7142857142857143,-0.2857142857142857
7921a265-8dd2-43b2-a948-7d9f4e096080,15,0.8333333333333334,18,0.9333333333333333,0.0,-0.9333333333333333
7926e6c8-15ee-4c7f-b33e-efce7d09ac78,5,0.1724137931034483,29,0.6,0.0,-0.6
7926e6c8-15ee-4c7f-b33e-efce7d09ac78,11,0.3793103448275862,29,0.0,0.7272727272727273,0.7272727272727273
7926e6c8-15ee-4c7f-b33e-efce7d09ac78,22,0.7586206896551724,29,0.7272727272727273,0.0,-0.7272727272727273
7926e6c8-15ee-4c7f-b33e-efce7d09ac78,26,0.896551724137931,29,0.0,0.6666666666666666,0.6666666666666666
793adc09-4d32-42b8-8d3f-e456f4628308,12,0.5217391304347826,23,1.0,0.6363636363636364,-0.36363636363636365
794f1911-39f6-43c7-9bab-d13afa0b7b13,9,0.5294117647058824,17,0.0,0.6,0.6
794f1911-39f6-43c7-9bab-d13afa0b7b13,14,0.8235294117647058,17,0.6,0.0,-0.6
795aff9c-d347-4bd3-8ecb-6817e8158006,3,0.06521739130434782,46,0.3333333333333333,0.9069767441860465,0.5736434108527131
7974b58a-d265-45b0-a0a9-77402df0979a,47,0.94,50,0.8723404255319149,0.3333333333333333,-0.5390070921985817
797a7383-1604-4c7e-a5bb-249d5f4d5433,4,0.08,50,1.0,0.25,-0.75
797a7383-1604-4c7e-a5bb-249d5f4d5433,8,0.16,50,0.25,1.0,0.75
797a7383-1604-4c7e-a5bb-249d5f4d5433,21,0.42,50,1.0,0.0,-1.0
797a7383-1604-4c7e-a5bb-249d5f4d5433,24,0.48,50,0.0,0.8095238095238095,0.8095238095238095
797a7383-1604-4c7e-a5bb-249d5f4d5433,45,0.9,50,0.8095238095238095,0.0,-0.8095238095238095
798566ba-8268-4e61-8608-353eed975325,13,0.34210526315789475,38,0.5384615384615384,0.0,-0.5384615384615384
798566ba-8268-4e61-8608-353eed975325,16,0.42105263157894735,38,0.0,0.9090909090909091,0.9090909090909091
79a35028-47fa-4216-8f13-0af206792201,3,0.125,24,1.0,0.4,-0.6
79a35028-47fa-4216-8f13-0af206792201,8,0.3333333333333333,24,0.4,1.0,0.6
79aa1ce5-c640-4ae9-a8f0-fb29a7121dd1,16,0.6956521739130435,23,0.9375,0.0,-0.9375
79aa1ce5-c640-4ae9-a8f0-fb29a7121dd1,20,0.8695652173913043,23,0.0,0.6666666666666666,0.6666666666666666
79d7f79b-825d-447e-ab95-3d87229cf2da,7,0.2916666666666667,24,0.8571428571428571,0.25,-0.6071428571428571
79d7f79b-825d-447e-ab95-3d87229cf2da,11,0.4583333333333333,24,0.25,0.8888888888888888,0.6388888888888888
79d7f79b-825d-447e-ab95-3d87229cf2da,20,0.8333333333333334,24,0.8888888888888888,0.25,-0.6388888888888888
79d99e88-dcce-47d7-a9c7-d1f073edc6f8,5,0.2777777777777778,18,0.0,0.9230769230769231,0.9230769230769231
79e0d802-e656-422f-b707-fc0a522b6df7,4,0.17391304347826086,23,1.0,0.0,-1.0
79ebb9be-d871-42cc-9a7d-ce0cbcd261dc,17,0.37777777777777777,45,0.4117647058823529,1.0,0.5882352941176471
79ebb9be-d871-42cc-9a7d-ce0cbcd261dc,23,0.5111111111111111,45,1.0,0.2222222222222222,-0.7777777777777778
79ebb9be-d871-42cc-9a7d-ce0cbcd261dc,41,0.9111111111111111,45,0.2222222222222222,0.75,0.5277777777777778
79f7f9c4-a4f1-4121-b576-ec75c9189b83,34,0.7555555555555555,45,0.8235294117647058,0.36363636363636365,-0.4598930481283422
79fb2b1a-26b2-401e-854f-65af5731327d,11,0.4782608695652174,23,0.5454545454545454,0.0,-0.5454545454545454
79fde122-5101-44aa-a6e3-09d583b15d5d,19,0.6551724137931034,29,0.8421052631578947,0.2857142857142857,-0.556390977443609
79fde122-5101-44aa-a6e3-09d583b15d5d,26,0.896551724137931,29,0.2857142857142857,1.0,0.7142857142857143
7a1a4263-478d-4dd0-b605-26437e997836,14,0.2916666666666667,48,0.9285714285714286,0.2857142857142857,-0.6428571428571429
7a1a4263-478d-4dd0-b605-26437e997836,21,0.4375,48,0.2857142857142857,0.9,0.6142857142857143
7a1a4263-478d-4dd0-b605-26437e997836,41,0.8541666666666666,48,0.9,0.14285714285714285,-0.7571428571428571
7a481969-1012-4dec-b5e3-f49c43e18f16,13,0.5652173913043478,23,0.6153846153846154,0.0,-0.6153846153846154
7a481969-1012-4dec-b5e3-f49c43e18f16,19,0.8260869565217391,23,0.0,0.5,0.5
7a587fbb-4856-40ac-810f-510e7248dd6e,13,0.5652173913043478,23,0.15384615384615385,0.5,0.34615384615384615
7a6bba57-932a-4257-95c7-bdaff8a4d80a,8,0.47058823529411764,17,0.5,1.0,0.5
7aa0dca0-4f3d-4bdb-aade-dd6b67bc21a6,14,0.8235294117647058,17,0.8571428571428571,0.3333333333333333,-0.5238095238095237
7aa216e2-433b-4912-a528-8c0250498143,12,0.5217391304347826,23,1.0,0.6363636363636364,-0.36363636363636365
7aa612f9-12f9-4bb2-ba64-dd7b7c0afed9,10,0.2222222222222222,45,0.9,0.0,-0.9
7aa612f9-12f9-4bb2-ba64-dd7b7c0afed9,13,0.28888888888888886,45,0.0,0.8461538461538461,0.8461538461538461
7aa612f9-12f9-4bb2-ba64-dd7b7c0afed9,26,0.5777777777777777,45,0.8461538461538461,0.0,-0.8461538461538461
7aa612f9-12f9-4bb2-ba64-dd7b7c0afed9,30,0.6666666666666666,45,0.0,0.7,0.7
7aa612f9-12f9-4bb2-ba64-dd7b7c0afed9,40,0.8888888888888888,45,0.7,0.0,-0.7
7aa9cee5-1f50-4ab5-9542-191db7940bdf,6,0.125,48,1.0,0.42857142857142855,-0.5714285714285714
7aa9cee5-1f50-4ab5-9542-191db7940bdf,20,0.4166666666666667,48,0.42857142857142855,0.8214285714285714,0.39285714285714285
7ad53eb8-b710-48c2-8592-8583084722c8,13,0.7647058823529411,17,0.5384615384615384,0.0,-0.5384615384615384
7ad77a21-3837-41cd-9a2f-b50ccb23fb83,26,0.5777777777777777,45,0.8846153846153846,0.25,-0.6346153846153846
7ad77a21-3837-41cd-9a2f-b50ccb23fb83,30,0.6666666666666666,45,0.25,0.9333333333333333,0.6833333333333333
7ad9b369-f7bd-4725-839a-b1bec2d8fd64,9,0.375,24,0.3333333333333333,0.9333333333333333,0.6000000000000001
7af3de50-6ab9-4003-a302-c0f5bd67963e,18,0.42857142857142855,42,0.8888888888888888,0.14285714285714285,-0.746031746031746
7af3de50-6ab9-4003-a302-c0f5bd67963e,32,0.7619047619047619,42,0.14285714285714285,0.6,0.45714285714285713
7b014bf6-bca0-4cbb-92ce-02122a9f7dca,19,0.4634146341463415,41,0.21052631578947367,1.0,0.7894736842105263
7b014bf6-bca0-4cbb-92ce-02122a9f7dca,22,0.5365853658536586,41,1.0,0.0,-1.0
7b014bf6-bca0-4cbb-92ce-02122a9f7dca,37,0.9024390243902439,41,0.0,0.5,0.5
7b0ed412-d584-4935-a5d1-567cd1d070c8,6,0.15789473684210525,38,1.0,0.3333333333333333,-0.6666666666666667
7b0ed412-d584-4935-a5d1-567cd1d070c8,12,0.3157894736842105,38,0.3333333333333333,0.7692307692307693,0.43589743589743596
7b1058b6-4438-4fe3-bd40-b70333ebb634,15,0.3,50,0.3333333333333333,0.8666666666666667,0.5333333333333334
7b1058b6-4438-4fe3-bd40-b70333ebb634,30,0.6,50,0.8666666666666667,0.0,-0.8666666666666667
7b1058b6-4438-4fe3-bd40-b70333ebb634,34,0.68,50,0.0,0.6363636363636364,0.6363636363636364
7b1058b6-4438-4fe3-bd40-b70333ebb634,45,0.9,50,0.6363636363636364,0.0,-0.6363636363636364
7b1b1d1c-5d33-4e45-8b2c-0007accd32e1,37,0.8043478260869565,46,0.918918918918919,0.0,-0.918918918918919
7b1b1d1c-5d33-4e45-8b2c-0007accd32e1,40,0.8695652173913043,46,0.0,1.0,1.0
7b411cb1-1fba-4034-a18a-eb2bf44c9402,26,0.5652173913043478,46,0.5769230769230769,0.0,-0.5769230769230769
7b411cb1-1fba-4034-a18a-eb2bf44c9402,37,0.8043478260869565,46,0.0,0.4444444444444444,0.4444444444444444
7b4fba9a-ee4d-48d3-aa70-df6ee51a9b25,34,0.85,40,0.9117647058823529,0.16666666666666666,-0.7450980392156863
7b5386b7-99e0-4fa4-a258-5d531ba08991,4,0.16666666666666666,24,0.75,0.14285714285714285,-0.6071428571428572
7b5386b7-99e0-4fa4-a258-5d531ba08991,18,0.75,24,0.14285714285714285,0.6666666666666666,0.5238095238095237
7b5b28ad-1d76-497f-8978-1d182309d9bf,9,0.391304347826087,23,0.8888888888888888,0.3333333333333333,-0.5555555555555556
7b5b28ad-1d76-497f-8978-1d182309d9bf,15,0.6521739130434783,23,0.3333333333333333,0.875,0.5416666666666667
7b5c81ef-d6db-4dde-9943-cf60cd434bcc,12,0.5217391304347826,23,1.0,0.125,-0.875
7b5c81ef-d6db-4dde-9943-cf60cd434bcc,20,0.8695652173913043,23,0.125,1.0,0.875
7b5d1169-1f0b-47fd-8d1b-9e8f62f7beaa,15,0.3333333333333333,45,0.5333333333333333,0.0,-0.5333333333333333
7b5d1169-1f0b-47fd-8d1b-9e8f62f7beaa,19,0.4222222222222222,45,0.0,0.7692307692307693,0.7692307692307693
7b6e9977-931e-4526-b913-16e66a774d38,13,0.7222222222222222,18,0.6923076923076923,0.2,-0.4923076923076923
7b6f8b61-ad03-49d3-84d5-ee8595b9a66d,6,0.13333333333333333,45,0.3333333333333333,1.0,0.6666666666666667
7b6f8b61-ad03-49d3-84d5-ee8595b9a66d,17,0.37777777777777777,45,1.0,0.5,-0.5
7b6f8b61-ad03-49d3-84d5-ee8595b9a66d,27,0.6,45,0.5,0.9285714285714286,0.4285714285714286
7b6f8b61-ad03-49d3-84d5-ee8595b9a66d,41,0.9111111111111111,45,0.9285714285714286,0.25,-0.6785714285714286
7b857647-0fa6-4f84-947c-cf14d20b2fee,3,0.17647058823529413,17,1.0,0.2857142857142857,-0.7142857142857143
7bcb0921-0cda-4186-b854-f4b12ed9ca40,28,0.56,50,0.8928571428571429,0.14285714285714285,-0.75
7bcb0921-0cda-4186-b854-f4b12ed9ca40,35,0.7,50,0.14285714285714285,1.0,0.8571428571428572
7bcb0921-0cda-4186-b854-f4b12ed9ca40,38,0.76,50,1.0,0.0,-1.0
7bcb0921-0cda-4186-b854-f4b12ed9ca40,41,0.82,50,0.0,0.8,0.8
7bcb0921-0cda-4186-b854-f4b12ed9ca40,46,0.92,50,0.8,0.0,-0.8
7bcd73b7-5398-428c-a9f2-64544a2fbdcf,19,0.7916666666666666,24,0.9473684210526315,0.0,-0.9473684210526315
7bd78400-8d2c-45f8-b2fa-8eee972f9d14,29,0.725,40,0.1724137931034483,0.6666666666666666,0.49425287356321834
7bd78400-8d2c-45f8-b2fa-8eee972f9d14,35,0.875,40,0.6666666666666666,0.0,-0.6666666666666666
7bf1b8a2-244e-4189-ac31-eb15fb0bc5ca,13,0.7647058823529411,17,0.8461538461538461,0.25,-0.5961538461538461
7c14b1f9-aaab-4890-8aab-b0074944231f,8,0.4444444444444444,18,0.125,0.5,0.375
7c204f37-8260-45c3-84aa-7051e909a4cc,4,0.08695652173913043,46,0.25,0.9285714285714286,0.6785714285714286
7c440908-6682-4928-b743-f8586ed8e0c6,25,0.5555555555555556,45,0.92,0.0,-0.92
7c440908-6682-4928-b743-f8586ed8e0c6,29,0.6444444444444445,45,0.0,1.0,1.0
7c440908-6682-4928-b743-f8586ed8e0c6,33,0.7333333333333333,45,1.0,0.3333333333333333,-0.6666666666666667
7c8271e9-ccbb-43e0-9c4e-e40eb575a169,14,0.6086956521739131,23,1.0,0.5555555555555556,-0.4444444444444444
7c922cb4-d699-4775-ac76-e83ecda19618,3,0.13043478260869565,23,0.6666666666666666,0.0,-0.6666666666666666
7c922cb4-d699-4775-ac76-e83ecda19618,7,0.30434782608695654,23,0.0,0.8571428571428571,0.8571428571428571
7c922cb4-d699-4775-ac76-e83ecda19618,14,0.6086956521739131,23,0.8571428571428571,0.0,-0.8571428571428571
7c922cb4-d699-4775-ac76-e83ecda19618,17,0.7391304347826086,23,0.0,0.6666666666666666,0.6666666666666666
7c96dd60-9dc7-4f12-b34c-b1baa775afcf,5,0.1724137931034483,29,0.8,0.08333333333333333,-0.7166666666666667
7c9ad3b2-c3c2-4654-9674-17acea6a5e7e,28,0.5833333333333334,48,0.75,0.0,-0.75
7c9ad3b2-c3c2-4654-9674-17acea6a5e7e,31,0.6458333333333334,48,0.0,0.8888888888888888,0.8888888888888888
7c9ad3b2-c3c2-4654-9674-17acea6a5e7e,40,0.8333333333333334,48,0.8888888888888888,0.0,-0.8888888888888888
7c9ad3b2-c3c2-4654-9674-17acea6a5e7e,44,0.9166666666666666,48,0.0,0.75,0.75
7c9afe5f-72f9-428d-9bae-0cff1e1ee320,4,0.08695652173913043,46,0.75,0.1875,-0.5625
7c9afe5f-72f9-428d-9bae-0cff1e1ee320,20,0.43478260869565216,46,0.1875,0.9333333333333333,0.7458333333333333
7c9afe5f-72f9-428d-9bae-0cff1e1ee320,35,0.7608695652173914,46,0.9333333333333333,0.18181818181818182,-0.7515151515151515
7ca1c979-c1af-4e96-8dd3-21b24c0b2e6d,30,0.75,40,0.9666666666666667,0.5,-0.4666666666666667
7cb67222-53b7-4bcb-9f8e-9ed42d7c0205,5,0.1388888888888889,36,0.8,0.2,-0.6000000000000001
7cb67222-53b7-4bcb-9f8e-9ed42d7c0205,15,0.4166666666666667,36,0.2,0.75,0.55
7cb67222-53b7-4bcb-9f8e-9ed42d7c0205,23,0.6388888888888888,36,0.75,0.2,-0.55
7cb67222-53b7-4bcb-9f8e-9ed42d7c0205,28,0.7777777777777778,36,0.2,1.0,0.8
7cb67222-53b7-4bcb-9f8e-9ed42d7c0205,32,0.8888888888888888,36,1.0,0.25,-0.75
7cd30aa5-463a-42d4-9c8a-73ff83d85296,18,0.8181818181818182,22,0.05555555555555555,0.75,0.6944444444444444
7cf62530-4806-416e-b358-f5675ac0cb2e,6,0.16666666666666666,36,1.0,0.5454545454545454,-0.4545454545454546
7cf62530-4806-416e-b358-f5675ac0cb2e,17,0.4722222222222222,36,0.5454545454545454,1.0,0.4545454545454546
7d0e9551-c14e-4082-a39d-b32ec8e59a7f,5,0.13157894736842105,38,0.8,0.0,-0.8
7d0e9551-c14e-4082-a39d-b32ec8e59a7f,8,0.21052631578947367,38,0.0,1.0,1.0
7d0e9551-c14e-4082-a39d-b32ec8e59a7f,11,0.2894736842105263,38,1.0,0.125,-0.875
7d0e9551-c14e-4082-a39d-b32ec8e59a7f,27,0.7105263157894737,38,0.125,0.8571428571428571,0.7321428571428571
7d0e9551-c14e-4082-a39d-b32ec8e59a7f,34,0.8947368421052632,38,0.8571428571428571,0.0,-0.8571428571428571
7d2ec81c-dfcf-4eb1-b031-6a2040871163,18,0.782608695652174,23,1.0,0.6,-0.4
7d4ede08-adf6-41b1-ac4a-d5c0eccf1230,36,0.782608695652174,46,0.8611111111111112,0.14285714285714285,-0.7182539682539684
7d4ede08-adf6-41b1-ac4a-d5c0eccf1230,43,0.9347826086956522,46,0.14285714285714285,1.0,0.8571428571428572
7d5a113e-92cb-4cb8-a982-dd0db35bca6b,16,0.6956521739130435,23,0.5,1.0,0.5
7d7e38be-540d-4072-834a-90d73c9219a9,12,0.6666666666666666,18,0.0,0.5,0.5
7d7f2411-773b-4f4b-9b41-7308af43b8dd,25,0.625,40,0.92,0.45454545454545453,-0.4654545454545455
7d7f2411-773b-4f4b-9b41-7308af43b8dd,36,0.9,40,0.45454545454545453,1.0,0.5454545454545454
7da3440b-a916-447c-b745-5ec1614be3ae,14,0.8235294117647058,17,0.8571428571428571,0.3333333333333333,-0.5238095238095237
7dab7682-93b9-490a-bcb0-343171285d8e,4,0.2222222222222222,18,0.0,1.0,1.0
7dab7682-93b9-490a-bcb0-343171285d8e,8,0.4444444444444444,18,1.0,0.1,-0.9
7dadbedb-7a39-4f17-8791-d7f3abfc393c,10,0.2,50,0.2,0.6363636363636364,0.43636363636363634
7dadbedb-7a39-4f17-8791-d7f3abfc393c,32,0.64,50,0.6363636363636364,0.9444444444444444,0.30808080808080807
7db6634d-44c3-495e-9380-aa309e15029d,12,0.5217391304347826,23,0.6666666666666666,0.0,-0.6666666666666666
7db6634d-44c3-495e-9380-aa309e15029d,15,0.6521739130434783,23,0.0,0.75,0.75
7dc555e2-e349-42d6-bf06-a9f9aed53c29,29,0.725,40,0.8620689655172413,0.0,-0.8620689655172413
7dc555e2-e349-42d6-bf06-a9f9aed53c29,32,0.8,40,0.0,0.875,0.875
7dd4ed35-125d-4720-a8f4-6bfb170a18bb,11,0.4782608695652174,23,0.9090909090909091,0.2,-0.709090909090909
7dd4ed35-125d-4720-a8f4-6bfb170a18bb,16,0.6956521739130435,23,0.2,0.8571428571428571,0.657142857142857
7df26a9f-63d4-47b9-a85e-0e6837e2cf3f,8,0.34782608695652173,23,0.75,0.0,-0.75
7df26a9f-63d4-47b9-a85e-0e6837e2cf3f,13,0.5652173913043478,23,0.0,1.0,1.0
7df26a9f-63d4-47b9-a85e-0e6837e2cf3f,16,0.6956521739130435,23,1.0,0.42857142857142855,-0.5714285714285714
7e0fecd9-7ce3-4607-bf15-21a2448b2cad,30,0.6521739130434783,46,0.7666666666666667,0.0,-0.7666666666666667
7e0fecd9-7ce3-4607-bf15-21a2448b2cad,33,0.717391304347826,46,0.0,0.7692307692307693,0.7692307692307693
7e1d4e6e-3ce2-4cf5-bf70-5798e1a609dc,13,0.7647058823529411,17,0.9230769230769231,0.5,-0.42307692307692313
7e2941b3-4627-4e62-839b-417b8b96bf00,11,0.3055555555555556,36,1.0,0.16666666666666666,-0.8333333333333334
7e2941b3-4627-4e62-839b-417b8b96bf00,17,0.4722222222222222,36,0.16666666666666666,1.0,0.8333333333333334
7e2941b3-4627-4e62-839b-417b8b96bf00,21,0.5833333333333334,36,1.0,0.0,-1.0
7e2941b3-4627-4e62-839b-417b8b96bf00,24,0.6666666666666666,36,0.0,1.0,1.0
7e2941b3-4627-4e62-839b-417b8b96bf00,28,0.7777777777777778,36,1.0,0.375,-0.625
7e4d12a7-7a61-401b-bf68-14187aad38ec,14,0.3333333333333333,42,0.9285714285714286,0.5714285714285714,-0.3571428571428572
7e60211f-c22c-4de9-9440-7bac1049659e,5,0.29411764705882354,17,0.4,1.0,0.6
7e60211f-c22c-4de9-9440-7bac1049659e,14,0.8235294117647058,17,1.0,0.0,-1.0
7e6400e1-f35e-4d63-9052-79843020d59c,3,0.13043478260869565,23,1.0,0.2,-0.8
7e64ec09-23ed-456c-b890-e384406d55f9,7,0.2413793103448276,29,0.2857142857142857,0.9545454545454546,0.6688311688311689
7e6c489e-5e09-44b7-8db6-d800a5aaf458,19,0.41304347826086957,46,0.5789473684210527,0.2,-0.37894736842105264
7e6c489e-5e09-44b7-8db6-d800a5aaf458,29,0.6304347826086957,46,0.2,0.9090909090909091,0.709090909090909
7e6c489e-5e09-44b7-8db6-d800a5aaf458,40,0.8695652173913043,46,0.9090909090909091,0.3333333333333333,-0.5757575757575757
7e6fbf3e-f0dd-4d45-bffe-e08b543c6968,15,0.5357142857142857,28,0.9333333333333333,0.0,-0.9333333333333333
7e6fbf3e-f0dd-4d45-bffe-e08b543c6968,18,0.6428571428571429,28,0.0,1.0,1.0
7e6fbf3e-f0dd-4d45-bffe-e08b543c6968,21,0.75,28,1.0,0.42857142857142855,-0.5714285714285714
7e8b0d54-08a2-4f40-b849-43618161e7be,30,0.6521739130434783,46,0.8666666666666667,0.0,-0.8666666666666667
7e8b0d54-08a2-4f40-b849-43618161e7be,35,0.7608695652173914,46,0.0,0.7272727272727273,0.7272727272727273
7ebd3872-80be-453f-93e9-b65d93e535af,6,0.20689655172413793,29,0.16666666666666666,1.0,0.8333333333333334
7ebd3872-80be-453f-93e9-b65d93e535af,10,0.3448275862068966,29,1.0,0.3157894736842105,-0.6842105263157895
7ec43eaa-e4bd-4c6f-9f8b-0b4df9028dae,16,0.32,50,0.875,0.0,-0.875
7ec43eaa-e4bd-4c6f-9f8b-0b4df9028dae,22,0.44,50,0.0,0.8181818181818182,0.8181818181818182
7ec43eaa-e4bd-4c6f-9f8b-0b4df9028dae,44,0.88,50,0.8181818181818182,0.16666666666666666,-0.6515151515151516
7ed09f97-b20e-44ec-8cf2-d690d3ee20d0,7,0.19444444444444445,36,0.8571428571428571,0.3333333333333333,-0.5238095238095237
7ed09f97-b20e-44ec-8cf2-d690d3ee20d0,28,0.7777777777777778,36,0.3333333333333333,1.0,0.6666666666666667
7ed09f97-b20e-44ec-8cf2-d690d3ee20d0,32,0.8888888888888888,36,1.0,0.25,-0.75
7ed6b0b0-8b94-4e9f-87e4-55d8aca7aaa8,13,0.5652173913043478,23,0.8461538461538461,0.0,-0.8461538461538461
7ed6b0b0-8b94-4e9f-87e4-55d8aca7aaa8,16,0.6956521739130435,23,0.0,0.7142857142857143,0.7142857142857143
7ef59d40-8bec-4d12-8337-e123256c78e2,8,0.2,40,1.0,0.0,-1.0
7ef59d40-8bec-4d12-8337-e123256c78e2,11,0.275,40,0.0,1.0,1.0
7ef59d40-8bec-4d12-8337-e123256c78e2,19,0.475,40,1.0,0.5555555555555556,-0.4444444444444444
7ef59d40-8bec-4d12-8337-e123256c78e2,28,0.7,40,0.5555555555555556,0.0,-0.5555555555555556
7ef59d40-8bec-4d12-8337-e123256c78e2,32,0.8,40,0.0,0.75,0.75
7f405f62-c238-46dd-85c7-6d1dac896bf4,9,0.5,18,0.1111111111111111,0.6666666666666666,0.5555555555555556
7f525126-0437-489b-8cf0-ed2d8d93b3e4,19,0.475,40,0.8947368421052632,0.0,-0.8947368421052632
7f525126-0437-489b-8cf0-ed2d8d93b3e4,22,0.55,40,0.0,0.8,0.8
7f525126-0437-489b-8cf0-ed2d8d93b3e4,32,0.8,40,0.8,0.375,-0.42500000000000004
7f5d52da-0672-4636-b2e2-53018451af17,8,0.47058823529411764,17,0.5,0.8888888888888888,0.38888888888888884
7f669a3d-e767-4dc0-b410-b37d3e0f3e8d,4,0.16666666666666666,24,0.0,0.6,0.6
7f6f6bc4-3085-4330-a85f-44e757b689b3,20,0.8333333333333334,24,1.0,0.5,-0.5
7f846ea5-73ee-47e5-a4d1-ae12274c0b50,8,0.2222222222222222,36,1.0,0.3333333333333333,-0.6666666666666667
7f846ea5-73ee-47e5-a4d1-ae12274c0b50,17,0.4722222222222222,36,0.3333333333333333,0.8947368421052632,0.5614035087719298
7f8a664a-73e2-43bb-8904-9ad224525647,6,0.25,24,0.5,0.8888888888888888,0.38888888888888884
7f8fae95-b8d0-429c-9238-c49aad647c18,16,0.35555555555555557,45,0.0,0.5,0.5
7f8fae95-b8d0-429c-9238-c49aad647c18,24,0.5333333333333333,45,0.5,0.0,-0.5
7f8fae95-b8d0-429c-9238-c49aad647c18,32,0.7111111111111111,45,0.0,0.6666666666666666,0.6666666666666666
7f8fae95-b8d0-429c-9238-c49aad647c18,38,0.8444444444444444,45,0.6666666666666666,0.0,-0.6666666666666666
7f969385-0888-4238-be60-ca073d39b566,41,0.8541666666666666,48,0.8780487804878049,0.0,-0.8780487804878049
7f969385-0888-4238-be60-ca073d39b566,44,0.9166666666666666,48,0.0,1.0,1.0
7f9b0dbb-723b-4e96-bf1c-f47f4d8f59bb,18,0.782608695652174,23,0.8888888888888888,0.2,-0.6888888888888889
7f9c9318-fc0d-44f7-8049-c108ec0ca014,15,0.32608695652173914,46,0.6666666666666666,0.0,-0.6666666666666666
7f9c9318-fc0d-44f7-8049-c108ec0ca014,18,0.391304347826087,46,0.0,1.0,1.0
7f9c9318-fc0d-44f7-8049-c108ec0ca014,22,0.4782608695652174,46,1.0,0.25,-0.75
7f9c9318-fc0d-44f7-8049-c108ec0ca014,26,0.5652173913043478,46,0.25,0.9166666666666666,0.6666666666666666
7f9c9318-fc0d-44f7-8049-c108ec0ca014,38,0.8260869565217391,46,0.9166666666666666,0.0,-0.9166666666666666
7f9c9318-fc0d-44f7-8049-c108ec0ca014,42,0.9130434782608695,46,0.0,0.75,0.75
7fbf7782-0290-47a2-9f5d-c2fe261ec4af,39,0.9285714285714286,42,1.0,0.3333333333333333,-0.6666666666666667
80013236-c40d-4d3d-8813-646ab4b20347,4,0.23529411764705882,17,0.0,0.875,0.875
80013236-c40d-4d3d-8813-646ab4b20347,12,0.7058823529411765,17,0.875,0.4,-0.475
80041088-9eda-4ef2-9c3c-0eadbf5984e5,10,0.2631578947368421,38,1.0,0.25,-0.75
80041088-9eda-4ef2-9c3c-0eadbf5984e5,14,0.3684210526315789,38,0.25,0.875,0.625
801d9d2e-7123-40fd-8050-b8682f8d822f,12,0.7058823529411765,17,0.5,0.0,-0.5
80351a93-c125-4a43-a5a2-889b1bf6c9c9,20,0.5,40,0.0,0.75,0.75
8066f128-9b08-4cc0-aaa2-a40357e0f75c,13,0.5652173913043478,23,0.8461538461538461,0.0,-0.8461538461538461
8066f128-9b08-4cc0-aaa2-a40357e0f75c,16,0.6956521739130435,23,0.0,1.0,1.0
8073ceb4-f846-4f10-8a56-826d9d1e8a75,23,0.5111111111111111,45,0.9130434782608695,0.4,-0.5130434782608695
8073ceb4-f846-4f10-8a56-826d9d1e8a75,33,0.7333333333333333,45,0.4,0.8571428571428571,0.4571428571428571
8073ceb4-f846-4f10-8a56-826d9d1e8a75,40,0.8888888888888888,45,0.8571428571428571,0.0,-0.8571428571428571
80aa4550-bdee-446c-be94-80d27f7d458e,29,0.7631578947368421,38,0.8275862068965517,0.3333333333333333,-0.4942528735632184
80b919e7-569e-4217-94f6-7c7b3f19bd39,6,0.3333333333333333,18,0.8333333333333334,0.0,-0.8333333333333334
80b919e7-569e-4217-94f6-7c7b3f19bd39,11,0.6111111111111112,18,0.0,1.0,1.0
80b919e7-569e-4217-94f6-7c7b3f19bd39,14,0.7777777777777778,18,1.0,0.25,-0.75
80cf8802-8d53-43d2-95bd-e0863771753f,6,0.35294117647058826,17,0.16666666666666666,0.7142857142857143,0.5476190476190477
80cf8802-8d53-43d2-95bd-e0863771753f,13,0.7647058823529411,17,0.7142857142857143,0.0,-0.7142857142857143
80e90d3a-3fc7-4253-955b-652da85c8674,16,0.5517241379310345,29,0.9375,0.3,-0.6375
80e90d3a-3fc7-4253-955b-652da85c8674,26,0.896551724137931,29,0.3,1.0,0.7
80f4f0ed-8081-4030-bb69-aa42763eec3a,5,0.29411764705882354,17,0.0,1.0,1.0
80f4f0ed-8081-4030-bb69-aa42763eec3a,8,0.47058823529411764,17,1.0,0.2222222222222222,-0.7777777777777778
810b8877-c092-4b34-b2f0-5cd7e0ee9eb7,19,0.7916666666666666,24,0.7368421052631579,0.0,-0.7368421052631579
811be1c1-7e76-4906-872f-22011e8180d4,12,0.3,40,0.8333333333333334,0.15789473684210525,-0.6754385964912282
811be1c1-7e76-4906-872f-22011e8180d4,31,0.775,40,0.15789473684210525,0.5555555555555556,0.3976608187134503
81222f29-079a-4449-9334-3af74aadc5f4,6,0.16666666666666666,36,0.8333333333333334,0.375,-0.45833333333333337
81222f29-079a-4449-9334-3af74aadc5f4,22,0.6111111111111112,36,0.375,1.0,0.625
81222f29-079a-4449-9334-3af74aadc5f4,26,0.7222222222222222,36,1.0,0.0,-1.0
81222f29-079a-4449-9334-3af74aadc5f4,30,0.8333333333333334,36,0.0,0.6666666666666666,0.6666666666666666
812350e6-b7f4-48d7-938f-cbee8d37fb0e,46,0.92,50,0.9130434782608695,0.25,-0.6630434782608695
81285467-e389-42da-8119-38865c0a4fc3,41,0.9318181818181818,44,0.9024390243902439,0.0,-0.9024390243902439
8145bd6b-0421-40c4-ac54-cc7906444a83,14,0.30434782608695654,46,0.7857142857142857,0.16666666666666666,-0.6190476190476191
8145bd6b-0421-40c4-ac54-cc7906444a83,20,0.43478260869565216,46,0.16666666666666666,1.0,0.8333333333333334
8145bd6b-0421-40c4-ac54-cc7906444a83,28,0.6086956521739131,46,1.0,0.0,-1.0
8145bd6b-0421-40c4-ac54-cc7906444a83,32,0.6956521739130435,46,0.0,0.8571428571428571,0.8571428571428571
815470f0-cc72-4d5c-96e5-00c4df4b776c,5,0.29411764705882354,17,0.8,0.25,-0.55
815470f0-cc72-4d5c-96e5-00c4df4b776c,9,0.5294117647058824,17,0.25,0.875,0.625
816f3f52-c830-4248-81d5-6941084384d7,24,0.5217391304347826,46,0.9166666666666666,0.3333333333333333,-0.5833333333333333
816f3f52-c830-4248-81d5-6941084384d7,30,0.6521739130434783,46,0.3333333333333333,0.875,0.5416666666666667
817ad7af-72a2-4667-8d05-a42f20e859e7,17,0.5862068965517241,29,0.6470588235294118,0.1111111111111111,-0.5359477124183007
817ad7af-72a2-4667-8d05-a42f20e859e7,26,0.896551724137931,29,0.1111111111111111,0.6666666666666666,0.5555555555555556
817e27ad-046e-4776-b5d0-150ce81c00f6,30,0.75,40,0.9333333333333333,0.6,-0.33333333333333337
81bc4447-6b10-4da9-8d7f-b89ddc0a1b03,11,0.6111111111111112,18,0.8181818181818182,0.42857142857142855,-0.3896103896103897
81bdde42-50fb-4cba-8a97-932a27a1dd8d,21,0.5526315789473685,38,0.9523809523809523,0.25,-0.7023809523809523
81bdde42-50fb-4cba-8a97-932a27a1dd8d,33,0.868421052631579,38,0.25,0.8,0.55
81ca6062-3387-4576-b9f8-8e336d4e7a34,47,0.94,50,0.7446808510638298,0.0,-0.7446808510638298
81cc5fb6-ce31-4278-8687-7c9dfc348431,14,0.7777777777777778,18,0.7857142857142857,0.0,-0.7857142857142857
81dc3d30-8a10-4928-98cf-63b59054beb9,35,0.875,40,0.8571428571428571,0.2,-0.657142857142857
82022af9-f481-434a-abce-a2cb61bcc405,6,0.13333333333333333,45,0.6666666666666666,0.21052631578947367,-0.45614035087719296
82022af9-f481-434a-abce-a2cb61bcc405,25,0.5555555555555556,45,0.21052631578947367,1.0,0.7894736842105263
82022af9-f481-434a-abce-a2cb61bcc405,28,0.6222222222222222,45,1.0,0.29411764705882354,-0.7058823529411764
82160307-130a-4b35-87cc-b0318856f1e8,5,0.20833333333333334,24,1.0,0.25,-0.75
82160307-130a-4b35-87cc-b0318856f1e8,9,0.375,24,0.25,0.7333333333333333,0.4833333333333333
821ac816-cf41-4833-83c2-0674af54aab8,3,0.08333333333333333,36,0.3333333333333333,0.9696969696969697,0.6363636363636365
8228f111-b8bc-42ce-93a9-9e6c1fd5f3e3,10,0.2777777777777778,36,0.9,0.0,-0.9
8228f111-b8bc-42ce-93a9-9e6c1fd5f3e3,13,0.3611111111111111,36,0.0,0.9130434782608695,0.9130434782608695
8246bb84-207a-40df-b5f1-7a3a75690eeb,6,0.3333333333333333,18,0.3333333333333333,1.0,0.6666666666666667
8246bb84-207a-40df-b5f1-7a3a75690eeb,9,0.5,18,1.0,0.1111111111111111,-0.8888888888888888
824a7fa0-24f6-4885-903f-64119c0a12cd,8,0.47058823529411764,17,0.375,0.0,-0.375
825bd920-a839-447d-866a-f7c76a27a3c8,9,0.23684210526315788,38,0.8888888888888888,0.2,-0.6888888888888889
825bd920-a839-447d-866a-f7c76a27a3c8,14,0.3684210526315789,38,0.2,0.875,0.675
8268fec7-af22-479c-af3c-4459c0b8543b,32,0.64,50,0.8125,0.0,-0.8125
8268fec7-af22-479c-af3c-4459c0b8543b,35,0.7,50,0.0,0.7333333333333333,0.7333333333333333
8274bc1e-d002-4721-8325-f1eeb98e292a,8,0.16,50,1.0,0.4444444444444444,-0.5555555555555556
8274bc1e-d002-4721-8325-f1eeb98e292a,17,0.34,50,0.4444444444444444,0.8823529411764706,0.43790849673202614
8274bc1e-d002-4721-8325-f1eeb98e292a,34,0.68,50,0.8823529411764706,0.3333333333333333,-0.5490196078431373
8274bc1e-d002-4721-8325-f1eeb98e292a,46,0.92,50,0.3333333333333333,1.0,0.6666666666666667
82775069-f0be-428d-8469-cbdef631f0d6,12,0.3,40,0.75,0.0,-0.75
82775069-f0be-428d-8469-cbdef631f0d6,15,0.375,40,0.0,1.0,1.0
82775069-f0be-428d-8469-cbdef631f0d6,18,0.45,40,1.0,0.0,-1.0
82775069-f0be-428d-8469-cbdef631f0d6,21,0.525,40,0.0,0.8571428571428571,0.8571428571428571
82775069-f0be-428d-8469-cbdef631f0d6,35,0.875,40,0.8571428571428571,0.4,-0.4571428571428571
827af958-b943-4c62-adb9-c16ac56536f9,5,0.21739130434782608,23,0.2,1.0,0.8
827af958-b943-4c62-adb9-c16ac56536f9,9,0.391304347826087,23,1.0,0.25,-0.75
827af958-b943-4c62-adb9-c16ac56536f9,13,0.5652173913043478,23,0.25,1.0,0.75
827af958-b943-4c62-adb9-c16ac56536f9,17,0.7391304347826086,23,1.0,0.0,-1.0
827af958-b943-4c62-adb9-c16ac56536f9,20,0.8695652173913043,23,0.0,0.6666666666666666,0.6666666666666666
82867ae0-2d5e-4ff9-ab02-51a0065c55ff,11,0.4583333333333333,24,1.0,0.46153846153846156,-0.5384615384615384
829458e6-b00f-4938-a1ca-2ceacd219f71,14,0.8235294117647058,17,1.0,0.3333333333333333,-0.6666666666666667
82d5c762-7569-45c4-998a-334c5583e493,11,0.2391304347826087,46,0.6363636363636364,0.14285714285714285,-0.4935064935064935
82d5c762-7569-45c4-998a-334c5583e493,18,0.391304347826087,46,0.14285714285714285,0.7142857142857143,0.5714285714285714
82d6e8a8-a89e-4278-a9a3-b6681579f358,5,0.125,40,0.6,0.0,-0.6
82d6e8a8-a89e-4278-a9a3-b6681579f358,33,0.825,40,0.0,0.5714285714285714,0.5714285714285714
82e70a6f-100f-4a4e-9a63-d9addee677b3,10,0.5882352941176471,17,0.9,0.42857142857142855,-0.4714285714285715
830413a9-ea13-4083-b2a9-58b8a7073cdf,15,0.3333333333333333,45,1.0,0.0,-1.0
830413a9-ea13-4083-b2a9-58b8a7073cdf,19,0.4222222222222222,45,0.0,0.7307692307692307,0.7307692307692307
832ea855-56c0-4198-87c4-61013db8533f,10,0.45454545454545453,22,0.9,0.25,-0.65
832ea855-56c0-4198-87c4-61013db8533f,14,0.6363636363636364,22,0.25,1.0,0.75
832ea855-56c0-4198-87c4-61013db8533f,19,0.8636363636363636,22,1.0,0.3333333333333333,-0.6666666666666667
835538f1-0ed3-4852-8f0d-397ab19b5ff2,38,0.8444444444444444,45,0.8947368421052632,0.42857142857142855,-0.4661654135338346
837fe47d-3733-4873-a270-00108441d767,16,0.6956521739130435,23,0.875,0.2857142857142857,-0.5892857142857143
8380c6fc-4f46-4309-b374-8da76fb9a247,11,0.3055555555555556,36,0.9090909090909091,0.2,-0.709090909090909
8380c6fc-4f46-4309-b374-8da76fb9a247,26,0.7222222222222222,36,0.2,0.8571428571428571,0.657142857142857
8380c6fc-4f46-4309-b374-8da76fb9a247,33,0.9166666666666666,36,0.8571428571428571,0.0,-0.8571428571428571
83a278cf-88b0-4994-975d-51f8f7785de5,6,0.25,24,1.0,0.0,-1.0
83a278cf-88b0-4994-975d-51f8f7785de5,9,0.375,24,0.0,0.8,0.8
83a37019-c437-492f-a850-c0b5c9ce2cec,4,0.17391304347826086,23,0.0,1.0,1.0
83a37019-c437-492f-a850-c0b5c9ce2cec,19,0.8260869565217391,23,1.0,0.5,-0.5
83abca45-085b-42e5-bd19-36e7d773ca42,7,0.15555555555555556,45,0.8571428571428571,0.2894736842105263,-0.5676691729323308
83b480c2-54f7-418a-8aeb-c3f58e62520e,9,0.18,50,1.0,0.6,-0.4
83b480c2-54f7-418a-8aeb-c3f58e62520e,39,0.78,50,0.6,0.18181818181818182,-0.41818181818181815
83c25785-6d57-4db1-a60f-a03f33957ba3,19,0.6551724137931034,29,0.9473684210526315,0.25,-0.6973684210526315
83c25785-6d57-4db1-a60f-a03f33957ba3,23,0.7931034482758621,29,0.25,1.0,0.75
83cd460a-ff21-4285-a51d-aaa856a0d4e4,17,0.3695652173913043,46,0.8235294117647058,0.0,-0.8235294117647058
83cd460a-ff21-4285-a51d-aaa856a0d4e4,20,0.43478260869565216,46,0.0,0.9230769230769231,0.9230769230769231
83cd460a-ff21-4285-a51d-aaa856a0d4e4,33,0.717391304347826,46,0.9230769230769231,0.0,-0.9230769230769231
83cd460a-ff21-4285-a51d-aaa856a0d4e4,36,0.782608695652174,46,0.0,1.0,1.0
83cd460a-ff21-4285-a51d-aaa856a0d4e4,39,0.8478260869565217,46,1.0,0.0,-1.0
83cd460a-ff21-4285-a51d-aaa856a0d4e4,42,0.9130434782608695,46,0.0,1.0,1.0
83d60902-18eb-4be0-8aa4-b315b777aece,34,0.7555555555555555,45,0.9411764705882353,0.0,-0.9411764705882353
83d60902-18eb-4be0-8aa4-b315b777aece,37,0.8222222222222222,45,0.0,1.0,1.0
83d60902-18eb-4be0-8aa4-b315b777aece,42,0.9333333333333333,45,1.0,0.3333333333333333,-0.6666666666666667
83edcabc-dd43-48e6-9aec-42b8cc1bfaf1,5,0.29411764705882354,17,0.8,0.0,-0.8
83edcabc-dd43-48e6-9aec-42b8cc1bfaf1,9,0.5294117647058824,17,0.0,0.75,0.75
83f871f3-87e0-44b5-9750-939fb48020ca,3,0.125,24,1.0,0.0,-1.0
83f871f3-87e0-44b5-9750-939fb48020ca,7,0.2916666666666667,24,0.0,0.5882352941176471,0.5882352941176471
8400b02a-5ba5-4b4a-bbbf-ac0cde46e634,22,0.44,50,0.5909090909090909,0.25,-0.34090909090909094
84027cbb-fc2b-4824-91f3-03bf872705bf,7,0.18421052631578946,38,1.0,0.2222222222222222,-0.7777777777777778
84027cbb-fc2b-4824-91f3-03bf872705bf,16,0.42105263157894735,38,0.2222222222222222,0.8333333333333334,0.6111111111111112
84027cbb-fc2b-4824-91f3-03bf872705bf,22,0.5789473684210527,38,0.8333333333333334,0.1875,-0.6458333333333334
84135584-9d9a-466c-8ba6-6fbcbdd20172,8,0.27586206896551724,29,1.0,0.4444444444444444,-0.5555555555555556
84135584-9d9a-466c-8ba6-6fbcbdd20172,17,0.5862068965517241,29,0.4444444444444444,1.0,0.5555555555555556
84135584-9d9a-466c-8ba6-6fbcbdd20172,20,0.6896551724137931,29,1.0,0.0,-1.0
84135584-9d9a-466c-8ba6-6fbcbdd20172,23,0.7931034482758621,29,0.0,0.8333333333333334,0.8333333333333334
842c9980-5ce3-49ad-a3ff-efc1d1c9c172,9,0.375,24,1.0,0.5333333333333333,-0.4666666666666667
8434aca3-6edb-4870-9d06-00a9db535131,14,0.8235294117647058,17,0.8571428571428571,0.3333333333333333,-0.5238095238095237
8436fdcf-248b-4a0d-84df-8d2cd31b9ae4,27,0.54,50,0.8518518518518519,0.2,-0.6518518518518519
8436fdcf-248b-4a0d-84df-8d2cd31b9ae4,32,0.64,50,0.2,0.7777777777777778,0.5777777777777777
843c3bf8-01e7-406f-b53a-97f1ef6bf627,6,0.16666666666666666,36,0.8333333333333334,0.1,-0.7333333333333334
843c3bf8-01e7-406f-b53a-97f1ef6bf627,16,0.4444444444444444,36,0.1,0.45,0.35
843e3df9-b156-4559-8975-bea9612afed0,17,0.7727272727272727,22,0.8823529411764706,0.2,-0.6823529411764706
843f9d73-7f63-43ca-ac14-5c63c76c435f,11,0.22,50,0.9090909090909091,0.5128205128205128,-0.3962703962703963
84488eb4-c8ae-4662-a9e5-e8b923e9f3f4,22,0.7586206896551724,29,0.8181818181818182,0.2857142857142857,-0.5324675324675325
844af7eb-cb6e-4cf8-ab34-9e796030a721,38,0.8260869565217391,46,0.7631578947368421,0.0,-0.7631578947368421
844af7eb-cb6e-4cf8-ab34-9e796030a721,41,0.8913043478260869,46,0.0,0.8,0.8
844ca31b-6069-4bfe-9309-4dedde902480,18,0.5,36,0.8888888888888888,0.0,-0.8888888888888888
844ca31b-6069-4bfe-9309-4dedde902480,21,0.5833333333333334,36,0.0,0.8666666666666667,0.8666666666666667
844de545-db70-41ad-a217-600f13ab1c4f,18,0.4,45,0.7222222222222222,0.2222222222222222,-0.5
844de545-db70-41ad-a217-600f13ab1c4f,27,0.6,45,0.2222222222222222,0.8,0.5777777777777778
844de545-db70-41ad-a217-600f13ab1c4f,32,0.7111111111111111,45,0.8,0.0,-0.8
844de545-db70-41ad-a217-600f13ab1c4f,37,0.8222222222222222,45,0.0,0.75,0.75
84965146-6453-4353-ba53-700ac806c003,12,0.24,50,1.0,0.6470588235294118,-0.3529411764705882
84965146-6453-4353-ba53-700ac806c003,29,0.58,50,0.6470588235294118,0.0,-0.6470588235294118
84965146-6453-4353-ba53-700ac806c003,33,0.66,50,0.0,0.6470588235294118,0.6470588235294118
84a8f00c-1140-45f9-b88d-6404a0108145,37,0.925,40,0.8108108108108109,0.0,-0.8108108108108109
84af63a0-3259-43f4-a27c-65f6ccf7f065,41,0.9111111111111111,45,0.7073170731707317,0.0,-0.7073170731707317
84c4b16b-b010-4f2e-966f-fa37fcc07333,27,0.675,40,0.5185185185185185,0.0,-0.5185185185185185
84cb7a83-e3b8-470c-8005-8ef74a81ee8f,11,0.4782608695652174,23,1.0,0.3333333333333333,-0.6666666666666667
84ceff5c-6e17-4ddd-a29c-71c023215f44,19,0.475,40,0.8421052631578947,0.5714285714285714,-0.2706766917293233
84f3e80f-567d-4e8f-a9b6-9d14e62ffc16,20,0.8695652173913043,23,0.9,0.3333333333333333,-0.5666666666666667
84fe5249-d9df-40bd-982d-6a4e8a342de7,7,0.3888888888888889,18,1.0,0.5454545454545454,-0.4545454545454546
850a4414-fb24-4283-b3ff-ce8033fc6421,10,0.35714285714285715,28,0.9,0.16666666666666666,-0.7333333333333334
85287dee-8c86-431f-88a0-b3c69caed8c5,15,0.375,40,0.8666666666666667,0.0,-0.8666666666666667
85287dee-8c86-431f-88a0-b3c69caed8c5,19,0.475,40,0.0,0.6666666666666666,0.6666666666666666
853d3cee-0404-4691-a98b-21ae22746353,7,0.15217391304347827,46,0.2857142857142857,0.8571428571428571,0.5714285714285714
853d3cee-0404-4691-a98b-21ae22746353,14,0.30434782608695654,46,0.8571428571428571,0.0,-0.8571428571428571
853d3cee-0404-4691-a98b-21ae22746353,18,0.391304347826087,46,0.0,0.8,0.8
853d3cee-0404-4691-a98b-21ae22746353,23,0.5,46,0.8,0.1111111111111111,-0.6888888888888889
853d3cee-0404-4691-a98b-21ae22746353,32,0.6956521739130435,46,0.1111111111111111,1.0,0.8888888888888888
853d3cee-0404-4691-a98b-21ae22746353,35,0.7608695652173914,46,1.0,0.0,-1.0
853d3cee-0404-4691-a98b-21ae22746353,40,0.8695652173913043,46,0.0,0.8333333333333334,0.8333333333333334
854e52ee-6dad-42b8-a43c-86fc30de673f,38,0.8444444444444444,45,0.6578947368421053,0.2857142857142857,-0.3721804511278196
8559b45e-c5d8-4303-8ba6-00a3fc57f49e,19,0.6551724137931034,29,0.631578947368421,0.2,-0.431578947368421
855e8b72-4f11-4ad6-8f1f-deebd75d716e,7,0.3888888888888889,18,1.0,0.0,-1.0
855e8b72-4f11-4ad6-8f1f-deebd75d716e,10,0.5555555555555556,18,0.0,0.75,0.75
85708948-ec6d-4e65-8364-53960a72882f,18,0.45,40,0.8333333333333334,0.0,-0.8333333333333334
85708948-ec6d-4e65-8364-53960a72882f,24,0.6,40,0.0,0.8333333333333334,0.8333333333333334
85708948-ec6d-4e65-8364-53960a72882f,30,0.75,40,0.8333333333333334,0.3,-0.5333333333333334
8584f8aa-6c3a-49ef-9829-95a05ee7041d,14,0.3111111111111111,45,0.8571428571428571,0.2,-0.657142857142857
8584f8aa-6c3a-49ef-9829-95a05ee7041d,24,0.5333333333333333,45,0.2,1.0,0.8
8584f8aa-6c3a-49ef-9829-95a05ee7041d,27,0.6,45,1.0,0.2222222222222222,-0.7777777777777778
858bff9b-a2ab-4eff-8a43-32f37c2efd1a,6,0.13333333333333333,45,0.5,0.05555555555555555,-0.4444444444444444
858bff9b-a2ab-4eff-8a43-32f37c2efd1a,24,0.5333333333333333,45,0.05555555555555555,0.5,0.4444444444444444
858bff9b-a2ab-4eff-8a43-32f37c2efd1a,40,0.8888888888888888,45,0.5,0.0,-0.5
8593e9ac-1ddd-4941-ac36-20a96c91d079,17,0.425,40,0.5294117647058824,0.0,-0.5294117647058824
8593e9ac-1ddd-4941-ac36-20a96c91d079,21,0.525,40,0.0,1.0,1.0
8593e9ac-1ddd-4941-ac36-20a96c91d079,24,0.6,40,1.0,0.0,-1.0
8593e9ac-1ddd-4941-ac36-20a96c91d079,28,0.7,40,0.0,0.875,0.875
8593e9ac-1ddd-4941-ac36-20a96c91d079,36,0.9,40,0.875,0.25,-0.625
85e937d3-820b-4e65-a815-48798d82642f,18,0.45,40,0.9444444444444444,0.2222222222222222,-0.7222222222222222
85e937d3-820b-4e65-a815-48798d82642f,27,0.675,40,0.2222222222222222,0.8571428571428571,0.6349206349206349
85e937d3-820b-4e65-a815-48798d82642f,34,0.85,40,0.8571428571428571,0.16666666666666666,-0.6904761904761905
85faf0c1-cbc3-4fe7-bbbd-2d01f3925b04,7,0.2916666666666667,24,0.8571428571428571,0.25,-0.6071428571428571
85faf0c1-cbc3-4fe7-bbbd-2d01f3925b04,11,0.4583333333333333,24,0.25,1.0,0.75
85faf0c1-cbc3-4fe7-bbbd-2d01f3925b04,17,0.7083333333333334,24,1.0,0.42857142857142855,-0.5714285714285714
86014db7-c7fa-4845-b1b0-b2d95462cb5c,3,0.17647058823529413,17,0.6666666666666666,0.0,-0.6666666666666666
86014db7-c7fa-4845-b1b0-b2d95462cb5c,9,0.5294117647058824,17,0.0,1.0,1.0
86014db7-c7fa-4845-b1b0-b2d95462cb5c,14,0.8235294117647058,17,1.0,0.3333333333333333,-0.6666666666666667
86067141-2d4b-4256-8ff7-c9383c3ad53e,26,0.5777777777777777,45,0.5384615384615384,1.0,0.46153846153846156
86067141-2d4b-4256-8ff7-c9383c3ad53e,36,0.8,45,1.0,0.3333333333333333,-0.6666666666666667
86067141-2d4b-4256-8ff7-c9383c3ad53e,42,0.9333333333333333,45,0.3333333333333333,1.0,0.6666666666666667
864be1c1-c141-4bfd-b6b9-4d9d5e74879a,19,0.475,40,0.9473684210526315,0.0,-0.9473684210526315
864be1c1-c141-4bfd-b6b9-4d9d5e74879a,22,0.55,40,0.0,1.0,1.0
864be1c1-c141-4bfd-b6b9-4d9d5e74879a,35,0.875,40,1.0,0.4,-0.6
864ccb8e-c3bf-4529-9c4c-14327ad52c15,9,0.391304347826087,23,0.3333333333333333,0.8571428571428571,0.5238095238095237
864cf558-4992-45be-9cfd-80d494cf1c11,32,0.7111111111111111,45,0.90625,0.0,-0.90625
864cf558-4992-45be-9cfd-80d494cf1c11,35,0.7777777777777778,45,0.0,0.8,0.8
8650b8ed-6d96-43cb-a65e-56a18d6436a2,7,0.30434782608695654,23,1.0,0.0,-1.0
8650b8ed-6d96-43cb-a65e-56a18d6436a2,17,0.7391304347826086,23,0.0,0.5,0.5
865527b0-2fe2-49f5-8fbd-544fd41cef4e,34,0.68,50,0.7647058823529411,0.0,-0.7647058823529411
865527b0-2fe2-49f5-8fbd-544fd41cef4e,37,0.74,50,0.0,0.6923076923076923,0.6923076923076923
86855f15-1a79-4927-8a66-acb44c0db61d,19,0.6551724137931034,29,0.8947368421052632,0.0,-0.8947368421052632
86855f15-1a79-4927-8a66-acb44c0db61d,23,0.7931034482758621,29,0.0,1.0,1.0
86855f15-1a79-4927-8a66-acb44c0db61d,26,0.896551724137931,29,1.0,0.0,-1.0
868fe1b2-1a1c-4f99-9372-d480d2aa8e85,3,0.07894736842105263,38,0.6666666666666666,0.1,-0.5666666666666667
868fe1b2-1a1c-4f99-9372-d480d2aa8e85,13,0.34210526315789475,38,0.1,0.6363636363636364,0.5363636363636364
868fe1b2-1a1c-4f99-9372-d480d2aa8e85,24,0.631578947368421,38,0.6363636363636364,0.14285714285714285,-0.4935064935064935
869ba992-d7d2-4b02-af46-ce4043a2db94,29,0.58,50,0.9655172413793104,0.25,-0.7155172413793104
869ba992-d7d2-4b02-af46-ce4043a2db94,37,0.74,50,0.25,0.8571428571428571,0.6071428571428571
869ba992-d7d2-4b02-af46-ce4043a2db94,44,0.88,50,0.8571428571428571,0.3333333333333333,-0.5238095238095237
86a50492-c20a-4a27-a178-cbe72cd036bb,4,0.2222222222222222,18,1.0,0.42857142857142855,-0.5714285714285714
86ae588e-98d4-4be7-ae67-0ad304d945e6,5,0.29411764705882354,17,0.6,1.0,0.4
86bf3fca-1aa1-46fc-abf3-be7b3bba46e1,5,0.10869565217391304,46,1.0,0.25,-0.75
86bf3fca-1aa1-46fc-abf3-be7b3bba46e1,9,0.1956521739130435,46,0.25,0.9459459459459459,0.6959459459459459
86cbe730-7cea-4112-8d1b-1ad78f54f501,13,0.3611111111111111,36,0.9230769230769231,0.0,-0.9230769230769231
86cbe730-7cea-4112-8d1b-1ad78f54f501,18,0.5,36,0.0,1.0,1.0
86cbe730-7cea-4112-8d1b-1ad78f54f501,23,0.6388888888888888,36,1.0,0.2222222222222222,-0.7777777777777778
86cbe730-7cea-4112-8d1b-1ad78f54f501,32,0.8888888888888888,36,0.2222222222222222,1.0,0.7777777777777778
86d9f1e9-c42b-47d5-a0e3-8aef0f497f7c,11,0.275,40,0.9090909090909091,0.18181818181818182,-0.7272727272727273
86d9f1e9-c42b-47d5-a0e3-8aef0f497f7c,22,0.55,40,0.18181818181818182,0.8571428571428571,0.6753246753246753
86d9f1e9-c42b-47d5-a0e3-8aef0f497f7c,29,0.725,40,0.8571428571428571,0.18181818181818182,-0.6753246753246753
86f56558-8101-421a-85ab-ee28b2b5e201,6,0.12,50,0.6666666666666666,0.16666666666666666,-0.5
86f56558-8101-421a-85ab-ee28b2b5e201,18,0.36,50,0.16666666666666666,1.0,0.8333333333333334
86f56558-8101-421a-85ab-ee28b2b5e201,21,0.42,50,1.0,0.16666666666666666,-0.8333333333333334
86f56558-8101-421a-85ab-ee28b2b5e201,39,0.78,50,0.16666666666666666,0.9090909090909091,0.7424242424242424
87064e87-a494-4771-8cb4-e07572c6ca30,8,0.2857142857142857,28,0.5,0.07142857142857142,-0.4285714285714286
87064e87-a494-4771-8cb4-e07572c6ca30,22,0.7857142857142857,28,0.07142857142857142,0.6666666666666666,0.5952380952380952
87069700-5690-4f6a-8a66-18326ecf7a68,17,0.40476190476190477,42,1.0,0.4666666666666667,-0.5333333333333333
87069700-5690-4f6a-8a66-18326ecf7a68,32,0.7619047619047619,42,0.4666666666666667,1.0,0.5333333333333333
87069700-5690-4f6a-8a66-18326ecf7a68,36,0.8571428571428571,42,1.0,0.16666666666666666,-0.8333333333333334
872a6490-acf6-4266-a653-061da5438f57,14,0.7777777777777778,18,1.0,0.25,-0.75
87321b9c-1462-4a6d-a5af-ec21cdb42215,5,0.20833333333333334,24,0.4,0.8461538461538461,0.4461538461538461
87321b9c-1462-4a6d-a5af-ec21cdb42215,18,0.75,24,0.8461538461538461,0.3333333333333333,-0.5128205128205128
8736adb9-5aa9-47c1-9d17-b93bbb0a7694,11,0.4583333333333333,24,0.18181818181818182,1.0,0.8181818181818181
8736adb9-5aa9-47c1-9d17-b93bbb0a7694,16,0.6666666666666666,24,1.0,0.5,-0.5
873d547d-38e2-451e-99de-49076c998d46,47,0.94,50,0.9148936170212766,0.0,-0.9148936170212766
874f197f-4a39-45a2-8a03-068f82bf8419,35,0.875,40,0.0,1.0,1.0
87501682-dc44-4ba8-9641-4af7f99a6ccd,31,0.62,50,0.8709677419354839,0.5263157894736842,-0.3446519524617997
87508af1-75e5-4a67-bba7-9be7c9dc16a2,10,0.2777777777777778,36,0.1,0.7272727272727273,0.6272727272727273
87508af1-75e5-4a67-bba7-9be7c9dc16a2,21,0.5833333333333334,36,0.7272727272727273,0.0,-0.7272727272727273
87508af1-75e5-4a67-bba7-9be7c9dc16a2,31,0.8611111111111112,36,0.0,0.6,0.6
875348dc-aca6-424b-8e7f-7f393d77c322,16,0.35555555555555557,45,0.875,0.41379310344827586,-0.46120689655172414
8759f832-2a7c-452e-ba33-499b6d1cbcc2,23,0.46,50,1.0,0.25,-0.75
8759f832-2a7c-452e-ba33-499b6d1cbcc2,27,0.54,50,0.25,0.782608695652174,0.532608695652174
877dd156-2ea6-4af6-8ecb-99841401f670,29,0.6444444444444445,45,0.8620689655172413,0.375,-0.4870689655172413
878ed2bb-6ab8-4d3e-98c2-0b150b7fe36c,39,0.78,50,0.8717948717948718,0.2727272727272727,-0.5990675990675991
879fbe47-6daf-4a35-b381-a268369bb2fd,10,0.2222222222222222,45,0.9,0.25,-0.65
879fbe47-6daf-4a35-b381-a268369bb2fd,14,0.3111111111111111,45,0.25,0.9354838709677419,0.6854838709677419
87a7fdaf-30bf-49d5-aa6d-ecfed0cfa6f6,8,0.2222222222222222,36,1.0,0.5357142857142857,-0.4642857142857143
87a8e98b-96b2-41bf-ad71-7b0357e2ea4d,22,0.4782608695652174,46,0.7727272727272727,0.0,-0.7727272727272727
87a8e98b-96b2-41bf-ad71-7b0357e2ea4d,25,0.5434782608695652,46,0.0,0.8461538461538461,0.8461538461538461
87a8e98b-96b2-41bf-ad71-7b0357e2ea4d,38,0.8260869565217391,46,0.8461538461538461,0.375,-0.47115384615384615
87f17e8c-b12a-4b84-af99-36bf6cdb3fae,4,0.1,40,1.0,0.34782608695652173,-0.6521739130434783
87f17e8c-b12a-4b84-af99-36bf6cdb3fae,27,0.675,40,0.34782608695652173,0.8888888888888888,0.5410628019323671
87f17e8c-b12a-4b84-af99-36bf6cdb3fae,36,0.9,40,0.8888888888888888,0.25,-0.6388888888888888
8821d520-d943-452b-ad21-6ca4f491cb1b,20,0.4444444444444444,45,0.95,0.56,-0.3899999999999999
882b21e6-5838-44cd-9228-f901533805e3,3,0.06521739130434782,46,0.3333333333333333,0.9534883720930233,0.6201550387596899
8836405f-4687-4a19-abb7-1b0eae6b55e6,6,0.15,40,0.3333333333333333,1.0,0.6666666666666667
8836405f-4687-4a19-abb7-1b0eae6b55e6,11,0.275,40,1.0,0.2,-0.8
8836405f-4687-4a19-abb7-1b0eae6b55e6,16,0.4,40,0.2,1.0,0.8
8836405f-4687-4a19-abb7-1b0eae6b55e6,19,0.475,40,1.0,0.19047619047619047,-0.8095238095238095
88400c93-dcd0-48ff-960e-f4d2ebb9b693,16,0.4444444444444444,36,1.0,0.4,-0.6
88400c93-dcd0-48ff-960e-f4d2ebb9b693,21,0.5833333333333334,36,0.4,1.0,0.6
8855a3fb-13c2-4f8a-96f6-1b530c202fa3,14,0.3888888888888889,36,0.7142857142857143,0.2727272727272727,-0.4415584415584416
8855a3fb-13c2-4f8a-96f6-1b530c202fa3,25,0.6944444444444444,36,0.2727272727272727,0.8181818181818182,0.5454545454545455
885aa7f2-2708-49b1-a5b1-c1b82fa9acae,14,0.3111111111111111,45,0.5714285714285714,0.2631578947368421,-0.3082706766917293
885aa7f2-2708-49b1-a5b1-c1b82fa9acae,33,0.7333333333333333,45,0.2631578947368421,1.0,0.736842105263158
885aa7f2-2708-49b1-a5b1-c1b82fa9acae,42,0.9333333333333333,45,1.0,0.3333333333333333,-0.6666666666666667
88638198-a58e-4256-992d-9184e7acbf5a,8,0.4444444444444444,18,1.0,0.4,-0.6
887f6923-454f-4a11-80f7-b3ef29cca006,14,0.7777777777777778,18,0.9285714285714286,0.5,-0.4285714285714286
889ab1fd-e20c-4861-a81c-a529ae778f36,10,0.2564102564102564,39,0.9,0.1,-0.8
889ab1fd-e20c-4861-a81c-a529ae778f36,20,0.5128205128205128,39,0.1,1.0,0.9
889ab1fd-e20c-4861-a81c-a529ae778f36,23,0.5897435897435898,39,1.0,0.3125,-0.6875
88b0a5bb-add4-4472-8818-981d56e2fd40,11,0.6470588235294118,17,0.18181818181818182,1.0,0.8181818181818181
88b0a5bb-add4-4472-8818-981d56e2fd40,14,0.8235294117647058,17,1.0,0.3333333333333333,-0.6666666666666667
88bf5a5e-9477-45e1-bf85-1c678706a2ea,19,0.475,40,0.9473684210526315,0.0,-0.9473684210526315
88bf5a5e-9477-45e1-bf85-1c678706a2ea,22,0.55,40,0.0,0.7777777777777778,0.7777777777777778
88d0e97b-5dfb-4a61-910b-dd39ce3bbb64,3,0.10714285714285714,28,0.6666666666666666,0.0,-0.6666666666666666
88d0e97b-5dfb-4a61-910b-dd39ce3bbb64,6,0.21428571428571427,28,0.0,0.7272727272727273,0.7272727272727273
88d15b9d-4925-4c34-9588-69058b3286e5,10,0.3448275862068966,29,0.7,0.0,-0.7
88d15b9d-4925-4c34-9588-69058b3286e5,13,0.4482758620689655,29,0.0,1.0,1.0
88d15b9d-4925-4c34-9588-69058b3286e5,18,0.6206896551724138,29,1.0,0.2,-0.8
88d15b9d-4925-4c34-9588-69058b3286e5,23,0.7931034482758621,29,0.2,0.8333333333333334,0.6333333333333333
88dbb040-e021-47a2-9cfd-3d82b493ffdb,3,0.06,50,1.0,0.2727272727272727,-0.7272727272727273
88dbb040-e021-47a2-9cfd-3d82b493ffdb,14,0.28,50,0.2727272727272727,0.8333333333333334,0.5606060606060607
88dbb040-e021-47a2-9cfd-3d82b493ffdb,20,0.4,50,0.8333333333333334,0.26666666666666666,-0.5666666666666667
88e72cd2-27ee-48fe-9948-aa198c93bcce,39,0.9285714285714286,42,0.9487179487179487,0.3333333333333333,-0.6153846153846154
890a78ac-3d51-4ee7-bf16-a8d9593633e2,41,0.82,50,0.8292682926829268,0.4444444444444444,-0.38482384823848237
890e9401-5954-4f0d-a7fb-9f7225ad2c25,31,0.6888888888888889,45,0.9354838709677419,0.2,-0.7354838709677418
890e9401-5954-4f0d-a7fb-9f7225ad2c25,36,0.8,45,0.2,1.0,0.8
890e9401-5954-4f0d-a7fb-9f7225ad2c25,42,0.9333333333333333,45,1.0,0.3333333333333333,-0.6666666666666667
8910c8d2-353a-42ec-bc76-5a4a1e4dc7ad,3,0.06521739130434782,46,0.6666666666666666,0.0,-0.6666666666666666
8910c8d2-353a-42ec-bc76-5a4a1e4dc7ad,9,0.1956521739130435,46,0.0,0.6206896551724138,0.6206896551724138
8910c8d2-353a-42ec-bc76-5a4a1e4dc7ad,38,0.8260869565217391,46,0.6206896551724138,0.25,-0.3706896551724138
89201126-3cfa-4942-a60b-1f7e30e6cc3a,3,0.10344827586206896,29,1.0,0.15384615384615385,-0.8461538461538461
8926c107-61b2-46de-a937-bc2321ab7a32,8,0.47058823529411764,17,0.0,0.6666666666666666,0.6666666666666666
8926c107-61b2-46de-a937-bc2321ab7a32,11,0.6470588235294118,17,0.6666666666666666,0.0,-0.6666666666666666
8934a339-e5d4-418e-95bd-04ec0da13fcb,14,0.35,40,0.8571428571428571,0.0,-0.8571428571428571
8934a339-e5d4-418e-95bd-04ec0da13fcb,18,0.45,40,0.0,1.0,1.0
8934a339-e5d4-418e-95bd-04ec0da13fcb,23,0.575,40,1.0,0.2727272727272727,-0.7272727272727273
8934a339-e5d4-418e-95bd-04ec0da13fcb,34,0.85,40,0.2727272727272727,1.0,0.7272727272727273
8934a339-e5d4-418e-95bd-04ec0da13fcb,37,0.925,40,1.0,0.0,-1.0
8938e0c3-ae57-4c97-bd7d-b7404c4b4264,13,0.5652173913043478,23,0.7692307692307693,0.0,-0.7692307692307693
8938e0c3-ae57-4c97-bd7d-b7404c4b4264,16,0.6956521739130435,23,0.0,0.8571428571428571,0.8571428571428571
8943acb4-0c76-4755-8d65-62bfa390b602,13,0.325,40,0.9230769230769231,0.3076923076923077,-0.6153846153846154
8943acb4-0c76-4755-8d65-62bfa390b602,26,0.65,40,0.3076923076923077,1.0,0.6923076923076923
8943acb4-0c76-4755-8d65-62bfa390b602,29,0.725,40,1.0,0.18181818181818182,-0.8181818181818181
895ea368-af7c-46ba-9483-7d7be7880f96,15,0.375,40,0.8,0.48,-0.32000000000000006
89655a5a-ff46-4e43-94f2-aa3d4297f278,26,0.65,40,0.9615384615384616,0.5,-0.46153846153846156
89a96aac-0ab4-49dc-903d-4834fab0e49f,14,0.35,40,1.0,0.25,-0.75
89a96aac-0ab4-49dc-903d-4834fab0e49f,18,0.45,40,0.25,0.8636363636363636,0.6136363636363636
89ab92bd-5816-4b05-b8c4-ab4709cf5598,36,0.72,50,0.7777777777777778,0.0,-0.7777777777777778
89ab92bd-5816-4b05-b8c4-ab4709cf5598,39,0.78,50,0.0,0.6363636363636364,0.6363636363636364
89bfcec3-dc5c-4ba8-9f3b-e54f704ec6dd,16,0.42105263157894735,38,0.9375,0.4,-0.5375
89bfcec3-dc5c-4ba8-9f3b-e54f704ec6dd,26,0.6842105263157895,38,0.4,0.9166666666666666,0.5166666666666666
89c70d8c-f07f-4407-b514-7a487924d707,14,0.7777777777777778,18,0.7857142857142857,0.25,-0.5357142857142857
89c918e2-f7fd-4792-8743-0cd02ea55f1c,7,0.3181818181818182,22,1.0,0.14285714285714285,-0.8571428571428572
89c918e2-f7fd-4792-8743-0cd02ea55f1c,14,0.6363636363636364,22,0.14285714285714285,1.0,0.8571428571428572
89c918e2-f7fd-4792-8743-0cd02ea55f1c,18,0.8181818181818182,22,1.0,0.0,-1.0
89d0b58f-2f4a-4413-a466-f86c59265036,12,0.3333333333333333,36,0.8333333333333334,0.2857142857142857,-0.5476190476190477
89d0b58f-2f4a-4413-a466-f86c59265036,19,0.5277777777777778,36,0.2857142857142857,0.8235294117647058,0.5378151260504201
89ec9d0a-7f04-49bf-9048-958196b6e99e,18,0.45,40,0.8888888888888888,0.2,-0.6888888888888889
89ec9d0a-7f04-49bf-9048-958196b6e99e,28,0.7,40,0.2,0.8333333333333334,0.6333333333333333
8a067820-b6d7-485d-9f15-f918f4abbe12,47,0.94,50,0.7659574468085106,0.0,-0.7659574468085106
8a14e859-f68c-4c1b-9032-9a5eceb2b7db,22,0.5789473684210527,38,0.22727272727272727,1.0,0.7727272727272727
8a14e859-f68c-4c1b-9032-9a5eceb2b7db,25,0.6578947368421053,38,1.0,0.0,-1.0
8a14e859-f68c-4c1b-9032-9a5eceb2b7db,29,0.7631578947368421,38,0.0,0.8,0.8
8a14e859-f68c-4c1b-9032-9a5eceb2b7db,34,0.8947368421052632,38,0.8,0.0,-0.8
8a19d737-023d-48d2-9fb8-d0d0daa2036b,16,0.32,50,0.75,0.0,-0.75
8a19d737-023d-48d2-9fb8-d0d0daa2036b,20,0.4,50,0.0,0.7666666666666667,0.7666666666666667
8a2f89e6-006e-4edb-a033-e6cc98508856,31,0.8157894736842105,38,0.41935483870967744,0.8571428571428571,0.43778801843317966
8a38f781-0613-40a9-9af1-8f1ce499a341,18,0.8181818181818182,22,0.9444444444444444,0.5,-0.4444444444444444
8a41239e-502b-4566-bb8a-9754a34448d2,30,0.75,40,1.0,0.5,-0.5
8a61efe4-74a7-4eeb-aad3-16d327aab5aa,9,0.23684210526315788,38,0.1111111111111111,1.0,0.8888888888888888
8a61efe4-74a7-4eeb-aad3-16d327aab5aa,13,0.34210526315789475,38,1.0,0.16666666666666666,-0.8333333333333334
8a61efe4-74a7-4eeb-aad3-16d327aab5aa,31,0.8157894736842105,38,0.16666666666666666,1.0,0.8333333333333334
8a61efe4-74a7-4eeb-aad3-16d327aab5aa,35,0.9210526315789473,38,1.0,0.3333333333333333,-0.6666666666666667
8a7055dc-cf1a-4325-bcfe-3fa3fec70604,5,0.1724137931034483,29,0.6,0.0,-0.6
8a7055dc-cf1a-4325-bcfe-3fa3fec70604,8,0.27586206896551724,29,0.0,0.9090909090909091,0.9090909090909091
8a7055dc-cf1a-4325-bcfe-3fa3fec70604,19,0.6551724137931034,29,0.9090909090909091,0.1,-0.8090909090909091
8a948d44-0dd3-4490-8438-975c617a4367,24,0.5714285714285714,42,0.8333333333333334,0.0,-0.8333333333333334
8a948d44-0dd3-4490-8438-975c617a4367,29,0.6904761904761905,42,0.0,0.46153846153846156,0.46153846153846156
8aa86468-14f9-4910-8f6d-724575b55e01,10,0.43478260869565216,23,0.6,1.0,0.4
8aa86468-14f9-4910-8f6d-724575b55e01,16,0.6956521739130435,23,1.0,0.0,-1.0
8aa86468-14f9-4910-8f6d-724575b55e01,19,0.8260869565217391,23,0.0,1.0,1.0
8aabe751-a09e-4f25-815e-20ef3211fb37,9,0.5,18,0.8888888888888888,0.4444444444444444,-0.4444444444444444
8aafe2cc-672c-4237-ac95-eb15fee50fda,10,0.2,50,0.8,0.40540540540540543,-0.3945945945945946
8aafe2cc-672c-4237-ac95-eb15fee50fda,47,0.94,50,0.40540540540540543,1.0,0.5945945945945945
8ab47f14-751a-4233-b633-60f294e7ea91,43,0.86,50,0.7906976744186046,0.42857142857142855,-0.36212624584717606
8abf45db-7418-460b-9e1b-823e28d5d1b3,12,0.3,40,0.8333333333333334,0.0,-0.8333333333333334
8abf45db-7418-460b-9e1b-823e28d5d1b3,15,0.375,40,0.0,0.8,0.8
8ac2ced8-888b-43a3-b941-97e8b7bc531b,11,0.3055555555555556,36,0.7272727272727273,0.0,-0.7272727272727273
8ac2ced8-888b-43a3-b941-97e8b7bc531b,14,0.3888888888888889,36,0.0,1.0,1.0
8ac2ced8-888b-43a3-b941-97e8b7bc531b,17,0.4722222222222222,36,1.0,0.16666666666666666,-0.8333333333333334
8ac2ced8-888b-43a3-b941-97e8b7bc531b,23,0.6388888888888888,36,0.16666666666666666,1.0,0.8333333333333334
8ac2ced8-888b-43a3-b941-97e8b7bc531b,32,0.8888888888888888,36,1.0,0.25,-0.75
8ad0265e-de30-43cb-8cf6-35bf4c75d52b,9,0.25,36,0.7777777777777778,0.0,-0.7777777777777778
8ad0265e-de30-43cb-8cf6-35bf4c75d52b,13,0.3611111111111111,36,0.0,0.8461538461538461,0.8461538461538461
8ad0265e-de30-43cb-8cf6-35bf4c75d52b,26,0.7222222222222222,36,0.8461538461538461,0.25,-0.5961538461538461
8ad0265e-de30-43cb-8cf6-35bf4c75d52b,30,0.8333333333333334,36,0.25,1.0,0.75
8ad289c9-47b7-4598-b94a-10d5f682a2f6,36,0.782608695652174,46,0.7777777777777778,0.0,-0.7777777777777778
8ad289c9-47b7-4598-b94a-10d5f682a2f6,40,0.8695652173913043,46,0.0,1.0,1.0
8ae0477b-d658-4486-b3fe-146c591c66d0,33,0.7333333333333333,45,0.24242424242424243,0.8333333333333334,0.5909090909090909
8af629c6-6b9f-47b4-814a-684be7d1da40,10,0.5882352941176471,17,0.9,0.25,-0.65
8af629c6-6b9f-47b4-814a-684be7d1da40,14,0.8235294117647058,17,0.25,1.0,0.75
8b0051d0-a134-4375-8059-fe0b7c0b89b9,11,0.6470588235294118,17,0.8181818181818182,0.16666666666666666,-0.6515151515151516
8b04f2b5-ac03-4e42-9fa8-a6abd9924ff6,6,0.35294117647058826,17,0.16666666666666666,0.875,0.7083333333333334
8b04f2b5-ac03-4e42-9fa8-a6abd9924ff6,14,0.8235294117647058,17,0.875,0.3333333333333333,-0.5416666666666667
8b15fe73-826f-445e-a2f3-4a40bf16d771,7,0.3888888888888889,18,0.8571428571428571,0.45454545454545453,-0.40259740259740256
8b299eb7-5b68-46fb-bb9e-ea26b6b93574,24,0.48,50,0.2916666666666667,0.8181818181818182,0.5265151515151516
8b299eb7-5b68-46fb-bb9e-ea26b6b93574,46,0.92,50,0.8181818181818182,0.0,-0.8181818181818182
8b30b989-d4ec-4ac9-b87a-ce0576e50ca6,14,0.6086956521739131,23,0.9285714285714286,0.5555555555555556,-0.373015873015873
8b313118-fae8-412a-be2c-104001c0d01e,5,0.13157894736842105,38,1.0,0.14285714285714285,-0.8571428571428572
8b313118-fae8-412a-be2c-104001c0d01e,12,0.3157894736842105,38,0.14285714285714285,0.8076923076923077,0.6648351648351649
8b3cdc15-8f6b-4896-9dce-246540d74c71,5,0.21739130434782608,23,0.2,1.0,0.8
8b3cdc15-8f6b-4896-9dce-246540d74c71,8,0.34782608695652173,23,1.0,0.2,-0.8
8b4c1f27-b1aa-45f1-9c57-e5ba0f0478b0,25,0.625,40,0.92,0.3333333333333333,-0.5866666666666667
8b4c1f27-b1aa-45f1-9c57-e5ba0f0478b0,34,0.85,40,0.3333333333333333,0.8333333333333334,0.5
8b5787e7-a971-4411-b9e3-a2e65251e4ab,16,0.6666666666666666,24,0.6875,0.0,-0.6875
8b5787e7-a971-4411-b9e3-a2e65251e4ab,21,0.875,24,0.0,0.6666666666666666,0.6666666666666666
8b57ab4e-4197-4c23-849d-bf76aea0d863,3,0.16666666666666666,18,1.0,0.0,-1.0
8b57ab4e-4197-4c23-849d-bf76aea0d863,7,0.3888888888888889,18,0.0,0.45454545454545453,0.45454545454545453
8b615dd5-f296-4c82-b444-0efb9a5941df,15,0.5357142857142857,28,1.0,0.2,-0.8
8b615dd5-f296-4c82-b444-0efb9a5941df,20,0.7142857142857143,28,0.2,0.875,0.675
8b69c117-d958-4586-b462-99b95a776cfb,13,0.2708333333333333,48,0.9230769230769231,0.0,-0.9230769230769231
8b69c117-d958-4586-b462-99b95a776cfb,20,0.4166666666666667,48,0.0,0.42857142857142855,0.42857142857142855
8b796d45-4930-4086-804e-4771f5268e1c,6,0.35294117647058826,17,0.5,1.0,0.5
8b796d45-4930-4086-804e-4771f5268e1c,12,0.7058823529411765,17,1.0,0.4,-0.6
8b7f87de-1438-487b-af9a-030092f0afde,26,0.5909090909090909,44,0.15384615384615385,1.0,0.8461538461538461
8b7f87de-1438-487b-af9a-030092f0afde,31,0.7045454545454546,44,1.0,0.0,-1.0
8b7f87de-1438-487b-af9a-030092f0afde,37,0.8409090909090909,44,0.0,1.0,1.0
8b7f87de-1438-487b-af9a-030092f0afde,41,0.9318181818181818,44,1.0,0.3333333333333333,-0.6666666666666667
8b865fb7-d580-40fa-a324-4c5012ce11a9,15,0.8333333333333334,18,0.8666666666666667,0.3333333333333333,-0.5333333333333334
8b98ca4a-e644-4265-ba10-51ff6dad8409,8,0.2222222222222222,36,1.0,0.36363636363636365,-0.6363636363636364
8b98ca4a-e644-4265-ba10-51ff6dad8409,19,0.5277777777777778,36,0.36363636363636365,0.8235294117647058,0.4598930481283422
8b9c5e11-3fb7-49ea-af43-a36584de4389,17,0.7083333333333334,24,0.9411764705882353,0.0,-0.9411764705882353
8ba08cda-0ca2-4765-b8d8-aebe9d5127e0,9,0.1875,48,0.7777777777777778,0.18181818181818182,-0.595959595959596
8ba08cda-0ca2-4765-b8d8-aebe9d5127e0,20,0.4166666666666667,48,0.18181818181818182,0.8571428571428571,0.6753246753246753
8ba08cda-0ca2-4765-b8d8-aebe9d5127e0,34,0.7083333333333334,48,0.8571428571428571,0.2222222222222222,-0.6349206349206349
8ba08cda-0ca2-4765-b8d8-aebe9d5127e0,43,0.8958333333333334,48,0.2222222222222222,0.8,0.5777777777777778
8bb21f55-fc40-4ca4-9746-246da1bee374,33,0.9166666666666666,36,0.8484848484848485,0.3333333333333333,-0.5151515151515151
8bbff0a1-44cb-448b-b91e-24014fa4537d,13,0.4482758620689655,29,0.6923076923076923,0.3125,-0.3798076923076923
8bc2fb5e-b2f3-4902-b612-dc4b8a9e630d,3,0.13043478260869565,23,1.0,0.15,-0.85
8bd4afb0-1cf0-4858-ac32-cbc8c065d1c5,27,0.54,50,1.0,0.7391304347826086,-0.26086956521739135
8beddfd9-09c9-494d-b5d5-325bc65257f3,34,0.68,50,0.9117647058823529,0.0,-0.9117647058823529
8beddfd9-09c9-494d-b5d5-325bc65257f3,37,0.74,50,0.0,0.8461538461538461,0.8461538461538461
8c0e3c0e-d94b-4ada-aee5-3cf9b15137cb,41,0.82,50,0.9512195121951219,0.5555555555555556,-0.3956639566395663
8c2af389-acdb-48d0-9e68-cda566c0264e,14,0.4827586206896552,29,0.8571428571428571,0.13333333333333333,-0.7238095238095238
8c2c5c8b-efdb-43fc-9827-0034b0d607ea,12,0.3333333333333333,36,0.8333333333333334,0.25,-0.5833333333333334
8c2c5c8b-efdb-43fc-9827-0034b0d607ea,16,0.4444444444444444,36,0.25,1.0,0.75
8c2c5c8b-efdb-43fc-9827-0034b0d607ea,21,0.5833333333333334,36,1.0,0.25,-0.75
8c2c5c8b-efdb-43fc-9827-0034b0d607ea,25,0.6944444444444444,36,0.25,1.0,0.75
8c2e2b93-ecdb-4467-b554-9222e879c681,23,0.6388888888888888,36,0.8260869565217391,0.5384615384615384,-0.2876254180602007
8c44e8fa-b35d-4d73-92f8-9680a4df1463,3,0.17647058823529413,17,0.0,0.7142857142857143,0.7142857142857143
8c4d00a1-c50b-4d72-913d-79d4367ee5eb,4,0.16666666666666666,24,0.5,1.0,0.5
8c4fcbf8-3607-4872-a122-fc2204a8f424,18,0.782608695652174,23,1.0,0.6,-0.4
8c508dc1-6a12-465d-82ce-3f37e7daa436,25,0.625,40,0.88,0.5333333333333333,-0.3466666666666667
8c5a9b45-ab13-4a09-b60b-49a565e7c343,5,0.22727272727272727,22,1.0,0.47058823529411764,-0.5294117647058824
8c5d0c4b-18db-4176-8c9d-4a8c4c7fed5c,6,0.2727272727272727,22,0.5,0.08333333333333333,-0.4166666666666667
8c5d0c4b-18db-4176-8c9d-4a8c4c7fed5c,18,0.8181818181818182,22,0.08333333333333333,0.75,0.6666666666666666
8c5d4c39-b9c9-4d7a-b5c7-328fdcd936c5,3,0.17647058823529413,17,0.3333333333333333,0.9285714285714286,0.5952380952380953
8c604aab-b036-4c2c-8eb7-084270c53b29,7,0.30434782608695654,23,0.8571428571428571,0.38461538461538464,-0.47252747252747246
8c604aab-b036-4c2c-8eb7-084270c53b29,20,0.8695652173913043,23,0.38461538461538464,1.0,0.6153846153846154
8c7c0df4-4698-4de8-97ca-ee07ed7201b0,24,0.5217391304347826,46,0.625,0.0,-0.625
8c7c0df4-4698-4de8-97ca-ee07ed7201b0,29,0.6304347826086957,46,0.0,1.0,1.0
8c7c0df4-4698-4de8-97ca-ee07ed7201b0,32,0.6956521739130435,46,1.0,0.0,-1.0
8c7c0df4-4698-4de8-97ca-ee07ed7201b0,36,0.782608695652174,46,0.0,0.6,0.6
8c8df23e-4367-4add-8fb7-c8e0dea52b28,21,0.5,42,0.8095238095238095,0.2857142857142857,-0.5238095238095238
8c8df23e-4367-4add-8fb7-c8e0dea52b28,28,0.6666666666666666,42,0.2857142857142857,0.8181818181818182,0.5324675324675325
8c8df23e-4367-4add-8fb7-c8e0dea52b28,39,0.9285714285714286,42,0.8181818181818182,0.0,-0.8181818181818182
8c9101a4-5abc-412d-85b0-23ae9bb4e28a,5,0.10869565217391304,46,1.0,0.5161290322580645,-0.4838709677419355
8c9101a4-5abc-412d-85b0-23ae9bb4e28a,36,0.782608695652174,46,0.5161290322580645,0.2,-0.3161290322580645
8caa6df8-9ab7-486a-bd91-31468aba5c1c,11,0.3055555555555556,36,0.8181818181818182,0.0,-0.8181818181818182
8caa6df8-9ab7-486a-bd91-31468aba5c1c,14,0.3888888888888889,36,0.0,0.8888888888888888,0.8888888888888888
8caa6df8-9ab7-486a-bd91-31468aba5c1c,23,0.6388888888888888,36,0.8888888888888888,0.3333333333333333,-0.5555555555555556
8caa6df8-9ab7-486a-bd91-31468aba5c1c,32,0.8888888888888888,36,0.3333333333333333,1.0,0.6666666666666667
8cc499bb-1cf9-4827-9cd5-d469d91a03d3,5,0.29411764705882354,17,1.0,0.5833333333333334,-0.41666666666666663
8ccc936b-cefe-45fc-82cd-588fa80de578,21,0.4666666666666667,45,0.3333333333333333,0.0,-0.3333333333333333
8ccc936b-cefe-45fc-82cd-588fa80de578,33,0.7333333333333333,45,0.0,1.0,1.0
8ccc936b-cefe-45fc-82cd-588fa80de578,36,0.8,45,1.0,0.2222222222222222,-0.7777777777777778
8cdd3b00-0413-477d-9a71-69a8ba6d5774,5,0.1,50,1.0,0.16666666666666666,-0.8333333333333334
8cdd3b00-0413-477d-9a71-69a8ba6d5774,11,0.22,50,0.16666666666666666,0.6774193548387096,0.510752688172043
8cdd3b00-0413-477d-9a71-69a8ba6d5774,42,0.84,50,0.6774193548387096,0.0,-0.6774193548387096
8cf4f32b-e730-4881-94ce-3497318f3db6,4,0.18181818181818182,22,0.0,1.0,1.0
8cf4f32b-e730-4881-94ce-3497318f3db6,7,0.3181818181818182,22,1.0,0.13333333333333333,-0.8666666666666667
8cf8ab06-34da-474e-a914-5573bbb8b4aa,17,0.3695652173913043,46,0.6470588235294118,0.23529411764705882,-0.411764705882353
8cf8ab06-34da-474e-a914-5573bbb8b4aa,34,0.7391304347826086,46,0.23529411764705882,0.75,0.5147058823529411
8cff32e0-1e40-41bd-9d3b-24b247a4e3eb,5,0.2777777777777778,18,0.8,0.0,-0.8
8cff32e0-1e40-41bd-9d3b-24b247a4e3eb,8,0.4444444444444444,18,0.0,1.0,1.0
8cff32e0-1e40-41bd-9d3b-24b247a4e3eb,13,0.7222222222222222,18,1.0,0.2,-0.8
8d046008-d1d6-4753-a69c-b195c37f3bbc,8,0.16,50,0.875,0.5,-0.375
8d046008-d1d6-4753-a69c-b195c37f3bbc,28,0.56,50,0.5,1.0,0.5
8d046008-d1d6-4753-a69c-b195c37f3bbc,38,0.76,50,1.0,0.4166666666666667,-0.5833333333333333
8d11f33e-a6f6-4876-82d4-0396c415b964,6,0.3333333333333333,18,0.0,1.0,1.0
8d12900c-00c8-4cf3-8f08-a999fa95c951,4,0.23529411764705882,17,1.0,0.0,-1.0
8d12900c-00c8-4cf3-8f08-a999fa95c951,7,0.4117647058823529,17,0.0,1.0,1.0
8d12900c-00c8-4cf3-8f08-a999fa95c951,12,0.7058823529411765,17,1.0,0.4,-0.6
8d149a30-2b26-48ed-8042-151ee5551b91,22,0.44,50,0.8636363636363636,0.0,-0.8636363636363636
8d149a30-2b26-48ed-8042-151ee5551b91,25,0.5,50,0.0,0.6,0.6
8d436efd-10ce-4249-b368-3897a1b5e7fb,3,0.07894736842105263,38,1.0,0.14285714285714285,-0.8571428571428572
8d50e5c4-e70e-48c3-8617-97a6c21623f1,36,0.9230769230769231,39,0.8333333333333334,0.0,-0.8333333333333334
8d70edb0-6e95-4dd4-ad16-c0170610390f,3,0.16666666666666666,18,1.0,0.4666666666666667,-0.5333333333333333
8d71174e-3e50-46ce-a7be-6d324207c815,13,0.3611111111111111,36,1.0,0.6956521739130435,-0.30434782608695654
8da3c416-afde-4dfa-ac24-f5cddb5ae675,20,0.5,40,1.0,0.7,-0.30000000000000004
8dbbab07-859d-4277-9f14-c230abf8a830,41,0.82,50,0.9512195121951219,0.3333333333333333,-0.6178861788617886
8dbbab07-859d-4277-9f14-c230abf8a830,47,0.94,50,0.3333333333333333,1.0,0.6666666666666667
8dbfc1f1-d65a-4947-9361-4a943a5abedd,29,0.6904761904761905,42,0.2413793103448276,1.0,0.7586206896551724
8dbfc1f1-d65a-4947-9361-4a943a5abedd,32,0.7619047619047619,42,1.0,0.3,-0.7
8dd026c8-1cff-449e-bd2d-a93e6dc18603,3,0.06521739130434782,46,0.3333333333333333,0.9069767441860465,0.5736434108527131
8deaad7a-4c7e-4a64-8033-ac5e9cf553e8,18,0.782608695652174,23,1.0,0.4,-0.6
8deb615e-8484-4ac4-a510-89181cdcf58d,6,0.13333333333333333,45,1.0,0.3333333333333333,-0.6666666666666667
8deb615e-8484-4ac4-a510-89181cdcf58d,12,0.26666666666666666,45,0.3333333333333333,0.8181818181818182,0.4848484848484849
8dfb918d-7d6a-4451-9807-8e9dc423321c,3,0.125,24,1.0,0.2857142857142857,-0.7142857142857143
8dfb918d-7d6a-4451-9807-8e9dc423321c,10,0.4166666666666667,24,0.2857142857142857,1.0,0.7142857142857143
8dfb918d-7d6a-4451-9807-8e9dc423321c,14,0.5833333333333334,24,1.0,0.0,-1.0
8dfb918d-7d6a-4451-9807-8e9dc423321c,18,0.75,24,0.0,0.6666666666666666,0.6666666666666666
8e032303-5062-4db7-9915-c17479a4af2c,5,0.1111111111111111,45,1.0,0.0,-1.0
8e032303-5062-4db7-9915-c17479a4af2c,9,0.2,45,0.0,0.7777777777777778,0.7777777777777778
8e16e826-c338-4f64-9e49-db8ed54ad520,21,0.4666666666666667,45,0.5714285714285714,0.16666666666666666,-0.40476190476190477
8e16e826-c338-4f64-9e49-db8ed54ad520,27,0.6,45,0.16666666666666666,1.0,0.8333333333333334
8e16e826-c338-4f64-9e49-db8ed54ad520,32,0.7111111111111111,45,1.0,0.15384615384615385,-0.8461538461538461
8e21a6cf-30fb-43fe-9a6e-ab50a9e89af9,15,0.8333333333333334,18,1.0,0.3333333333333333,-0.6666666666666667
8e29b008-4a2a-4ea4-9ece-8620330d21be,20,0.8333333333333334,24,0.7,0.25,-0.44999999999999996
8e2a879e-c7c9-4a1a-8768-c254eed27c8b,18,0.391304347826087,46,1.0,0.17857142857142858,-0.8214285714285714
8e2d685a-0c8c-47a9-8b92-d8e376dc2577,11,0.4782608695652174,23,0.8181818181818182,0.3333333333333333,-0.4848484848484849
8e2e7b71-3bd5-41dc-b190-7d22932aba3c,8,0.47058823529411764,17,0.875,0.0,-0.875
8e2e7b71-3bd5-41dc-b190-7d22932aba3c,11,0.6470588235294118,17,0.0,1.0,1.0
8e2f4cde-e8c2-47d3-813f-24bc2ea323da,10,0.43478260869565216,23,0.9,0.0,-0.9
8e2f4cde-e8c2-47d3-813f-24bc2ea323da,13,0.5652173913043478,23,0.0,0.7,0.7
8e32ca4f-edb5-4d32-80ea-4069738cfa8c,3,0.125,24,0.0,0.8888888888888888,0.8888888888888888
8e32ca4f-edb5-4d32-80ea-4069738cfa8c,21,0.875,24,0.8888888888888888,0.0,-0.8888888888888888
8e380da0-38ee-4132-9fd7-c77e46d8fea4,9,0.5,18,1.0,0.3333333333333333,-0.6666666666666667
8e380da0-38ee-4132-9fd7-c77e46d8fea4,12,0.6666666666666666,18,0.3333333333333333,1.0,0.6666666666666667
8e3fe6f0-40d3-43b9-9687-7c2cdb9a1a0e,5,0.1111111111111111,45,0.8,0.0,-0.8
8e3fe6f0-40d3-43b9-9687-7c2cdb9a1a0e,8,0.17777777777777778,45,0.0,0.9411764705882353,0.9411764705882353
8e3fe6f0-40d3-43b9-9687-7c2cdb9a1a0e,25,0.5555555555555556,45,0.9411764705882353,0.2,-0.7411764705882353
8e5b139a-58c6-4d3e-b4dc-6b8173d66c73,11,0.3793103448275862,29,0.36363636363636365,1.0,0.6363636363636364
8e5b139a-58c6-4d3e-b4dc-6b8173d66c73,14,0.4827586206896552,29,1.0,0.2,-0.8
8e681c7c-59c0-4a6c-8d82-dcb5d819df6b,7,0.30434782608695654,23,1.0,0.4375,-0.5625
8e71ca7e-4923-4500-b4b0-201776bfc598,18,0.6428571428571429,28,0.5555555555555556,0.0,-0.5555555555555556
8e71ca7e-4923-4500-b4b0-201776bfc598,22,0.7857142857142857,28,0.0,0.8333333333333334,0.8333333333333334
8e8fda72-e576-49d5-870c-8c33ea0dd125,11,0.3055555555555556,36,0.8181818181818182,0.0,-0.8181818181818182
8e8fda72-e576-49d5-870c-8c33ea0dd125,15,0.4166666666666667,36,0.0,0.8235294117647058,0.8235294117647058
8e8fda72-e576-49d5-870c-8c33ea0dd125,32,0.8888888888888888,36,0.8235294117647058,0.25,-0.5735294117647058
8ea77735-3485-465d-90bd-c33ccf1618ce,15,0.5357142857142857,28,0.6666666666666666,0.23076923076923078,-0.43589743589743585
8eb1f743-1859-4901-a487-b9a2024a52a2,9,0.25,36,0.4444444444444444,1.0,0.5555555555555556
8eb1f743-1859-4901-a487-b9a2024a52a2,18,0.5,36,1.0,0.375,-0.625
8eb1f743-1859-4901-a487-b9a2024a52a2,26,0.7222222222222222,36,0.375,0.9,0.525
8ec25312-efa2-49e5-8b81-26323faf9442,30,0.6,50,0.6666666666666666,0.1,-0.5666666666666667
8ed8c307-61ec-4fc4-8487-2426c7a2099d,7,0.2413793103448276,29,1.0,0.6153846153846154,-0.3846153846153846
8ed8c307-61ec-4fc4-8487-2426c7a2099d,20,0.6896551724137931,29,0.6153846153846154,0.0,-0.6153846153846154
8ed8c307-61ec-4fc4-8487-2426c7a2099d,23,0.7931034482758621,29,0.0,0.8333333333333334,0.8333333333333334
8ee1c92f-d160-47a8-b7fd-49389d4e1d78,12,0.5217391304347826,23,1.0,0.0,-1.0
8ee1c92f-d160-47a8-b7fd-49389d4e1d78,15,0.6521739130434783,23,0.0,1.0,1.0
8f0f72c1-79c0-4aa2-a048-ba73b7e5cb3e,13,0.7222222222222222,18,0.6153846153846154,0.2,-0.4153846153846154
8f15d7b3-ab2c-49ff-889a-498cd54071fd,24,0.6,40,0.875,0.4375,-0.4375
8f4b5776-e098-4cc6-ad14-1084556ac474,11,0.3055555555555556,36,1.0,0.0,-1.0
8f4b5776-e098-4cc6-ad14-1084556ac474,14,0.3888888888888889,36,0.0,0.8181818181818182,0.8181818181818182
8f5e1e86-67d3-4020-94b0-a478b19dd85f,3,0.17647058823529413,17,0.6666666666666666,0.0,-0.6666666666666666
8f5e1e86-67d3-4020-94b0-a478b19dd85f,6,0.35294117647058826,17,0.0,0.875,0.875
8f5e1e86-67d3-4020-94b0-a478b19dd85f,14,0.8235294117647058,17,0.875,0.3333333333333333,-0.5416666666666667
8f696fc1-e732-4c8b-bcc3-bd09c223d545,10,0.4166666666666667,24,0.3,0.6428571428571429,0.3428571428571429
8f6b863c-81d2-46bc-8f78-c833382fbc34,5,0.2777777777777778,18,0.6,0.1,-0.5
8f6b863c-81d2-46bc-8f78-c833382fbc34,15,0.8333333333333334,18,0.1,0.6666666666666666,0.5666666666666667
8f748804-08de-44a3-890e-327de200643c,11,0.3055555555555556,36,0.6363636363636364,0.0,-0.6363636363636364
8f748804-08de-44a3-890e-327de200643c,14,0.3888888888888889,36,0.0,0.8571428571428571,0.8571428571428571
8f748804-08de-44a3-890e-327de200643c,21,0.5833333333333334,36,0.8571428571428571,0.0,-0.8571428571428571
8f748804-08de-44a3-890e-327de200643c,24,0.6666666666666666,36,0.0,0.8333333333333334,0.8333333333333334
8f8109d6-32af-4660-92e4-0e88f1d1a57f,35,0.875,40,0.9142857142857143,0.4,-0.5142857142857142
8f8f2e82-6529-4b90-987c-2410503b6b65,12,0.26666666666666666,45,0.8333333333333334,0.0,-0.8333333333333334
8f8f2e82-6529-4b90-987c-2410503b6b65,15,0.3333333333333333,45,0.0,0.7777777777777778,0.7777777777777778
8f8f2e82-6529-4b90-987c-2410503b6b65,33,0.7333333333333333,45,0.7777777777777778,0.0,-0.7777777777777778
8f8f2e82-6529-4b90-987c-2410503b6b65,37,0.8222222222222222,45,0.0,0.625,0.625
8f94294c-bb6e-4c5a-ba64-bc0da2eb4c23,11,0.39285714285714285,28,1.0,0.4117647058823529,-0.5882352941176471
8fac93fa-3074-429d-97ea-583846585b54,7,0.3181818181818182,22,0.0,1.0,1.0
8fac93fa-3074-429d-97ea-583846585b54,10,0.45454545454545453,22,1.0,0.0,-1.0
8fac93fa-3074-429d-97ea-583846585b54,13,0.5909090909090909,22,0.0,0.5555555555555556,0.5555555555555556
8fc0ceeb-7598-475a-8f38-b60ea19b451f,6,0.13333333333333333,45,1.0,0.0,-1.0
8fc0ceeb-7598-475a-8f38-b60ea19b451f,9,0.2,45,0.0,0.7692307692307693,0.7692307692307693
8fc0ceeb-7598-475a-8f38-b60ea19b451f,22,0.4888888888888889,45,0.7692307692307693,0.25,-0.5192307692307693
8fc0ceeb-7598-475a-8f38-b60ea19b451f,30,0.6666666666666666,45,0.25,1.0,0.75
8fc0ceeb-7598-475a-8f38-b60ea19b451f,34,0.7555555555555555,45,1.0,0.0,-1.0
8fc0ceeb-7598-475a-8f38-b60ea19b451f,38,0.8444444444444444,45,0.0,1.0,1.0
8fe1525b-e6e3-4016-9851-d45932ec7652,7,0.25,28,1.0,0.23809523809523808,-0.7619047619047619
8feac80e-c713-4c14-97ca-e61a656685e5,33,0.9166666666666666,36,0.9696969696969697,0.3333333333333333,-0.6363636363636365
8fef98d6-5ac5-4542-a40d-18c1e7c15642,34,0.8095238095238095,42,0.8235294117647058,0.0,-0.8235294117647058
8fef98d6-5ac5-4542-a40d-18c1e7c15642,37,0.8809523809523809,42,0.0,0.8,0.8
900b60ef-1d9c-4570-8721-c31b52f79d89,7,0.3181818181818182,22,0.14285714285714285,1.0,0.8571428571428572
900b60ef-1d9c-4570-8721-c31b52f79d89,15,0.6818181818181818,22,1.0,0.2857142857142857,-0.7142857142857143
90146b90-d250-4cc0-9134-5ddaf4763b51,13,0.7647058823529411,17,0.7692307692307693,0.0,-0.7692307692307693
9016b0f0-20d8-4607-b03e-b135ff43b400,37,0.8043478260869565,46,0.8108108108108109,0.0,-0.8108108108108109
9016b0f0-20d8-4607-b03e-b135ff43b400,40,0.8695652173913043,46,0.0,1.0,1.0
901dafb0-df8c-4c70-a06d-a2a0aadec8a2,19,0.6551724137931034,29,0.7894736842105263,0.0,-0.7894736842105263
901dafb0-df8c-4c70-a06d-a2a0aadec8a2,23,0.7931034482758621,29,0.0,1.0,1.0
901dafb0-df8c-4c70-a06d-a2a0aadec8a2,26,0.896551724137931,29,1.0,0.0,-1.0
902c0d82-228f-48b4-8c5c-a2c9151f8d28,12,0.6666666666666666,18,0.9166666666666666,0.5,-0.41666666666666663
9053e4b3-5222-4bcd-b507-ce7eee7b4584,8,0.34782608695652173,23,0.875,0.0,-0.875
9053e4b3-5222-4bcd-b507-ce7eee7b4584,11,0.4782608695652174,23,0.0,0.75,0.75
9053e4b3-5222-4bcd-b507-ce7eee7b4584,15,0.6521739130434783,23,0.75,0.125,-0.625
906ab1ac-4d50-4531-b4e8-0b164976c6a4,6,0.2727272727272727,22,1.0,0.0,-1.0
906ab1ac-4d50-4531-b4e8-0b164976c6a4,9,0.4090909090909091,22,0.0,0.8461538461538461,0.8461538461538461
906d0a6e-9ed1-4271-8d9f-6807b0876b79,4,0.09090909090909091,44,0.25,1.0,0.75
906d0a6e-9ed1-4271-8d9f-6807b0876b79,19,0.4318181818181818,44,1.0,0.25,-0.75
906d0a6e-9ed1-4271-8d9f-6807b0876b79,23,0.5227272727272727,44,0.25,0.8095238095238095,0.5595238095238095
9075e96e-fd46-47a1-9d0f-9c797108c51f,3,0.125,24,1.0,0.4375,-0.5625
9075e96e-fd46-47a1-9d0f-9c797108c51f,19,0.7916666666666666,24,0.4375,1.0,0.5625
908612c7-c144-470f-8e80-959182fc057b,4,0.2222222222222222,18,0.75,0.16666666666666666,-0.5833333333333334
908612c7-c144-470f-8e80-959182fc057b,10,0.5555555555555556,18,0.16666666666666666,1.0,0.8333333333333334
908612c7-c144-470f-8e80-959182fc057b,14,0.7777777777777778,18,1.0,0.25,-0.75
9091fd64-6762-45f9-9a22-eb5cce764082,24,0.6,40,0.9166666666666666,0.5,-0.41666666666666663
909216c9-c0c9-4b51-8aa5-3c90901fdbc8,9,0.32142857142857145,28,0.3333333333333333,1.0,0.6666666666666667
909216c9-c0c9-4b51-8aa5-3c90901fdbc8,13,0.4642857142857143,28,1.0,0.26666666666666666,-0.7333333333333334
90ab06fd-0bea-4514-813b-f85b5d18b073,12,0.3333333333333333,36,1.0,0.14285714285714285,-0.8571428571428572
90ab06fd-0bea-4514-813b-f85b5d18b073,19,0.5277777777777778,36,0.14285714285714285,0.7647058823529411,0.6218487394957983
90b31192-bcd7-4e9f-9a37-06e73bb3237e,7,0.3888888888888889,18,0.5714285714285714,1.0,0.4285714285714286
90b31192-bcd7-4e9f-9a37-06e73bb3237e,15,0.8333333333333334,18,1.0,0.3333333333333333,-0.6666666666666667
90b56792-03db-4deb-8278-51664d70d15a,12,0.6666666666666666,18,0.8333333333333334,0.3333333333333333,-0.5
90b93748-aa10-47da-a7ba-37a41e09f3dc,18,0.782608695652174,23,1.0,0.6,-0.4
90c79c0f-8259-4a53-8254-6578d9144578,3,0.125,24,1.0,0.3333333333333333,-0.6666666666666667
90c79c0f-8259-4a53-8254-6578d9144578,15,0.625,24,0.3333333333333333,1.0,0.6666666666666667
90c79c0f-8259-4a53-8254-6578d9144578,18,0.75,24,1.0,0.16666666666666666,-0.8333333333333334
90cc812a-9636-43d3-8681-95df3bc39763,16,0.32,50,0.875,0.25,-0.625
90cc812a-9636-43d3-8681-95df3bc39763,20,0.4,50,0.25,0.9333333333333333,0.6833333333333333
90d6d1a2-afda-42ba-bdf3-949e06ab0299,20,0.5555555555555556,36,0.95,0.25,-0.7
90d6d1a2-afda-42ba-bdf3-949e06ab0299,24,0.6666666666666666,36,0.25,0.9166666666666666,0.6666666666666666
90d7352b-8200-4bde-8279-2ed57bbc296f,4,0.18181818181818182,22,1.0,0.0,-1.0
90d7352b-8200-4bde-8279-2ed57bbc296f,13,0.5909090909090909,22,0.0,0.4444444444444444,0.4444444444444444
90dfec3d-c544-45ff-884e-2085dc44f3ad,20,0.5,40,0.8,0.3,-0.5
90dfec3d-c544-45ff-884e-2085dc44f3ad,30,0.75,40,0.3,0.7,0.39999999999999997
910481fe-010e-45e8-9e36-fe3d96ec4f1a,5,0.29411764705882354,17,0.4,1.0,0.6
912d0122-52dd-4727-9992-3fd16131ce4d,40,0.8888888888888888,45,0.75,0.4,-0.35
9145f8bd-d290-40b2-9692-c97602f97172,9,0.5,18,0.6666666666666666,0.16666666666666666,-0.5
9145f8bd-d290-40b2-9692-c97602f97172,15,0.8333333333333334,18,0.16666666666666666,1.0,0.8333333333333334
914ffa29-d42e-4802-bc5e-6936ca9fe810,30,0.75,40,0.9666666666666667,0.0,-0.9666666666666667
914ffa29-d42e-4802-bc5e-6936ca9fe810,35,0.875,40,0.0,1.0,1.0
919c98fe-d9e8-4386-aefe-12b461bb6dc6,32,0.64,50,0.90625,0.0,-0.90625
919c98fe-d9e8-4386-aefe-12b461bb6dc6,35,0.7,50,0.0,0.8666666666666667,0.8666666666666667
91ac05c3-6019-40c5-a263-0b738109c3cf,16,0.32,50,0.875,0.29411764705882354,-0.5808823529411764
91b25b94-753b-4504-8621-7df93f313377,7,0.30434782608695654,23,1.0,0.1875,-0.8125
91b29701-f824-4ffa-a191-b5fad0b1df1d,4,0.23529411764705882,17,0.75,0.2,-0.55
91b29701-f824-4ffa-a191-b5fad0b1df1d,9,0.5294117647058824,17,0.2,1.0,0.8
91cdadc5-410a-4390-8740-e5e72d988d8f,17,0.4473684210526316,38,0.7647058823529411,0.0,-0.7647058823529411
91cdadc5-410a-4390-8740-e5e72d988d8f,21,0.5526315789473685,38,0.0,1.0,1.0
91cdadc5-410a-4390-8740-e5e72d988d8f,24,0.631578947368421,38,1.0,0.0,-1.0
91cdadc5-410a-4390-8740-e5e72d988d8f,27,0.7105263157894737,38,0.0,0.8181818181818182,0.8181818181818182
9210b4bd-05e7-456b-9e47-0a469ed0877c,8,0.17391304347826086,46,0.5,0.896551724137931,0.39655172413793105
9210b4bd-05e7-456b-9e47-0a469ed0877c,37,0.8043478260869565,46,0.896551724137931,0.0,-0.896551724137931
9210b4bd-05e7-456b-9e47-0a469ed0877c,40,0.8695652173913043,46,0.0,1.0,1.0
9229b432-b21a-4197-abfd-a9ee987345f1,28,0.6222222222222222,45,0.6428571428571429,0.29411764705882354,-0.34873949579831937
92332ff8-219a-4987-8f9b-c660a17ec1ed,4,0.23529411764705882,17,0.75,0.0,-0.75
92332ff8-219a-4987-8f9b-c660a17ec1ed,7,0.4117647058823529,17,0.0,0.7,0.7
9238800c-9798-4167-bebf-95d4e752b932,23,0.5111111111111111,45,0.9130434782608695,0.22727272727272727,-0.6857707509881422
927694d3-79a4-4a64-8d0d-187bce065c26,13,0.5416666666666666,24,1.0,0.6363636363636364,-0.36363636363636365
9279644a-ea11-403b-938d-90af866dbb52,28,0.7777777777777778,36,0.9642857142857143,0.625,-0.3392857142857143
927c2db7-4c19-4200-8e5b-067d9354516a,4,0.2222222222222222,18,1.0,0.25,-0.75
927c2db7-4c19-4200-8e5b-067d9354516a,8,0.4444444444444444,18,0.25,1.0,0.75
927c2db7-4c19-4200-8e5b-067d9354516a,12,0.6666666666666666,18,1.0,0.5,-0.5
927da6db-a81d-4749-a53c-558aed4dc705,16,0.34782608695652173,46,0.6875,0.0,-0.6875
927da6db-a81d-4749-a53c-558aed4dc705,19,0.41304347826086957,46,0.0,0.85,0.85
927da6db-a81d-4749-a53c-558aed4dc705,39,0.8478260869565217,46,0.85,0.0,-0.85
927da6db-a81d-4749-a53c-558aed4dc705,42,0.9130434782608695,46,0.0,1.0,1.0
92816bd1-794a-4c87-bfd1-2bdf04f369e5,5,0.13157894736842105,38,1.0,0.3333333333333333,-0.6666666666666667
92816bd1-794a-4c87-bfd1-2bdf04f369e5,11,0.2894736842105263,38,0.3333333333333333,1.0,0.6666666666666667
92816bd1-794a-4c87-bfd1-2bdf04f369e5,18,0.47368421052631576,38,1.0,0.45,-0.55
92936ee0-34d1-4e38-bf2b-569db8f7df22,5,0.1282051282051282,39,1.0,0.38461538461538464,-0.6153846153846154
92936ee0-34d1-4e38-bf2b-569db8f7df22,18,0.46153846153846156,39,0.38461538461538464,1.0,0.6153846153846154
92936ee0-34d1-4e38-bf2b-569db8f7df22,23,0.5897435897435898,39,1.0,0.2,-0.8
92936ee0-34d1-4e38-bf2b-569db8f7df22,28,0.717948717948718,39,0.2,1.0,0.8
92936ee0-34d1-4e38-bf2b-569db8f7df22,36,0.9230769230769231,39,1.0,0.3333333333333333,-0.6666666666666667
92a11958-3bd8-4fbb-84f5-9b017e3a4188,39,0.9285714285714286,42,0.8717948717948718,0.3333333333333333,-0.5384615384615385
92a4474d-570f-4b3a-89d7-6c865dcdbdb1,11,0.28205128205128205,39,0.9090909090909091,0.3333333333333333,-0.5757575757575757
92a4474d-570f-4b3a-89d7-6c865dcdbdb1,17,0.4358974358974359,39,0.3333333333333333,1.0,0.6666666666666667
92a4474d-570f-4b3a-89d7-6c865dcdbdb1,27,0.6923076923076923,39,1.0,0.5,-0.5
92abaf0e-4190-454c-a881-6ff277d16a2e,28,0.56,50,0.7142857142857143,0.0,-0.7142857142857143
92abaf0e-4190-454c-a881-6ff277d16a2e,31,0.62,50,0.0,0.7894736842105263,0.7894736842105263
92b1dfbc-a623-4a20-a0a1-eb6d54e46dcd,4,0.09523809523809523,42,0.75,0.2,-0.55
92b1dfbc-a623-4a20-a0a1-eb6d54e46dcd,14,0.3333333333333333,42,0.2,1.0,0.8
92b1dfbc-a623-4a20-a0a1-eb6d54e46dcd,17,0.40476190476190477,42,1.0,0.14285714285714285,-0.8571428571428572
92b1dfbc-a623-4a20-a0a1-eb6d54e46dcd,31,0.7380952380952381,42,0.14285714285714285,0.5454545454545454,0.40259740259740256
92b316e0-c755-46ea-a49b-0459a149a587,15,0.6521739130434783,23,0.8666666666666667,0.125,-0.7416666666666667
92d97155-4051-44d7-9b6f-87c653235cbc,5,0.2777777777777778,18,1.0,0.25,-0.75
92d97155-4051-44d7-9b6f-87c653235cbc,9,0.5,18,0.25,0.7777777777777778,0.5277777777777778
92ff6619-5fad-4dd8-ba8c-a21342bd0601,26,0.896551724137931,29,0.8846153846153846,0.3333333333333333,-0.5512820512820513
9308ede0-f691-40f0-ad23-0b85dd56e23a,13,0.7647058823529411,17,0.8461538461538461,0.0,-0.8461538461538461
930a54d3-1281-4469-a7c2-463defd2e950,33,0.9166666666666666,36,0.9393939393939394,0.3333333333333333,-0.6060606060606062
930d90e6-d7f7-485a-a96d-3739db314701,3,0.10344827586206896,29,0.3333333333333333,0.9230769230769231,0.5897435897435899
93149de7-1a69-4f31-a161-4d3784509af5,9,0.375,24,0.4444444444444444,0.8666666666666667,0.4222222222222223
932e1ab3-979d-4562-ac49-246c4dc6de12,6,0.25,24,0.8333333333333334,0.25,-0.5833333333333334
932e1ab3-979d-4562-ac49-246c4dc6de12,10,0.4166666666666667,24,0.25,1.0,0.75
932e1ab3-979d-4562-ac49-246c4dc6de12,16,0.6666666666666666,24,1.0,0.0,-1.0
932e1ab3-979d-4562-ac49-246c4dc6de12,20,0.8333333333333334,24,0.0,0.75,0.75
93778276-5bf3-4998-90b0-bc68e81755ff,34,0.7555555555555555,45,0.8823529411764706,0.3333333333333333,-0.5490196078431373
93778276-5bf3-4998-90b0-bc68e81755ff,40,0.8888888888888888,45,0.3333333333333333,1.0,0.6666666666666667
937ebccd-aa00-4e9e-9177-5563322f6d91,9,0.225,40,1.0,0.5,-0.5
937ebccd-aa00-4e9e-9177-5563322f6d91,19,0.475,40,0.5,0.9285714285714286,0.4285714285714286
937ebccd-aa00-4e9e-9177-5563322f6d91,33,0.825,40,0.9285714285714286,0.2857142857142857,-0.6428571428571429
938b587d-fd21-4b44-b7e0-5f7bf7d4a404,12,0.3333333333333333,36,1.0,0.42857142857142855,-0.5714285714285714
938b587d-fd21-4b44-b7e0-5f7bf7d4a404,19,0.5277777777777778,36,0.42857142857142855,1.0,0.5714285714285714
938b587d-fd21-4b44-b7e0-5f7bf7d4a404,28,0.7777777777777778,36,1.0,0.5,-0.5
93955238-9a78-4ba8-8399-f40f5686f737,5,0.29411764705882354,17,1.0,0.4,-0.6
93955238-9a78-4ba8-8399-f40f5686f737,10,0.5882352941176471,17,0.4,1.0,0.6
9395c28f-bdd5-429a-8db5-7fd3deaa9e6f,14,0.8235294117647058,17,0.7857142857142857,0.0,-0.7857142857142857
93bdca27-fc4f-4bc2-9d8a-ddb59c4a6982,21,0.5833333333333334,36,0.7142857142857143,0.0,-0.7142857142857143
93bdca27-fc4f-4bc2-9d8a-ddb59c4a6982,25,0.6944444444444444,36,0.0,0.6363636363636364,0.6363636363636364
93c0836c-0bfa-4ba3-8440-d844da578c20,14,0.6086956521739131,23,0.35714285714285715,1.0,0.6428571428571428
93c0836c-0bfa-4ba3-8440-d844da578c20,17,0.7391304347826086,23,1.0,0.0,-1.0
93c927da-4762-4da3-946a-2ab024628bd9,30,0.75,40,0.8,0.0,-0.8
93c927da-4762-4da3-946a-2ab024628bd9,35,0.875,40,0.0,0.8,0.8
93d627c5-40de-45da-aaad-65dd61880ed1,10,0.2777777777777778,36,0.8,0.0,-0.8
93d627c5-40de-45da-aaad-65dd61880ed1,14,0.3888888888888889,36,0.0,0.7272727272727273,0.7272727272727273
943d8a17-5003-407d-8c0c-c4fb0b14774e,31,0.6888888888888889,45,0.8709677419354839,0.25,-0.6209677419354839
943d8a17-5003-407d-8c0c-c4fb0b14774e,35,0.7777777777777778,45,0.25,1.0,0.75
943d8a17-5003-407d-8c0c-c4fb0b14774e,39,0.8666666666666667,45,1.0,0.16666666666666666,-0.8333333333333334
945de77a-b275-4b40-9998-6825cbf4f7cd,15,0.6521739130434783,23,0.4666666666666667,0.875,0.4083333333333333
94635356-a502-4331-b968-4cf7742daf06,4,0.2222222222222222,18,1.0,0.45454545454545453,-0.5454545454545454
94635356-a502-4331-b968-4cf7742daf06,15,0.8333333333333334,18,0.45454545454545453,1.0,0.5454545454545454
94652931-c605-408c-b642-3a9d44859432,44,0.88,50,0.6136363636363636,0.16666666666666666,-0.446969696969697
9470154e-b8b4-45b6-a57e-888925014b64,46,0.92,50,1.0,0.5,-0.5
94858e6c-84c1-4b6a-8a39-f1dfb32825a1,4,0.16666666666666666,24,0.5,0.95,0.44999999999999996
948768d5-3da6-4910-8f70-7c620d31c9b5,11,0.4782608695652174,23,0.45454545454545453,1.0,0.5454545454545454
948768d5-3da6-4910-8f70-7c620d31c9b5,20,0.8695652173913043,23,1.0,0.3333333333333333,-0.6666666666666667
949ce2d4-b43d-46db-8d34-da524c8a905e,27,0.675,40,0.9259259259259259,0.6153846153846154,-0.3105413105413105
94ab9aed-9cc4-489f-b815-f46a2ccfab6b,22,0.5238095238095238,42,0.8636363636363636,0.0,-0.8636363636363636
94ab9aed-9cc4-489f-b815-f46a2ccfab6b,25,0.5952380952380952,42,0.0,0.7058823529411765,0.7058823529411765
94adf7d9-8a06-42bb-9460-a57ddd0e0fae,33,0.825,40,0.9393939393939394,0.2857142857142857,-0.6536796536796537
94b74168-9163-47cd-b19b-38f85ff998d2,14,0.8235294117647058,17,1.0,0.3333333333333333,-0.6666666666666667
94c32304-afc0-4ade-8646-8c1cb63e54ad,10,0.3448275862068966,29,0.2,0.8571428571428571,0.657142857142857
94c32304-afc0-4ade-8646-8c1cb63e54ad,17,0.5862068965517241,29,0.8571428571428571,0.16666666666666666,-0.6904761904761905
94d88cf1-6295-4673-8410-b858a5c4eff6,16,0.42105263157894735,38,0.875,0.5,-0.375
94d88cf1-6295-4673-8410-b858a5c4eff6,34,0.8947368421052632,38,0.5,0.0,-0.5
94dc1a17-79ad-4da3-97a6-91d578ded684,3,0.17647058823529413,17,0.6666666666666666,0.0,-0.6666666666666666
94dc1a17-79ad-4da3-97a6-91d578ded684,6,0.35294117647058826,17,0.0,0.8571428571428571,0.8571428571428571
94dc1a17-79ad-4da3-97a6-91d578ded684,13,0.7647058823529411,17,0.8571428571428571,0.25,-0.6071428571428571
94ddd143-204d-4b67-8e43-2107c58f6a93,17,0.7083333333333334,24,1.0,0.14285714285714285,-0.8571428571428572
94f23539-8605-4fc5-b48d-c87cb956d2ed,11,0.4583333333333333,24,0.09090909090909091,0.8333333333333334,0.7424242424242424
94f23539-8605-4fc5-b48d-c87cb956d2ed,17,0.7083333333333334,24,0.8333333333333334,0.14285714285714285,-0.6904761904761905
952e2987-d595-4984-a561-26b0bef66a8c,7,0.15555555555555556,45,0.7142857142857143,0.0,-0.7142857142857143
952e2987-d595-4984-a561-26b0bef66a8c,12,0.26666666666666666,45,0.0,1.0,1.0
952e2987-d595-4984-a561-26b0bef66a8c,15,0.3333333333333333,45,1.0,0.13333333333333333,-0.8666666666666667
952e2987-d595-4984-a561-26b0bef66a8c,30,0.6666666666666666,45,0.13333333333333333,1.0,0.8666666666666667
952e2987-d595-4984-a561-26b0bef66a8c,34,0.7555555555555555,45,1.0,0.36363636363636365,-0.6363636363636364
953cca3d-f83f-47d2-a2b8-316786b7cbe6,26,0.5777777777777777,45,0.8846153846153846,0.0,-0.8846153846153846
953cca3d-f83f-47d2-a2b8-316786b7cbe6,29,0.6444444444444445,45,0.0,1.0,1.0
953cca3d-f83f-47d2-a2b8-316786b7cbe6,34,0.7555555555555555,45,1.0,0.45454545454545453,-0.5454545454545454
95634987-630f-4cb5-95b3-c12a00c2f14a,44,0.88,50,1.0,0.3333333333333333,-0.6666666666666667
9564f552-c0a0-420c-ad37-a6040a4d0f84,18,0.5,36,0.8333333333333334,0.0,-0.8333333333333334
9564f552-c0a0-420c-ad37-a6040a4d0f84,25,0.6944444444444444,36,0.0,0.7272727272727273,0.7272727272727273
956bfccb-515a-4e60-8360-9e799f10e34b,18,0.8181818181818182,22,0.8888888888888888,0.0,-0.8888888888888888
957404d0-cc63-40d1-ba6f-f9f2bcc8dd06,15,0.5357142857142857,28,0.9333333333333333,0.0,-0.9333333333333333
957404d0-cc63-40d1-ba6f-f9f2bcc8dd06,24,0.8571428571428571,28,0.0,1.0,1.0
9598aa1d-627f-4f3e-ba26-2e608c82dec8,11,0.3793103448275862,29,0.8181818181818182,0.0,-0.8181818181818182
9598aa1d-627f-4f3e-ba26-2e608c82dec8,14,0.4827586206896552,29,0.0,0.8666666666666667,0.8666666666666667
95995faa-7f40-439b-bedf-96b2f426014a,19,0.4523809523809524,42,0.7368421052631579,0.0,-0.7368421052631579
95995faa-7f40-439b-bedf-96b2f426014a,22,0.5238095238095238,42,0.0,1.0,1.0
95995faa-7f40-439b-bedf-96b2f426014a,26,0.6190476190476191,42,1.0,0.0,-1.0
95995faa-7f40-439b-bedf-96b2f426014a,29,0.6904761904761905,42,0.0,1.0,1.0
95995faa-7f40-439b-bedf-96b2f426014a,32,0.7619047619047619,42,1.0,0.0,-1.0
95995faa-7f40-439b-bedf-96b2f426014a,39,0.9285714285714286,42,0.0,0.6666666666666666,0.6666666666666666
95b13b4d-5ecd-44bc-8f3b-c0de4b0444ab,18,0.45,40,0.2222222222222222,1.0,0.7777777777777778
95b13b4d-5ecd-44bc-8f3b-c0de4b0444ab,21,0.525,40,1.0,0.0,-1.0
95b13b4d-5ecd-44bc-8f3b-c0de4b0444ab,24,0.6,40,0.0,0.9375,0.9375
95bcd0e4-86b8-443d-93d1-1441e6c55ea5,3,0.17647058823529413,17,1.0,0.25,-0.75
95bcd0e4-86b8-443d-93d1-1441e6c55ea5,11,0.6470588235294118,17,0.25,1.0,0.75
95d8e901-880f-4c2b-9470-9e0520b2354e,3,0.17647058823529413,17,0.6666666666666666,0.07142857142857142,-0.5952380952380952
960a0e04-5d50-4abd-96dc-630dfdd161c7,8,0.34782608695652173,23,0.875,0.2,-0.675
962843f2-eb48-490d-94a2-16b3dca3667e,4,0.2222222222222222,18,1.0,0.25,-0.75
962843f2-eb48-490d-94a2-16b3dca3667e,8,0.4444444444444444,18,0.25,0.9,0.65
963c057c-2055-4ca9-b580-6343ce1622dc,23,0.46,50,0.9565217391304348,0.7037037037037037,-0.2528180354267311
96401a95-3b11-4972-bdcd-b71e29bd80e6,9,0.5294117647058824,17,0.8888888888888888,0.375,-0.5138888888888888
964f530a-3560-4694-adae-ade5f66b1198,3,0.07142857142857142,42,0.3333333333333333,0.9487179487179487,0.6153846153846154
96553b5d-864d-401e-887b-5ae93f9d05b6,10,0.25,40,0.9,0.3333333333333333,-0.5666666666666667
96553b5d-864d-401e-887b-5ae93f9d05b6,16,0.4,40,0.3333333333333333,1.0,0.6666666666666667
96553b5d-864d-401e-887b-5ae93f9d05b6,21,0.525,40,1.0,0.0,-1.0
96553b5d-864d-401e-887b-5ae93f9d05b6,24,0.6,40,0.0,1.0,1.0
96553b5d-864d-401e-887b-5ae93f9d05b6,27,0.675,40,1.0,0.2,-0.8
96553b5d-864d-401e-887b-5ae93f9d05b6,37,0.925,40,0.2,1.0,0.8
96755eb2-fcf8-48cd-b0d7-fb023b4d9c37,23,0.575,40,0.782608695652174,0.0,-0.782608695652174
96755eb2-fcf8-48cd-b0d7-fb023b4d9c37,28,0.7,40,0.0,0.6666666666666666,0.6666666666666666
96755eb2-fcf8-48cd-b0d7-fb023b4d9c37,34,0.85,40,0.6666666666666666,0.0,-0.6666666666666666
9676d16d-43b8-4835-a130-75c39a77def9,19,0.5277777777777778,36,0.8947368421052632,0.0,-0.8947368421052632
9676d16d-43b8-4835-a130-75c39a77def9,24,0.6666666666666666,36,0.0,1.0,1.0
969986db-fc39-414f-b874-4880fc12fc07,15,0.3,50,0.9333333333333333,0.0,-0.9333333333333333
969986db-fc39-414f-b874-4880fc12fc07,19,0.38,50,0.0,0.6666666666666666,0.6666666666666666
969986db-fc39-414f-b874-4880fc12fc07,34,0.68,50,0.6666666666666666,0.0,-0.6666666666666666
969986db-fc39-414f-b874-4880fc12fc07,38,0.76,50,0.0,0.7142857142857143,0.7142857142857143
969986db-fc39-414f-b874-4880fc12fc07,45,0.9,50,0.7142857142857143,0.0,-0.7142857142857143
96ae98f1-bfa8-400e-82e8-8b5a39da1ca1,28,0.7777777777777778,36,0.9642857142857143,0.5,-0.4642857142857143
96b3e621-8b0a-4a6e-a45e-868c89da933b,20,0.4444444444444444,45,0.15,1.0,0.85
96b3e621-8b0a-4a6e-a45e-868c89da933b,23,0.5111111111111111,45,1.0,0.3181818181818182,-0.6818181818181819
96d845d2-0e1f-48db-8c65-7205a274e1a2,4,0.08,50,0.0,0.8666666666666667,0.8666666666666667
96d845d2-0e1f-48db-8c65-7205a274e1a2,19,0.38,50,0.8666666666666667,0.2,-0.6666666666666667
96d845d2-0e1f-48db-8c65-7205a274e1a2,24,0.48,50,0.2,0.8571428571428571,0.657142857142857
96d845d2-0e1f-48db-8c65-7205a274e1a2,31,0.62,50,0.8571428571428571,0.0,-0.8571428571428571
96d845d2-0e1f-48db-8c65-7205a274e1a2,35,0.7,50,0.0,0.6666666666666666,0.6666666666666666
96e0e904-40a4-4f12-be19-c5a6ece48376,3,0.06818181818181818,44,0.0,0.6388888888888888,0.6388888888888888
96e0e904-40a4-4f12-be19-c5a6ece48376,39,0.8863636363636364,44,0.6388888888888888,0.2,-0.43888888888888883
96f7f66d-700b-4fa8-8b66-b6665c3ac14a,23,0.46,50,0.9565217391304348,0.25,-0.7065217391304348
96f7f66d-700b-4fa8-8b66-b6665c3ac14a,27,0.54,50,0.25,0.9285714285714286,0.6785714285714286
96f7f66d-700b-4fa8-8b66-b6665c3ac14a,41,0.82,50,0.9285714285714286,0.5555555555555556,-0.373015873015873
97020226-33a2-4f35-853b-dc7c98e778e5,8,0.34782608695652173,23,0.875,0.26666666666666666,-0.6083333333333334
9710e9f4-bf44-4ef0-bfe7-2ddd2226a022,37,0.925,40,0.7297297297297297,0.0,-0.7297297297297297
9717f900-842f-4557-b61e-de04fb6233bd,19,0.38,50,0.8421052631578947,0.0,-0.8421052631578947
9717f900-842f-4557-b61e-de04fb6233bd,22,0.44,50,0.0,0.875,0.875
9717f900-842f-4557-b61e-de04fb6233bd,30,0.6,50,0.875,0.375,-0.5
9717f900-842f-4557-b61e-de04fb6233bd,46,0.92,50,0.375,1.0,0.625
971a2226-3161-49fd-887c-4f518ba5da4a,9,0.5294117647058824,17,0.3333333333333333,1.0,0.6666666666666667
971a2226-3161-49fd-887c-4f518ba5da4a,14,0.8235294117647058,17,1.0,0.0,-1.0
972521af-9677-42ad-8b4b-08547f5086c7,13,0.7222222222222222,18,0.9230769230769231,0.4,-0.5230769230769231
973197f0-ef6d-44fa-9f88-7e84734bd0a4,9,0.391304347826087,23,1.0,0.0,-1.0
973197f0-ef6d-44fa-9f88-7e84734bd0a4,13,0.5652173913043478,23,0.0,0.8571428571428571,0.8571428571428571
973197f0-ef6d-44fa-9f88-7e84734bd0a4,20,0.8695652173913043,23,0.8571428571428571,0.0,-0.8571428571428571
97415283-985a-438e-9e33-79df7807f5e2,18,0.47368421052631576,38,0.9444444444444444,0.55,-0.3944444444444444
9755b1ea-29ca-48d8-a64c-7842057b5103,14,0.35,40,0.7142857142857143,0.19230769230769232,-0.521978021978022
975a0f65-499c-45f1-af5d-759c56fb760e,3,0.17647058823529413,17,0.3333333333333333,0.9090909090909091,0.5757575757575757
975a0f65-499c-45f1-af5d-759c56fb760e,14,0.8235294117647058,17,0.9090909090909091,0.3333333333333333,-0.5757575757575757
9771f2bf-25c6-4125-b544-77c5a749c6c5,14,0.3888888888888889,36,0.7142857142857143,0.0,-0.7142857142857143
9771f2bf-25c6-4125-b544-77c5a749c6c5,18,0.5,36,0.0,0.7777777777777778,0.7777777777777778
9779b50c-3e92-4bc8-84aa-378dcec57581,14,0.7777777777777778,18,1.0,0.5,-0.5
977a6b01-1a58-4e30-9e21-9b8335b2276b,22,0.44,50,0.6363636363636364,0.18181818181818182,-0.45454545454545453
977a6b01-1a58-4e30-9e21-9b8335b2276b,33,0.66,50,0.18181818181818182,0.7058823529411765,0.5240641711229947
977e7566-6778-4240-8cc0-c6ebe81465bd,4,0.0975609756097561,41,1.0,0.0,-1.0
977e7566-6778-4240-8cc0-c6ebe81465bd,8,0.1951219512195122,41,0.0,0.75,0.75
977e7566-6778-4240-8cc0-c6ebe81465bd,20,0.4878048780487805,41,0.75,0.047619047619047616,-0.7023809523809523
9783b4f6-9193-47ce-bfff-e0e3c5070dbb,20,0.5263157894736842,38,1.0,0.375,-0.625
9783b4f6-9193-47ce-bfff-e0e3c5070dbb,28,0.7368421052631579,38,0.375,0.9,0.525
97ae51da-887c-4b34-8e9d-f668bbf740a0,13,0.5652173913043478,23,0.7692307692307693,0.0,-0.7692307692307693
97ae51da-887c-4b34-8e9d-f668bbf740a0,20,0.8695652173913043,23,0.0,0.6666666666666666,0.6666666666666666
97b17c95-f396-42a3-b1a2-2fea3c79a008,24,0.6,40,0.6666666666666666,0.0,-0.6666666666666666
97b17c95-f396-42a3-b1a2-2fea3c79a008,28,0.7,40,0.0,0.8333333333333334,0.8333333333333334
97c040b5-de5d-4b42-90e8-f723e351c26b,17,0.3695652173913043,46,0.8235294117647058,0.0,-0.8235294117647058
97c040b5-de5d-4b42-90e8-f723e351c26b,21,0.45652173913043476,46,0.0,0.875,0.875
97c040b5-de5d-4b42-90e8-f723e351c26b,37,0.8043478260869565,46,0.875,0.3333333333333333,-0.5416666666666667
97cc67bb-87a9-41f9-b7a6-af329d84402b,22,0.55,40,0.22727272727272727,0.7,0.47272727272727266
97cc67bb-87a9-41f9-b7a6-af329d84402b,32,0.8,40,0.7,0.0,-0.7
97ff22c7-6698-4428-bdc2-6266cb2b6bff,38,0.8444444444444444,45,0.9736842105263158,0.5714285714285714,-0.4022556390977444
98050c0b-f6b2-4283-a65e-f6dbd14cf203,13,0.7222222222222222,18,0.9230769230769231,0.2,-0.7230769230769232
98305f5f-6e92-4039-9c0e-e608c1e66635,3,0.075,40,1.0,0.0,-1.0
98305f5f-6e92-4039-9c0e-e608c1e66635,6,0.15,40,0.0,1.0,1.0
98305f5f-6e92-4039-9c0e-e608c1e66635,12,0.3,40,1.0,0.39285714285714285,-0.6071428571428572
98537a60-b5b8-4e12-9920-14144c52b1a8,42,0.9333333333333333,45,0.8809523809523809,0.3333333333333333,-0.5476190476190477
98626d3e-0ec9-4c30-8d20-eb323cbf415f,41,0.82,50,0.8048780487804879,0.2222222222222222,-0.5826558265582656
9862e059-8319-4de4-9d9b-1d2c10ef923e,20,0.43478260869565216,46,0.55,0.0,-0.55
9862e059-8319-4de4-9d9b-1d2c10ef923e,23,0.5,46,0.0,0.9130434782608695,0.9130434782608695
987f192d-3f20-4d0c-ba89-647d802477db,27,0.675,40,0.7037037037037037,0.15384615384615385,-0.5498575498575499
9883db1a-ccb2-4b50-85f9-b65dbed6ebdf,12,0.2608695652173913,46,0.6666666666666666,0.0,-0.6666666666666666
9883db1a-ccb2-4b50-85f9-b65dbed6ebdf,16,0.34782608695652173,46,0.0,0.8333333333333334,0.8333333333333334
9883db1a-ccb2-4b50-85f9-b65dbed6ebdf,22,0.4782608695652174,46,0.8333333333333334,0.0,-0.8333333333333334
9883db1a-ccb2-4b50-85f9-b65dbed6ebdf,26,0.5652173913043478,46,0.0,0.75,0.75
9883db1a-ccb2-4b50-85f9-b65dbed6ebdf,42,0.9130434782608695,46,0.75,0.25,-0.5
989207cd-fc31-4335-9db4-7d75c10322be,5,0.29411764705882354,17,1.0,0.0,-1.0
989207cd-fc31-4335-9db4-7d75c10322be,9,0.5294117647058824,17,0.0,1.0,1.0
989207cd-fc31-4335-9db4-7d75c10322be,12,0.7058823529411765,17,1.0,0.2,-0.8
9899e21b-1227-4fe7-a349-0ef8f4947c8c,3,0.06521739130434782,46,0.0,0.8125,0.8125
9899e21b-1227-4fe7-a349-0ef8f4947c8c,19,0.41304347826086957,46,0.8125,0.2857142857142857,-0.5267857142857143
9899e21b-1227-4fe7-a349-0ef8f4947c8c,26,0.5652173913043478,46,0.2857142857142857,1.0,0.7142857142857143
9899e21b-1227-4fe7-a349-0ef8f4947c8c,30,0.6521739130434783,46,1.0,0.0,-1.0
9899e21b-1227-4fe7-a349-0ef8f4947c8c,33,0.717391304347826,46,0.0,0.8333333333333334,0.8333333333333334
9899e21b-1227-4fe7-a349-0ef8f4947c8c,39,0.8478260869565217,46,0.8333333333333334,0.0,-0.8333333333333334
9899e21b-1227-4fe7-a349-0ef8f4947c8c,42,0.9130434782608695,46,0.0,1.0,1.0
98a20561-562e-482d-bba0-29ee617cf37f,3,0.10344827586206896,29,1.0,0.4230769230769231,-0.5769230769230769
98a2478a-77f0-4fd8-b367-cba1ec078279,4,0.23529411764705882,17,1.0,0.25,-0.75
98a2478a-77f0-4fd8-b367-cba1ec078279,8,0.47058823529411764,17,0.25,0.8888888888888888,0.6388888888888888
98b5f19a-3139-44a1-a928-4c7b34344f12,14,0.8235294117647058,17,0.6428571428571429,0.0,-0.6428571428571429
98ce15ea-d8c1-4e97-9bf9-9cc4ea5a83a9,27,0.675,40,0.0,0.5384615384615384,0.5384615384615384
98e31371-3f65-4e78-9a5b-ff7ba9509a7b,26,0.5777777777777777,45,0.9615384615384616,0.3333333333333333,-0.6282051282051282
98e31371-3f65-4e78-9a5b-ff7ba9509a7b,32,0.7111111111111111,45,0.3333333333333333,0.9230769230769231,0.5897435897435899
98e3797b-ee0d-4300-8b28-8650232f3a4b,33,0.7333333333333333,45,0.7272727272727273,0.16666666666666666,-0.5606060606060607
99031d83-ba1b-4144-92f4-419ad141fdc1,29,0.725,40,0.20689655172413793,1.0,0.7931034482758621
99089afd-6949-4a79-8dbb-33558b2aec1a,16,0.7272727272727273,22,0.375,0.0,-0.375
990ec4d4-5edb-4158-b4ee-41da589b0a7e,32,0.8421052631578947,38,0.5,1.0,0.5
99160c1e-36c4-47c3-b1f6-910a4da50cae,11,0.3055555555555556,36,1.0,0.0,-1.0
99160c1e-36c4-47c3-b1f6-910a4da50cae,14,0.3888888888888889,36,0.0,0.7727272727272727,0.7727272727272727
991a29ad-e892-4f19-8fe6-112cbdd1ec35,19,0.4222222222222222,45,0.8421052631578947,0.2,-0.6421052631578947
991a29ad-e892-4f19-8fe6-112cbdd1ec35,24,0.5333333333333333,45,0.2,1.0,0.8
991a29ad-e892-4f19-8fe6-112cbdd1ec35,29,0.6444444444444445,45,1.0,0.25,-0.75
991a29ad-e892-4f19-8fe6-112cbdd1ec35,37,0.8222222222222222,45,0.25,0.875,0.625
992f8f14-2249-4fe0-8deb-6f2cb1abc18c,3,0.08333333333333333,36,1.0,0.25,-0.75
992f8f14-2249-4fe0-8deb-6f2cb1abc18c,7,0.19444444444444445,36,0.25,1.0,0.75
992f8f14-2249-4fe0-8deb-6f2cb1abc18c,11,0.3055555555555556,36,1.0,0.0,-1.0
992f8f14-2249-4fe0-8deb-6f2cb1abc18c,14,0.3888888888888889,36,0.0,1.0,1.0
992f8f14-2249-4fe0-8deb-6f2cb1abc18c,21,0.5833333333333334,36,1.0,0.0,-1.0
992f8f14-2249-4fe0-8deb-6f2cb1abc18c,25,0.6944444444444444,36,0.0,0.8181818181818182,0.8181818181818182
9942f605-bcf2-4d2a-b415-fffd14c7b6c4,6,0.13043478260869565,46,0.3333333333333333,0.76,0.4266666666666667
9942f605-bcf2-4d2a-b415-fffd14c7b6c4,31,0.6739130434782609,46,0.76,0.2,-0.56
99464d93-d51d-428f-adf7-d1e81729b26d,3,0.075,40,1.0,0.0,-1.0
99464d93-d51d-428f-adf7-d1e81729b26d,6,0.15,40,0.0,1.0,1.0
99464d93-d51d-428f-adf7-d1e81729b26d,10,0.25,40,1.0,0.4,-0.6
9971db26-e419-43a0-8a7c-56d8d6b56690,36,0.9,40,0.9444444444444444,0.5,-0.4444444444444444
99933e45-8e22-4efb-9b4f-60561d2c848f,7,0.4117647058823529,17,1.0,0.0,-1.0
99933e45-8e22-4efb-9b4f-60561d2c848f,10,0.5882352941176471,17,0.0,0.8571428571428571,0.8571428571428571
9997c2d8-af74-4d28-9029-80f5743f8a99,10,0.25,40,0.5,1.0,0.5
9997c2d8-af74-4d28-9029-80f5743f8a99,17,0.425,40,1.0,0.17647058823529413,-0.8235294117647058
9997c2d8-af74-4d28-9029-80f5743f8a99,34,0.85,40,0.17647058823529413,0.8333333333333334,0.6568627450980392
99a8a149-1884-4c08-bef8-02497905b027,31,0.8611111111111112,36,0.7419354838709677,0.2,-0.5419354838709678
99ab68df-1471-4fe4-8d4c-57cd18682037,11,0.4782608695652174,23,1.0,0.5833333333333334,-0.41666666666666663
99b0aefe-9a05-4c4e-bafe-b73ee6a62ab7,5,0.2777777777777778,18,0.0,0.8461538461538461,0.8461538461538461
99b1977a-a1ee-4de1-9ee7-a661050df691,4,0.08888888888888889,45,1.0,0.0,-1.0
99b1977a-a1ee-4de1-9ee7-a661050df691,8,0.17777777777777778,45,0.0,0.875,0.875
99b1977a-a1ee-4de1-9ee7-a661050df691,24,0.5333333333333333,45,0.875,0.25,-0.625
99b1977a-a1ee-4de1-9ee7-a661050df691,28,0.6222222222222222,45,0.25,1.0,0.75
99b1977a-a1ee-4de1-9ee7-a661050df691,33,0.7333333333333333,45,1.0,0.375,-0.625
99b1977a-a1ee-4de1-9ee7-a661050df691,41,0.9111111111111111,45,0.375,1.0,0.625
99bf6ddc-0bab-4d2d-b737-5a00d0b4885c,9,0.5,18,1.0,0.4444444444444444,-0.5555555555555556
99c8c8d8-87dc-4150-adea-fe050f53f5b8,5,0.21739130434782608,23,0.0,0.75,0.75
99c8c8d8-87dc-4150-adea-fe050f53f5b8,9,0.391304347826087,23,0.75,0.14285714285714285,-0.6071428571428572
99cebacf-6502-46ae-b473-2a7cdde34af1,28,0.7777777777777778,36,0.9642857142857143,0.625,-0.3392857142857143
99d0002d-6bbd-4bf5-b4c0-e3287d15fd72,25,0.5208333333333334,48,0.88,0.34782608695652173,-0.5321739130434783
99f86f88-9530-4b7c-9fb2-dd426401642c,8,0.17777777777777778,45,0.75,0.16216216216216217,-0.5878378378378378
99f9f35d-ad95-4c9a-91bb-1183fc1ed1f8,44,0.88,50,1.0,0.16666666666666666,-0.8333333333333334
9a078bb3-1a75-4db1-ba6c-dad09369337d,17,0.7391304347826086,23,0.8235294117647058,0.16666666666666666,-0.6568627450980392
9a30aec0-5428-4b09-94be-b33b36e2ad4d,29,0.6444444444444445,45,0.8275862068965517,0.4375,-0.3900862068965517
9a38ee90-288a-4833-b939-015a3be3b0ae,6,0.25,24,1.0,0.25,-0.75
9a38ee90-288a-4833-b939-015a3be3b0ae,10,0.4166666666666667,24,0.25,1.0,0.75
9a38ee90-288a-4833-b939-015a3be3b0ae,16,0.6666666666666666,24,1.0,0.0,-1.0
9a38ee90-288a-4833-b939-015a3be3b0ae,19,0.7916666666666666,24,0.0,0.8,0.8
9a42829b-eeee-48c4-a501-3680119f6d42,3,0.125,24,1.0,0.23809523809523808,-0.7619047619047619
9a5c4700-dc8e-4b24-8436-68e149ed98d1,10,0.43478260869565216,23,0.8,0.0,-0.8
9a5c4700-dc8e-4b24-8436-68e149ed98d1,13,0.5652173913043478,23,0.0,1.0,1.0
9a5c4700-dc8e-4b24-8436-68e149ed98d1,16,0.6956521739130435,23,1.0,0.14285714285714285,-0.8571428571428572
9a6f192c-2d02-4f1e-aab5-a4796e3ec9ee,9,0.375,24,0.0,1.0,1.0
9a6f192c-2d02-4f1e-aab5-a4796e3ec9ee,13,0.5416666666666666,24,1.0,0.18181818181818182,-0.8181818181818181
9a7f1eda-ee4f-4191-916c-2258c5d2759e,5,0.22727272727272727,22,1.0,0.2,-0.8
9a7f1eda-ee4f-4191-916c-2258c5d2759e,10,0.45454545454545453,22,0.2,0.6666666666666666,0.4666666666666666
9a98d782-ef99-4bd1-87f3-a8a68276194a,24,0.6,40,1.0,0.5714285714285714,-0.4285714285714286
9a98d782-ef99-4bd1-87f3-a8a68276194a,31,0.775,40,0.5714285714285714,0.0,-0.5714285714285714
9a98d782-ef99-4bd1-87f3-a8a68276194a,36,0.9,40,0.0,1.0,1.0
9aa1012c-33d6-43ae-aa3b-aff71e9982b9,25,0.5555555555555556,45,0.84,0.0,-0.84
9aa1012c-33d6-43ae-aa3b-aff71e9982b9,28,0.6222222222222222,45,0.0,0.5882352941176471,0.5882352941176471
9aa5d276-3d71-47fb-a802-0074e0644287,4,0.08,50,0.0,0.9090909090909091,0.9090909090909091
9aa5d276-3d71-47fb-a802-0074e0644287,15,0.3,50,0.9090909090909091,0.08571428571428572,-0.8233766233766233
9abfd513-2f9b-4505-a936-8c132ee22f98,15,0.3333333333333333,45,0.8666666666666667,0.3,-0.5666666666666667
9ad3c112-053b-42cd-87ac-29c9cd4727a1,13,0.325,40,1.0,0.2857142857142857,-0.7142857142857143
9ad3c112-053b-42cd-87ac-29c9cd4727a1,20,0.5,40,0.2857142857142857,1.0,0.7142857142857143
9ad3c112-053b-42cd-87ac-29c9cd4727a1,25,0.625,40,1.0,0.0,-1.0
9ad3c112-053b-42cd-87ac-29c9cd4727a1,28,0.7,40,0.0,0.9166666666666666,0.9166666666666666
9ad9a719-c88c-426a-a40b-dfec990e5173,33,0.825,40,0.7878787878787878,0.2857142857142857,-0.5021645021645021
9ae18b31-428e-40dd-9ad7-ff55ccab08c5,23,0.5111111111111111,45,0.9130434782608695,0.2,-0.7130434782608694
9ae18b31-428e-40dd-9ad7-ff55ccab08c5,33,0.7333333333333333,45,0.2,0.6666666666666666,0.4666666666666666
9ae1e10b-14db-4372-a0e3-6d7dcc36cbc1,10,0.5555555555555556,18,0.5,1.0,0.5
9ae1e10b-14db-4372-a0e3-6d7dcc36cbc1,13,0.7222222222222222,18,1.0,0.2,-0.8
9ae40b68-30b0-44aa-ac5e-506d684c00c7,33,0.868421052631579,38,0.8484848484848485,0.4,-0.4484848484848485
9aec7ec6-667d-456d-bbe2-dff6ac6c0aa4,12,0.5217391304347826,23,0.5833333333333334,0.0,-0.5833333333333334
9aec7ec6-667d-456d-bbe2-dff6ac6c0aa4,15,0.6521739130434783,23,0.0,1.0,1.0
9aec7ec6-667d-456d-bbe2-dff6ac6c0aa4,18,0.782608695652174,23,1.0,0.0,-1.0
9af9d3fa-d9a0-4660-a564-62fab68f5154,13,0.7222222222222222,18,1.0,0.6,-0.4
9b075709-7798-4aba-98ef-ae4edd5a48da,8,0.34782608695652173,23,0.75,0.125,-0.625
9b075709-7798-4aba-98ef-ae4edd5a48da,16,0.6956521739130435,23,0.125,1.0,0.875
9b075709-7798-4aba-98ef-ae4edd5a48da,19,0.8260869565217391,23,1.0,0.25,-0.75
9b0cffda-0f41-4c65-b5e1-893eea552bbf,32,0.8421052631578947,38,0.53125,0.0,-0.53125
9b21e2a6-9420-474b-acf1-026f35640ac6,3,0.17647058823529413,17,0.6666666666666666,0.0,-0.6666666666666666
9b21e2a6-9420-474b-acf1-026f35640ac6,6,0.35294117647058826,17,0.0,0.8181818181818182,0.8181818181818182
9b393a8b-9642-453b-822d-538791614776,21,0.5833333333333334,36,0.7619047619047619,0.4,-0.36190476190476184
9b4d2f61-533e-49a3-b20f-3d53b5e830c7,4,0.18181818181818182,22,1.0,0.25,-0.75
9b4d2f61-533e-49a3-b20f-3d53b5e830c7,12,0.5454545454545454,22,0.25,0.9,0.65
9b4ec431-1a7d-417e-a0c6-a0baf3f5a6c7,16,0.42105263157894735,38,0.9375,0.25,-0.6875
9b4ec431-1a7d-417e-a0c6-a0baf3f5a6c7,20,0.5263157894736842,38,0.25,1.0,0.75
9b4ec431-1a7d-417e-a0c6-a0baf3f5a6c7,27,0.7105263157894737,38,1.0,0.45454545454545453,-0.5454545454545454
9b616981-19f3-40fd-9b99-0e378749bb3c,18,0.4090909090909091,44,0.7222222222222222,0.25,-0.4722222222222222
9b616981-19f3-40fd-9b99-0e378749bb3c,26,0.5909090909090909,44,0.25,1.0,0.75
9b616981-19f3-40fd-9b99-0e378749bb3c,32,0.7272727272727273,44,1.0,0.3333333333333333,-0.6666666666666667
9b667dea-b9ba-4d3d-97b9-3ddef819be5c,12,0.2608695652173913,46,0.75,0.2222222222222222,-0.5277777777777778
9b667dea-b9ba-4d3d-97b9-3ddef819be5c,21,0.45652173913043476,46,0.2222222222222222,1.0,0.7777777777777778
9b667dea-b9ba-4d3d-97b9-3ddef819be5c,24,0.5217391304347826,46,1.0,0.0,-1.0
9b667dea-b9ba-4d3d-97b9-3ddef819be5c,30,0.6521739130434783,46,0.0,1.0,1.0
9b667dea-b9ba-4d3d-97b9-3ddef819be5c,34,0.7391304347826086,46,1.0,0.3333333333333333,-0.6666666666666667
9b781f0a-5b67-4b9c-8455-960c2eb6db38,7,0.30434782608695654,23,0.5714285714285714,0.0,-0.5714285714285714
9b781f0a-5b67-4b9c-8455-960c2eb6db38,14,0.6086956521739131,23,0.0,0.6,0.6
9b781f0a-5b67-4b9c-8455-960c2eb6db38,19,0.8260869565217391,23,0.6,0.0,-0.6
9b7f2c9f-0465-4a5d-beaa-1799e811b755,36,0.782608695652174,46,0.9166666666666666,0.6,-0.31666666666666665
9b81123a-e9b0-460e-bda8-2f029eda1061,41,0.9318181818181818,44,0.6097560975609756,0.0,-0.6097560975609756
9b8ecf0d-4463-488a-8cc5-b458cd178ff3,12,0.2857142857142857,42,0.9166666666666666,0.16666666666666666,-0.75
9b9f8e23-5fa3-4397-8482-986203263d9c,42,0.9333333333333333,45,0.9761904761904762,0.3333333333333333,-0.6428571428571428
9ba73836-6454-4553-b55e-5600dc648e2e,27,0.75,36,0.9629629629629629,0.0,-0.9629629629629629
9ba73836-6454-4553-b55e-5600dc648e2e,30,0.8333333333333334,36,0.0,0.8333333333333334,0.8333333333333334
9bd1dc45-0f62-45ea-bfdc-7770f21f2708,7,0.3181818181818182,22,1.0,0.6,-0.4
9bdfaac4-dae2-44bb-8c1d-e6f3189905ef,35,0.7777777777777778,45,0.8571428571428571,0.3,-0.5571428571428572
9bfb3ad1-385d-4ee9-9cf5-c530bbf4b125,15,0.6521739130434783,23,0.7333333333333333,0.0,-0.7333333333333333
9bfb3ad1-385d-4ee9-9cf5-c530bbf4b125,19,0.8260869565217391,23,0.0,0.75,0.75
9c058cca-fab7-4009-8892-3ac612f7bbf2,20,0.5,40,1.0,0.2,-0.8
9c058cca-fab7-4009-8892-3ac612f7bbf2,25,0.625,40,0.2,0.8666666666666667,0.6666666666666667
9c079f01-e17e-4846-a5db-249b43e5f0b0,9,0.1956521739130435,46,0.7777777777777778,0.35135135135135137,-0.4264264264264264
9c1163d7-d9ab-41d8-9db6-073d0b4b2c61,4,0.2222222222222222,18,0.75,0.0,-0.75
9c1163d7-d9ab-41d8-9db6-073d0b4b2c61,8,0.4444444444444444,18,0.0,0.6,0.6
9c328cad-42aa-418d-be4f-f66b27d49427,3,0.17647058823529413,17,0.6666666666666666,0.0,-0.6666666666666666
9c328cad-42aa-418d-be4f-f66b27d49427,9,0.5294117647058824,17,0.0,0.875,0.875
9c35b6a5-2268-4cb5-ba6e-92b5a304db61,12,0.5454545454545454,22,0.25,1.0,0.75
9c35b6a5-2268-4cb5-ba6e-92b5a304db61,16,0.7272727272727273,22,1.0,0.0,-1.0
9c54aa2b-687a-411e-b353-96971ca15035,14,0.3888888888888889,36,0.6428571428571429,0.0,-0.6428571428571429
9c54aa2b-687a-411e-b353-96971ca15035,19,0.5277777777777778,36,0.0,0.8333333333333334,0.8333333333333334
9c54aa2b-687a-411e-b353-96971ca15035,25,0.6944444444444444,36,0.8333333333333334,0.18181818181818182,-0.6515151515151516
9c56f04a-3911-4efe-8e94-fd1a1ed05db9,41,0.82,50,0.8780487804878049,0.4444444444444444,-0.43360433604336046
9c63e368-4133-41a0-9d80-5f4624771d1d,9,0.2,45,1.0,0.0,-1.0
9c63e368-4133-41a0-9d80-5f4624771d1d,12,0.26666666666666666,45,0.0,0.9523809523809523,0.9523809523809523
9c63e368-4133-41a0-9d80-5f4624771d1d,33,0.7333333333333333,45,0.9523809523809523,0.0,-0.9523809523809523
9c63e368-4133-41a0-9d80-5f4624771d1d,39,0.8666666666666667,45,0.0,0.5,0.5
9c65ebdb-3c5f-41c9-817b-e7c044865cd1,6,0.15,40,1.0,0.3333333333333333,-0.6666666666666667
9c65ebdb-3c5f-41c9-817b-e7c044865cd1,33,0.825,40,0.3333333333333333,0.7142857142857143,0.380952380952381
9c67a129-f859-4e81-ae12-ed02b4ea4839,20,0.8333333333333334,24,1.0,0.0,-1.0
9c67fd56-c14a-4938-9628-920496e7ee59,17,0.3695652173913043,46,0.8235294117647058,0.0,-0.8235294117647058
9c67fd56-c14a-4938-9628-920496e7ee59,20,0.43478260869565216,46,0.0,0.7307692307692307,0.7307692307692307
9c6a32bd-638a-45f1-8940-8d251e684730,3,0.125,24,1.0,0.45454545454545453,-0.5454545454545454
9c6a32bd-638a-45f1-8940-8d251e684730,14,0.5833333333333334,24,0.45454545454545453,1.0,0.5454545454545454
9c6a32bd-638a-45f1-8940-8d251e684730,21,0.875,24,1.0,0.0,-1.0
9c7bcb97-a1c1-4f53-bb87-5557ccd3dc81,23,0.5609756097560976,41,0.8260869565217391,0.2857142857142857,-0.5403726708074534
9c7bcb97-a1c1-4f53-bb87-5557ccd3dc81,30,0.7317073170731707,41,0.2857142857142857,0.9090909090909091,0.6233766233766234
9c7ea5db-57bd-44f1-a670-0ac55fe44a1f,13,0.5416666666666666,24,0.9230769230769231,0.5454545454545454,-0.3776223776223777
9c912237-28c2-4709-95a3-d27221111853,7,0.2916666666666667,24,1.0,0.0,-1.0
9c912237-28c2-4709-95a3-d27221111853,11,0.4583333333333333,24,0.0,0.6923076923076923,0.6923076923076923
9c99debd-e110-4218-ba8a-220fd5cd4711,39,0.9285714285714286,42,0.8717948717948718,0.3333333333333333,-0.5384615384615385
9ca7a73a-2a2d-44b0-84ce-9f35a2ab749c,5,0.22727272727272727,22,1.0,0.3333333333333333,-0.6666666666666667
9ca7a73a-2a2d-44b0-84ce-9f35a2ab749c,14,0.6363636363636364,22,0.3333333333333333,0.75,0.4166666666666667
9ca826ed-68ac-4894-a602-3fb2ea9609bd,8,0.2222222222222222,36,0.75,0.18181818181818182,-0.5681818181818181
9ca826ed-68ac-4894-a602-3fb2ea9609bd,19,0.5277777777777778,36,0.18181818181818182,0.7058823529411765,0.5240641711229947
9cabdee5-05e4-4ae6-b8ea-342d4692cb97,27,0.6428571428571429,42,1.0,0.4666666666666667,-0.5333333333333333
9cd549ff-ddaa-41ec-a71c-aae69dcfd526,19,0.8636363636363636,22,0.8421052631578947,0.0,-0.8421052631578947
9cdf5778-8ead-44ea-91a3-9ec04f4f8c6b,28,0.6086956521739131,46,0.8571428571428571,0.0,-0.8571428571428571
9cdf5778-8ead-44ea-91a3-9ec04f4f8c6b,31,0.6739130434782609,46,0.0,0.7333333333333333,0.7333333333333333
9cf6c570-ca91-465a-8adf-2c57e68c2b1c,8,0.34782608695652173,23,0.5,0.13333333333333333,-0.3666666666666667
9d0a91ab-7e48-4269-94b4-eb5a9690cf8e,14,0.8235294117647058,17,1.0,0.3333333333333333,-0.6666666666666667
9d331b9c-ee58-4446-babb-4ce7146dc0e7,20,0.6896551724137931,29,0.75,0.0,-0.75
9d331b9c-ee58-4446-babb-4ce7146dc0e7,23,0.7931034482758621,29,0.0,1.0,1.0
9d331b9c-ee58-4446-babb-4ce7146dc0e7,26,0.896551724137931,29,1.0,0.3333333333333333,-0.6666666666666667
9d411758-702d-4be3-95f6-be7ed16a308b,8,0.2,40,0.875,0.4166666666666667,-0.4583333333333333
9d411758-702d-4be3-95f6-be7ed16a308b,20,0.5,40,0.4166666666666667,1.0,0.5833333333333333
9d411758-702d-4be3-95f6-be7ed16a308b,24,0.6,40,1.0,0.0,-1.0
9d411758-702d-4be3-95f6-be7ed16a308b,30,0.75,40,0.0,0.7,0.7
9d44fb1a-93c2-4a78-a7b5-d76a6933b340,12,0.5454545454545454,22,0.4166666666666667,0.0,-0.4166666666666667
9d44fb1a-93c2-4a78-a7b5-d76a6933b340,17,0.7727272727272727,22,0.0,1.0,1.0
9d523b42-f12d-48a2-b1c1-7e6b089bf4c3,12,0.24,50,0.4166666666666667,1.0,0.5833333333333333
9d523b42-f12d-48a2-b1c1-7e6b089bf4c3,19,0.38,50,1.0,0.4,-0.6
9d523b42-f12d-48a2-b1c1-7e6b089bf4c3,39,0.78,50,0.4,1.0,0.6
9d523b42-f12d-48a2-b1c1-7e6b089bf4c3,45,0.9,50,1.0,0.2,-0.8
9d574f10-44bb-44c4-9f3f-86664c3b22f9,9,0.1956521739130435,46,0.7777777777777778,0.0,-0.7777777777777778
9d574f10-44bb-44c4-9f3f-86664c3b22f9,12,0.2608695652173913,46,0.0,0.8333333333333334,0.8333333333333334
9d574f10-44bb-44c4-9f3f-86664c3b22f9,36,0.782608695652174,46,0.8333333333333334,0.16666666666666666,-0.6666666666666667
9d574f10-44bb-44c4-9f3f-86664c3b22f9,42,0.9130434782608695,46,0.16666666666666666,1.0,0.8333333333333334
9d7b5be0-61ce-497b-b6fc-b71db60a417c,24,0.5217391304347826,46,0.6666666666666666,0.25,-0.41666666666666663
9d7b5be0-61ce-497b-b6fc-b71db60a417c,32,0.6956521739130435,46,0.25,1.0,0.75
9d7b5be0-61ce-497b-b6fc-b71db60a417c,38,0.8260869565217391,46,1.0,0.25,-0.75
9da4a939-af5b-4b61-9f31-362a57ab25f0,18,0.45,40,0.4444444444444444,0.0,-0.4444444444444444
9da4a939-af5b-4b61-9f31-362a57ab25f0,29,0.725,40,0.0,0.36363636363636365,0.36363636363636365
9daa1575-ab2e-4613-baf9-7f993bb84db4,3,0.13043478260869565,23,0.0,0.9285714285714286,0.9285714285714286
9daa1575-ab2e-4613-baf9-7f993bb84db4,17,0.7391304347826086,23,0.9285714285714286,0.3333333333333333,-0.5952380952380953
9db0d1ac-abb7-4757-849d-4f6794f71715,9,0.23684210526315788,38,0.6666666666666666,0.0,-0.6666666666666666
9db0d1ac-abb7-4757-849d-4f6794f71715,13,0.34210526315789475,38,0.0,0.8,0.8
9dd322e1-5d77-4226-9ada-d308115b318a,25,0.8620689655172413,29,0.84,0.25,-0.59
9de407c3-d591-42a3-a2ac-98cfcf6d174a,6,0.13333333333333333,45,1.0,0.21428571428571427,-0.7857142857142857
9de407c3-d591-42a3-a2ac-98cfcf6d174a,20,0.4444444444444444,45,0.21428571428571427,1.0,0.7857142857142857
9de407c3-d591-42a3-a2ac-98cfcf6d174a,23,0.5111111111111111,45,1.0,0.22727272727272727,-0.7727272727272727
9df62807-cc37-40b8-afcb-9b3a37711729,16,0.34782608695652173,46,0.625,0.0,-0.625
9df62807-cc37-40b8-afcb-9b3a37711729,20,0.43478260869565216,46,0.0,0.7307692307692307,0.7307692307692307
9e035ea9-d37c-49ca-8cf7-37a2fa0c244b,3,0.17647058823529413,17,0.3333333333333333,0.8181818181818182,0.4848484848484849
9e035ea9-d37c-49ca-8cf7-37a2fa0c244b,14,0.8235294117647058,17,0.8181818181818182,0.0,-0.8181818181818182
9e0c1c3d-f5b8-4de7-8078-c9d107fbdbc4,7,0.14,50,0.2857142857142857,1.0,0.7142857142857143
9e0c1c3d-f5b8-4de7-8078-c9d107fbdbc4,10,0.2,50,1.0,0.15,-0.85
9e2b86ba-5bc7-4b45-a8e0-aa968772f6bc,24,0.6,40,1.0,0.0,-1.0
9e2b86ba-5bc7-4b45-a8e0-aa968772f6bc,28,0.7,40,0.0,1.0,1.0
9e33164c-8435-440a-a883-ea4b0df96195,11,0.275,40,0.6363636363636364,0.0,-0.6363636363636364
9e33164c-8435-440a-a883-ea4b0df96195,14,0.35,40,0.0,0.8846153846153846,0.8846153846153846
9e3a79cc-febb-45b2-a414-a9efcf45abfc,9,0.225,40,0.7777777777777778,0.23076923076923078,-0.5470085470085471
9e3a79cc-febb-45b2-a414-a9efcf45abfc,22,0.55,40,0.23076923076923078,1.0,0.7692307692307692
9e3a79cc-febb-45b2-a414-a9efcf45abfc,27,0.675,40,1.0,0.0,-1.0
9e3a79cc-febb-45b2-a414-a9efcf45abfc,30,0.75,40,0.0,0.8,0.8
9e5b01cc-3b5f-495d-96ec-356d2edf6518,12,0.5217391304347826,23,1.0,0.6363636363636364,-0.36363636363636365
9e5c4885-9e3e-43ff-8db7-cf6e1a09baad,20,0.6896551724137931,29,0.9,0.2222222222222222,-0.6777777777777778
9e87b734-af59-4071-805a-435d401326b1,19,0.6551724137931034,29,1.0,0.5,-0.5
9e8c2b98-3d3b-4d5b-a9d7-0645eb233650,7,0.18421052631578946,38,1.0,0.0,-1.0
9e8c2b98-3d3b-4d5b-a9d7-0645eb233650,10,0.2631578947368421,38,0.0,1.0,1.0
9e8c2b98-3d3b-4d5b-a9d7-0645eb233650,13,0.34210526315789475,38,1.0,0.2,-0.8
9e8ddcee-0f99-4fd6-9604-db1369dc5dab,14,0.3111111111111111,45,0.42857142857142855,1.0,0.5714285714285714
9e8ddcee-0f99-4fd6-9604-db1369dc5dab,23,0.5111111111111111,45,1.0,0.5,-0.5
9e98b13a-89ea-4ab9-a5ca-f445c545c0f9,12,0.6666666666666666,18,1.0,0.3333333333333333,-0.6666666666666667
9e98b13a-89ea-4ab9-a5ca-f445c545c0f9,15,0.8333333333333334,18,0.3333333333333333,1.0,0.6666666666666667
9ea172af-24b8-4c65-999b-ed80c378730c,3,0.13043478260869565,23,1.0,0.4,-0.6
9ea5b01d-9edb-45e7-911e-8d7ce004dd5a,15,0.3333333333333333,45,0.6,0.0,-0.6
9ea5b01d-9edb-45e7-911e-8d7ce004dd5a,28,0.6222222222222222,45,0.0,0.8333333333333334,0.8333333333333334
9ea5b01d-9edb-45e7-911e-8d7ce004dd5a,34,0.7555555555555555,45,0.8333333333333334,0.0,-0.8333333333333334
9ebdfa11-210f-4288-8010-fd25f96dfc8e,22,0.44,50,0.6818181818181818,0.17857142857142858,-0.5032467532467532
9ec9f571-bbee-4473-a967-41db23838cd1,7,0.30434782608695654,23,0.8571428571428571,0.0,-0.8571428571428571
9ec9f571-bbee-4473-a967-41db23838cd1,19,0.8260869565217391,23,0.0,0.5,0.5
9ed51df6-b31b-4f25-afdb-8f5dad89082d,8,0.16,50,1.0,0.3333333333333333,-0.6666666666666667
9ed51df6-b31b-4f25-afdb-8f5dad89082d,20,0.4,50,0.3333333333333333,1.0,0.6666666666666667
9ed51df6-b31b-4f25-afdb-8f5dad89082d,24,0.48,50,1.0,0.2857142857142857,-0.7142857142857143
9ed51df6-b31b-4f25-afdb-8f5dad89082d,31,0.62,50,0.2857142857142857,1.0,0.7142857142857143
9ed51df6-b31b-4f25-afdb-8f5dad89082d,38,0.76,50,1.0,0.25,-0.75
9edbc42c-e82b-4505-b3bd-c2e65ca90a8d,9,0.391304347826087,23,0.7777777777777778,0.42857142857142855,-0.34920634920634924
9ee80c4a-d961-4590-b38e-b4284c26e1d5,15,0.6818181818181818,22,0.9333333333333333,0.0,-0.9333333333333333
9ee80c4a-d961-4590-b38e-b4284c26e1d5,19,0.8636363636363636,22,0.0,1.0,1.0
9efdbf45-61da-4495-ad95-9f8bf3a9566a,8,0.3333333333333333,24,0.375,0.8461538461538461,0.47115384615384615
9efdbf45-61da-4495-ad95-9f8bf3a9566a,21,0.875,24,0.8461538461538461,0.3333333333333333,-0.5128205128205128
9f0fba03-829e-40d8-b43f-53b9820bd37a,9,0.18,50,0.5555555555555556,0.975609756097561,0.4200542005420054
9f128224-9097-4bc9-87ea-7d2e4e2c278c,13,0.5909090909090909,22,0.9230769230769231,0.2222222222222222,-0.7008547008547009
9f15dba4-01e0-474a-854f-06b3bc63f9a9,25,0.6578947368421053,38,0.16,0.625,0.46499999999999997
9f15dba4-01e0-474a-854f-06b3bc63f9a9,33,0.868421052631579,38,0.625,0.0,-0.625
9f375407-75a6-4dd9-a0e8-ed2052d489f9,4,0.1111111111111111,36,0.25,0.7333333333333333,0.4833333333333333
9f375407-75a6-4dd9-a0e8-ed2052d489f9,19,0.5277777777777778,36,0.7333333333333333,0.17647058823529413,-0.5568627450980391
9f3ddf04-2a92-46ed-88dc-e3a1c2fe960a,10,0.3448275862068966,29,0.9,0.0,-0.9
9f3ddf04-2a92-46ed-88dc-e3a1c2fe960a,13,0.4482758620689655,29,0.0,0.6875,0.6875
9f4192d2-e418-4733-a95e-631903f28035,13,0.26,50,0.8461538461538461,0.40540540540540543,-0.4407484407484407
9f4669a1-d9f6-4a99-88d1-809d8fd8eed7,19,0.6785714285714286,28,0.7894736842105263,0.4444444444444444,-0.3450292397660819
9f53e4bf-0eb5-499b-ab17-328daa4aedbd,25,0.8928571428571429,28,0.64,0.0,-0.64
9f5a61f5-f743-4673-a706-4bd6638eef69,14,0.8235294117647058,17,0.9285714285714286,0.3333333333333333,-0.5952380952380953
9f767b6c-6dc9-4e0d-b722-5ec3156e25cb,19,0.5277777777777778,36,0.9473684210526315,0.5882352941176471,-0.35913312693498445
9f8ed995-ae75-4ccc-9e33-115efa514bcf,14,0.8235294117647058,17,1.0,0.3333333333333333,-0.6666666666666667
9f9b61a5-075c-4898-aa90-f043f507d637,17,0.40476190476190477,42,0.8823529411764706,0.6,-0.2823529411764706
9fa83b80-c4d8-484d-ba4f-9e97f6bfd519,28,0.6086956521739131,46,0.6071428571428571,0.0,-0.6071428571428571
9fa83b80-c4d8-484d-ba4f-9e97f6bfd519,31,0.6739130434782609,46,0.0,1.0,1.0
9fa83b80-c4d8-484d-ba4f-9e97f6bfd519,35,0.7608695652173914,46,1.0,0.14285714285714285,-0.8571428571428572
9fa83b80-c4d8-484d-ba4f-9e97f6bfd519,42,0.9130434782608695,46,0.14285714285714285,0.75,0.6071428571428572
9fb734d5-496d-4cb0-bbf2-6d95bc87aff6,27,0.675,40,0.9629629629629629,0.0,-0.9629629629629629
9fb734d5-496d-4cb0-bbf2-6d95bc87aff6,30,0.75,40,0.0,1.0,1.0
9fb734d5-496d-4cb0-bbf2-6d95bc87aff6,36,0.9,40,1.0,0.25,-0.75
9fca6a00-5196-4e9f-bd65-596cce157227,15,0.375,40,0.5333333333333333,1.0,0.4666666666666667
9fca6a00-5196-4e9f-bd65-596cce157227,24,0.6,40,1.0,0.14285714285714285,-0.8571428571428572
9fca6a00-5196-4e9f-bd65-596cce157227,31,0.775,40,0.14285714285714285,1.0,0.8571428571428572
9fca6a00-5196-4e9f-bd65-596cce157227,36,0.9,40,1.0,0.25,-0.75
9fd2487d-2c71-4834-a105-6c194aefb26b,26,0.6190476190476191,42,0.6923076923076923,0.25,-0.4423076923076923
a004cebb-93a2-440e-8794-dcd850d23973,3,0.125,24,0.6666666666666666,0.0,-0.6666666666666666
a004cebb-93a2-440e-8794-dcd850d23973,9,0.375,24,0.0,0.6666666666666666,0.6666666666666666
a00713ec-c808-49f9-b239-44a81c2b54fa,3,0.16666666666666666,18,0.6666666666666666,0.0,-0.6666666666666666
a00713ec-c808-49f9-b239-44a81c2b54fa,14,0.7777777777777778,18,0.0,0.75,0.75
a02353ba-e8c6-44fa-9fe5-a236c93a1e1c,6,0.13043478260869565,46,0.8333333333333334,0.16666666666666666,-0.6666666666666667
a02353ba-e8c6-44fa-9fe5-a236c93a1e1c,12,0.2608695652173913,46,0.16666666666666666,0.7352941176470589,0.5686274509803922
a06a89e5-a042-456d-9069-c91b625ebd76,14,0.28,50,0.6428571428571429,0.0,-0.6428571428571429
a06a89e5-a042-456d-9069-c91b625ebd76,19,0.38,50,0.0,1.0,1.0
a06a89e5-a042-456d-9069-c91b625ebd76,22,0.44,50,1.0,0.07142857142857142,-0.9285714285714286
a06a89e5-a042-456d-9069-c91b625ebd76,36,0.72,50,0.07142857142857142,1.0,0.9285714285714286
a06a89e5-a042-456d-9069-c91b625ebd76,39,0.78,50,1.0,0.18181818181818182,-0.8181818181818181
a0722dc7-630a-4c7f-8d2b-bff9764661d3,5,0.29411764705882354,17,0.6,1.0,0.4
a0797317-8e1b-4bb1-a6cd-c72483798bba,3,0.125,24,0.6666666666666666,0.14285714285714285,-0.5238095238095237
a0799893-af0e-437e-bcbb-0eee8802d986,32,0.7619047619047619,42,0.875,0.0,-0.875
a0799893-af0e-437e-bcbb-0eee8802d986,35,0.8333333333333334,42,0.0,1.0,1.0
a0799893-af0e-437e-bcbb-0eee8802d986,39,0.9285714285714286,42,1.0,0.3333333333333333,-0.6666666666666667
a07c6eb0-6b6c-49c4-a8a0-32afbf7c7b87,7,0.3181818181818182,22,1.0,0.25,-0.75
a07c6eb0-6b6c-49c4-a8a0-32afbf7c7b87,11,0.5,22,0.25,0.8181818181818182,0.5681818181818182
a091e157-f604-4fb5-9680-08b8adc46349,3,0.075,40,1.0,0.0,-1.0
a091e157-f604-4fb5-9680-08b8adc46349,6,0.15,40,0.0,0.7941176470588235,0.7941176470588235
a0c29d59-91ba-466f-8fd3-b7e76a9d0b5c,45,0.9,50,0.8888888888888888,0.4,-0.4888888888888888
a0c8f0f7-2730-4c9c-8a5e-a00afc17c695,33,0.825,40,0.7272727272727273,0.0,-0.7272727272727273
a0c8f0f7-2730-4c9c-8a5e-a00afc17c695,36,0.9,40,0.0,1.0,1.0
a0d7165c-fa7f-424b-862d-17649f6c6a90,3,0.06521739130434782,46,0.3333333333333333,0.8837209302325582,0.5503875968992249
a0d9d18b-f3e0-4ff6-bb31-9dd6294dbc62,29,0.8055555555555556,36,0.2413793103448276,0.7142857142857143,0.4729064039408867
a0da9fa2-f558-4559-ad0a-0a1d51c77f2c,26,0.6190476190476191,42,1.0,0.25,-0.75
a0e7ae72-3b66-4f0b-8c1f-487d58bd1dce,10,0.25,40,1.0,0.2,-0.8
a0e7ae72-3b66-4f0b-8c1f-487d58bd1dce,15,0.375,40,0.2,1.0,0.8
a0e7ae72-3b66-4f0b-8c1f-487d58bd1dce,18,0.45,40,1.0,0.13636363636363635,-0.8636363636363636
a0f3a525-1469-4607-8ed6-1512687ae82b,22,0.44,50,0.8181818181818182,0.2222222222222222,-0.595959595959596
a0f3a525-1469-4607-8ed6-1512687ae82b,31,0.62,50,0.2222222222222222,1.0,0.7777777777777778
a1007551-92fd-46d3-a97a-b64167825955,22,0.5238095238095238,42,0.9545454545454546,0.25,-0.7045454545454546
a136ce96-dbf7-41c0-9582-f33febec61e8,9,0.25,36,1.0,0.3333333333333333,-0.6666666666666667
a136ce96-dbf7-41c0-9582-f33febec61e8,15,0.4166666666666667,36,0.3333333333333333,0.8571428571428571,0.5238095238095237
a13baaf2-3e9f-459d-b4bc-a2461080a2e8,4,0.23529411764705882,17,1.0,0.5384615384615384,-0.46153846153846156
a1496b0b-36b2-45f6-876b-4aeb5e1b74c9,13,0.28888888888888886,45,0.8461538461538461,0.0,-0.8461538461538461
a1496b0b-36b2-45f6-876b-4aeb5e1b74c9,18,0.4,45,0.0,0.7037037037037037,0.7037037037037037
a154aa2b-6f6b-41a6-ae47-cedbf04f95c8,3,0.06818181818181818,44,0.0,0.5121951219512195,0.5121951219512195
a157ecdd-c002-4fd4-b9f9-4c4476c1ce5e,39,0.78,50,0.9487179487179487,0.0,-0.9487179487179487
a157ecdd-c002-4fd4-b9f9-4c4476c1ce5e,42,0.84,50,0.0,1.0,1.0
a161101a-40a7-4c5d-9e9c-6b88cbc32a9e,21,0.45652173913043476,46,0.09523809523809523,0.8333333333333334,0.7380952380952381
a161101a-40a7-4c5d-9e9c-6b88cbc32a9e,27,0.5869565217391305,46,0.8333333333333334,0.21052631578947367,-0.6228070175438597
a1640443-cbb5-4c0a-8281-7eda4fe54348,20,0.8695652173913043,23,0.5,0.0,-0.5
a175de1b-1d89-4ae5-8581-bb5fc8c59a91,10,0.20833333333333334,48,1.0,0.16666666666666666,-0.8333333333333334
a175de1b-1d89-4ae5-8581-bb5fc8c59a91,16,0.3333333333333333,48,0.16666666666666666,0.65625,0.48958333333333337
a1949baa-345c-4b22-a3c4-9f4cf2eae7a9,24,0.6666666666666666,36,0.9583333333333334,0.2,-0.7583333333333333
a1949baa-345c-4b22-a3c4-9f4cf2eae7a9,29,0.8055555555555556,36,0.2,0.8571428571428571,0.657142857142857
a19e13b4-45c2-4844-b24f-e1691ffb2253,5,0.22727272727272727,22,1.0,0.5,-0.5
a19e13b4-45c2-4844-b24f-e1691ffb2253,13,0.5909090909090909,22,0.5,1.0,0.5
a19ef6b1-1376-448b-9a3d-4129ebf7e0ad,25,0.625,40,0.88,0.2857142857142857,-0.5942857142857143
a19ef6b1-1376-448b-9a3d-4129ebf7e0ad,32,0.8,40,0.2857142857142857,1.0,0.7142857142857143
a19ef6b1-1376-448b-9a3d-4129ebf7e0ad,37,0.925,40,1.0,0.3333333333333333,-0.6666666666666667
a1a28fae-4131-420f-9f71-83da0951e315,37,0.925,40,0.972972972972973,0.3333333333333333,-0.6396396396396398
a1b767a2-2d18-480d-9188-1b2c6698002e,5,0.21739130434782608,23,0.6,0.0,-0.6
a1b767a2-2d18-480d-9188-1b2c6698002e,8,0.34782608695652173,23,0.0,1.0,1.0
a1b767a2-2d18-480d-9188-1b2c6698002e,14,0.6086956521739131,23,1.0,0.5555555555555556,-0.4444444444444444
a1c43a35-bbd9-4893-aa77-635676f44d78,12,0.3333333333333333,36,1.0,0.4,-0.6
a1c43a35-bbd9-4893-aa77-635676f44d78,17,0.4722222222222222,36,0.4,0.9473684210526315,0.5473684210526315
a1fb9851-3fe9-49f8-ad02-8f6a3a9eb7a9,10,0.43478260869565216,23,0.6,0.0,-0.6
a1fb9851-3fe9-49f8-ad02-8f6a3a9eb7a9,15,0.6521739130434783,23,0.0,0.5,0.5
a2067e35-4ff9-472d-91eb-1a47673426e9,16,0.6666666666666666,24,0.875,0.5,-0.375
a239b4ad-4ef9-4fe5-807a-8853e89cd3ed,30,0.6,50,0.8,0.0,-0.8
a239b4ad-4ef9-4fe5-807a-8853e89cd3ed,36,0.72,50,0.0,1.0,1.0
a239b4ad-4ef9-4fe5-807a-8853e89cd3ed,41,0.82,50,1.0,0.0,-1.0
a2471822-4093-4aac-867f-943eed6fb2e4,19,0.4222222222222222,45,0.9473684210526315,0.2,-0.7473684210526315
a2471822-4093-4aac-867f-943eed6fb2e4,24,0.5333333333333333,45,0.2,0.9333333333333333,0.7333333333333334
a2471822-4093-4aac-867f-943eed6fb2e4,39,0.8666666666666667,45,0.9333333333333333,0.3333333333333333,-0.6000000000000001
a24c0969-90c8-430e-a2e8-afc69d9b948b,7,0.25,28,0.8571428571428571,0.3333333333333333,-0.5238095238095237
a26d5165-4eb6-4172-b553-716c5285c40c,10,0.21739130434782608,46,0.6,0.0,-0.6
a26d5165-4eb6-4172-b553-716c5285c40c,14,0.30434782608695654,46,0.0,0.9,0.9
a26d5165-4eb6-4172-b553-716c5285c40c,24,0.5217391304347826,46,0.9,0.0,-0.9
a26d5165-4eb6-4172-b553-716c5285c40c,27,0.5869565217391305,46,0.0,1.0,1.0
a26d5165-4eb6-4172-b553-716c5285c40c,30,0.6521739130434783,46,1.0,0.0,-1.0
a26d5165-4eb6-4172-b553-716c5285c40c,35,0.7608695652173914,46,0.0,0.7272727272727273,0.7272727272727273
a290d90a-c691-4a17-82f4-a7c90a1eb0e3,14,0.35,40,1.0,0.6153846153846154,-0.3846153846153846
a291d1ff-a4db-433f-8cfa-385f37dc7f39,4,0.08695652173913043,46,0.25,0.8809523809523809,0.6309523809523809
a2c29645-ee45-4dcf-9e45-e42cd4796b6b,11,0.5,22,0.9090909090909091,0.0,-0.9090909090909091
a2c29645-ee45-4dcf-9e45-e42cd4796b6b,14,0.6363636363636364,22,0.0,1.0,1.0
a2c29645-ee45-4dcf-9e45-e42cd4796b6b,17,0.7727272727272727,22,1.0,0.2,-0.8
a2e6ce11-1757-4027-9d58-2f845627d115,7,0.2413793103448276,29,1.0,0.3333333333333333,-0.6666666666666667
a2e6ce11-1757-4027-9d58-2f845627d115,13,0.4482758620689655,29,0.3333333333333333,0.9375,0.6041666666666667
a30442f2-4301-47d8-9e8b-27d76377ed96,11,0.275,40,1.0,0.3333333333333333,-0.6666666666666667
a30442f2-4301-47d8-9e8b-27d76377ed96,17,0.425,40,0.3333333333333333,0.8235294117647058,0.49019607843137253
a30442f2-4301-47d8-9e8b-27d76377ed96,34,0.85,40,0.8235294117647058,0.0,-0.8235294117647058
a3098409-83d4-45e4-883e-33aa0b3badfc,3,0.075,40,0.3333333333333333,1.0,0.6666666666666667
a3098409-83d4-45e4-883e-33aa0b3badfc,11,0.275,40,1.0,0.0,-1.0
a3098409-83d4-45e4-883e-33aa0b3badfc,14,0.35,40,0.0,1.0,1.0
a3098409-83d4-45e4-883e-33aa0b3badfc,23,0.575,40,1.0,0.25,-0.75
a3098409-83d4-45e4-883e-33aa0b3badfc,27,0.675,40,0.25,0.8461538461538461,0.5961538461538461
a30dcf95-0290-4bea-af87-d6b3bc524e74,8,0.2857142857142857,28,1.0,0.4,-0.6
a30dcf95-0290-4bea-af87-d6b3bc524e74,13,0.4642857142857143,28,0.4,1.0,0.6
a30dcf95-0290-4bea-af87-d6b3bc524e74,23,0.8214285714285714,28,1.0,0.4,-0.6
a32f2af6-f74b-4406-9b49-a548a564f96e,5,0.1,50,1.0,0.5161290322580645,-0.4838709677419355
a32f2af6-f74b-4406-9b49-a548a564f96e,36,0.72,50,0.5161290322580645,1.0,0.4838709677419355
a32f2af6-f74b-4406-9b49-a548a564f96e,40,0.8,50,1.0,0.1,-0.9
a3322c99-578a-4c50-bc6a-ff3ef7d9e43f,14,0.30434782608695654,46,0.5714285714285714,0.0,-0.5714285714285714
a3322c99-578a-4c50-bc6a-ff3ef7d9e43f,18,0.391304347826087,46,0.0,0.75,0.75
a3322c99-578a-4c50-bc6a-ff3ef7d9e43f,38,0.8260869565217391,46,0.75,0.375,-0.375
a33f8485-1f0f-4a39-a528-3b624408861a,11,0.2619047619047619,42,0.8181818181818182,0.29411764705882354,-0.5240641711229947
a33f8485-1f0f-4a39-a528-3b624408861a,28,0.6666666666666666,42,0.29411764705882354,0.7142857142857143,0.42016806722689076
a33f8485-1f0f-4a39-a528-3b624408861a,35,0.8333333333333334,42,0.7142857142857143,0.0,-0.7142857142857143
a3459716-4f01-4b90-9cc5-1b6abb45c2b5,33,0.825,40,0.9393939393939394,0.0,-0.9393939393939394
a3459716-4f01-4b90-9cc5-1b6abb45c2b5,36,0.9,40,0.0,1.0,1.0
a35168ae-478e-4428-acd3-63330811ad55,3,0.075,40,0.3333333333333333,0.8620689655172413,0.5287356321839081
a35168ae-478e-4428-acd3-63330811ad55,32,0.8,40,0.8620689655172413,0.25,-0.6120689655172413
a36365fb-d71e-451d-83f5-e3f334a4f97d,32,0.7111111111111111,45,0.96875,0.16666666666666666,-0.8020833333333334
a36365fb-d71e-451d-83f5-e3f334a4f97d,38,0.8444444444444444,45,0.16666666666666666,1.0,0.8333333333333334
a36365fb-d71e-451d-83f5-e3f334a4f97d,42,0.9333333333333333,45,1.0,0.3333333333333333,-0.6666666666666667
a3844d56-8d13-454e-8550-5e5772393960,19,0.4523809523809524,42,0.8421052631578947,0.0,-0.8421052631578947
a3844d56-8d13-454e-8550-5e5772393960,22,0.5238095238095238,42,0.0,0.7857142857142857,0.7857142857142857
a3844d56-8d13-454e-8550-5e5772393960,36,0.8571428571428571,42,0.7857142857142857,0.3333333333333333,-0.4523809523809524
a3add20d-c432-4367-b360-318d0d07ec3d,22,0.55,40,0.9545454545454546,0.375,-0.5795454545454546
a3add20d-c432-4367-b360-318d0d07ec3d,30,0.75,40,0.375,0.9,0.525
a3d1eafb-a05a-494e-89f3-5f0bdb003ab0,9,0.3103448275862069,29,0.2222222222222222,0.8571428571428571,0.6349206349206349
a3d1eafb-a05a-494e-89f3-5f0bdb003ab0,16,0.5517241379310345,29,0.8571428571428571,0.38461538461538464,-0.47252747252747246
a3d9b3f2-64a7-4f96-9d29-50b524078266,19,0.7916666666666666,24,0.8421052631578947,0.4,-0.44210526315789467
a3e59627-50d1-4cc5-99d3-1216db0b33a7,27,0.7105263157894737,38,0.07407407407407407,0.45454545454545453,0.38047138047138046
a3fdfe0f-ac8a-4aee-aaf7-47f2b7f52ffe,8,0.2222222222222222,36,0.75,0.0,-0.75
a3fdfe0f-ac8a-4aee-aaf7-47f2b7f52ffe,12,0.3333333333333333,36,0.0,0.7777777777777778,0.7777777777777778
a3fdfe0f-ac8a-4aee-aaf7-47f2b7f52ffe,21,0.5833333333333334,36,0.7777777777777778,0.0,-0.7777777777777778
a3fdfe0f-ac8a-4aee-aaf7-47f2b7f52ffe,24,0.6666666666666666,36,0.0,0.75,0.75
a3ff2126-a179-4306-882f-e312574b8457,12,0.24,50,0.9166666666666666,0.4782608695652174,-0.4384057971014492
a3ff2126-a179-4306-882f-e312574b8457,35,0.7,50,0.4782608695652174,0.9,0.4217391304347826
a3ff2126-a179-4306-882f-e312574b8457,45,0.9,50,0.9,0.4,-0.5
a4140a53-f92f-4b78-9d8f-517a82e47e70,21,0.5,42,0.9523809523809523,0.6666666666666666,-0.2857142857142857
a42d68f4-6c9e-4458-ae74-9308ee60ef60,12,0.2857142857142857,42,0.9166666666666666,0.5652173913043478,-0.35144927536231885
a42d68f4-6c9e-4458-ae74-9308ee60ef60,35,0.8333333333333334,42,0.5652173913043478,0.14285714285714285,-0.42236024844720493
a43bb168-60a3-4e20-a25f-c2e7068e7f58,17,0.4722222222222222,36,0.9411764705882353,0.42857142857142855,-0.5126050420168067
a43bb168-60a3-4e20-a25f-c2e7068e7f58,24,0.6666666666666666,36,0.42857142857142855,0.9166666666666666,0.4880952380952381
a43fccaf-0c51-4f20-8783-4a80032c77bd,4,0.08888888888888889,45,0.25,0.8333333333333334,0.5833333333333334
a43fccaf-0c51-4f20-8783-4a80032c77bd,10,0.2222222222222222,45,0.8333333333333334,0.13636363636363635,-0.696969696969697
a43fccaf-0c51-4f20-8783-4a80032c77bd,32,0.7111111111111111,45,0.13636363636363635,0.7777777777777778,0.6414141414141414
a43fccaf-0c51-4f20-8783-4a80032c77bd,41,0.9111111111111111,45,0.7777777777777778,0.25,-0.5277777777777778
a445e270-1738-40f8-bf74-271e31c0bd8e,22,0.4583333333333333,48,0.45454545454545453,0.7307692307692307,0.2762237762237762
a447725b-82fa-4a22-8496-f7f3458c2efc,15,0.38461538461538464,39,0.6666666666666666,0.0,-0.6666666666666666
a447725b-82fa-4a22-8496-f7f3458c2efc,18,0.46153846153846156,39,0.0,1.0,1.0
a447725b-82fa-4a22-8496-f7f3458c2efc,22,0.5641025641025641,39,1.0,0.0,-1.0
a447725b-82fa-4a22-8496-f7f3458c2efc,25,0.6410256410256411,39,0.0,0.6428571428571429,0.6428571428571429
a454b63c-02b5-4637-b87b-de8b2cd1e804,5,0.10869565217391304,46,0.6,0.14285714285714285,-0.45714285714285713
a454b63c-02b5-4637-b87b-de8b2cd1e804,26,0.5652173913043478,46,0.14285714285714285,0.6,0.45714285714285713
a4608143-12b8-4196-b724-a76f3c7613e3,23,0.5,46,0.8695652173913043,0.2857142857142857,-0.5838509316770186
a4608143-12b8-4196-b724-a76f3c7613e3,30,0.6521739130434783,46,0.2857142857142857,0.9375,0.6517857142857143
a47d78b6-74eb-4a08-b144-467e93147419,13,0.325,40,0.7692307692307693,0.0,-0.7692307692307693
a47d78b6-74eb-4a08-b144-467e93147419,16,0.4,40,0.0,0.8571428571428571,0.8571428571428571
a47d78b6-74eb-4a08-b144-467e93147419,23,0.575,40,0.8571428571428571,0.4117647058823529,-0.4453781512605042
a4822209-2a46-4409-bfe8-7dca91600a47,16,0.4,40,0.375,1.0,0.625
a4822209-2a46-4409-bfe8-7dca91600a47,19,0.475,40,1.0,0.23809523809523808,-0.7619047619047619
a48503c9-f248-420e-b0a9-784b0ff3be82,8,0.36363636363636365,22,1.0,0.6428571428571429,-0.3571428571428571
a4850867-3d09-4f16-a776-686d09a3059c,7,0.2413793103448276,29,1.0,0.36363636363636365,-0.6363636363636364
a48dbc5e-5c77-4d66-a3ab-de5c7a5fedd1,20,0.4878048780487805,41,0.75,0.25,-0.5
a48dbc5e-5c77-4d66-a3ab-de5c7a5fedd1,24,0.5853658536585366,41,0.25,0.9411764705882353,0.6911764705882353
a4952ada-360c-49f0-8b8d-772f65f5768d,3,0.17647058823529413,17,0.6666666666666666,0.0,-0.6666666666666666
a4952ada-360c-49f0-8b8d-772f65f5768d,9,0.5294117647058824,17,0.0,0.625,0.625
a49f014c-ccd6-4e08-a61e-cdc03d05a1c7,20,0.5,40,0.95,0.2,-0.75
a49f014c-ccd6-4e08-a61e-cdc03d05a1c7,30,0.75,40,0.2,0.6,0.39999999999999997
a4a7ee75-7665-497f-a1a7-a9797dabc947,10,0.2777777777777778,36,0.9,0.0,-0.9
a4a7ee75-7665-497f-a1a7-a9797dabc947,13,0.3611111111111111,36,0.0,0.7391304347826086,0.7391304347826086
a4ab8256-0e34-43fb-93b0-b989e476e3d7,11,0.275,40,0.8181818181818182,0.41379310344827586,-0.4043887147335424
a4abe5c9-856e-4f76-b20d-9796030a3c01,11,0.3055555555555556,36,1.0,0.0,-1.0
a4abe5c9-856e-4f76-b20d-9796030a3c01,15,0.4166666666666667,36,0.0,0.7619047619047619,0.7619047619047619
a4b4177f-31bd-466c-a923-46dd4bda0f86,23,0.575,40,0.8260869565217391,0.0,-0.8260869565217391
a4b4177f-31bd-466c-a923-46dd4bda0f86,26,0.65,40,0.0,0.5714285714285714,0.5714285714285714
a4ba7054-3f18-44e5-bd41-fd027c32bebe,6,0.3333333333333333,18,0.6666666666666666,0.0,-0.6666666666666666
a4ba7054-3f18-44e5-bd41-fd027c32bebe,9,0.5,18,0.0,0.8888888888888888,0.8888888888888888
a4c10327-d919-411e-b8f6-66285d719d5d,15,0.39473684210526316,38,0.8,0.38461538461538464,-0.4153846153846154
a4c10327-d919-411e-b8f6-66285d719d5d,28,0.7368421052631579,38,0.38461538461538464,1.0,0.6153846153846154
a4c10327-d919-411e-b8f6-66285d719d5d,34,0.8947368421052632,38,1.0,0.25,-0.75
a4ce6dbd-1d88-49df-8811-50819dbdc0c9,14,0.7777777777777778,18,1.0,0.5,-0.5
a4d14b02-233e-476b-95e2-72e45e1ca668,3,0.16666666666666666,18,1.0,0.25,-0.75
a4d14b02-233e-476b-95e2-72e45e1ca668,7,0.3888888888888889,18,0.25,0.8181818181818182,0.5681818181818182
a4d6805f-a618-4880-b856-2d0363fc7941,3,0.07894736842105263,38,1.0,0.2857142857142857,-0.7142857142857143
a4e018cf-cd5e-4d32-a20d-a3c2e08ceda2,33,0.66,50,0.8787878787878788,0.3333333333333333,-0.5454545454545454
a4e018cf-cd5e-4d32-a20d-a3c2e08ceda2,39,0.78,50,0.3333333333333333,1.0,0.6666666666666667
a4e018cf-cd5e-4d32-a20d-a3c2e08ceda2,47,0.94,50,1.0,0.3333333333333333,-0.6666666666666667
a4ecf6b1-a84d-45d0-80a1-af86ddb091f3,3,0.07894736842105263,38,1.0,0.0,-1.0
a4ecf6b1-a84d-45d0-80a1-af86ddb091f3,7,0.18421052631578946,38,0.0,1.0,1.0
a4ecf6b1-a84d-45d0-80a1-af86ddb091f3,10,0.2631578947368421,38,1.0,0.2857142857142857,-0.7142857142857143
a5166669-46d8-4d1b-96e9-6c058016b2c9,10,0.23809523809523808,42,0.9,0.0,-0.9
a5166669-46d8-4d1b-96e9-6c058016b2c9,14,0.3333333333333333,42,0.0,0.5833333333333334,0.5833333333333334
a5166669-46d8-4d1b-96e9-6c058016b2c9,26,0.6190476190476191,42,0.5833333333333334,0.1875,-0.39583333333333337
a5192830-a37b-4da8-b8ad-9224757b374c,18,0.45,40,0.8888888888888888,0.4166666666666667,-0.47222222222222215
a5192830-a37b-4da8-b8ad-9224757b374c,30,0.75,40,0.4166666666666667,1.0,0.5833333333333333
a5192830-a37b-4da8-b8ad-9224757b374c,37,0.925,40,1.0,0.3333333333333333,-0.6666666666666667
a51f61aa-e82e-47cf-93ef-9412ea8afc5a,20,0.47619047619047616,42,0.8,0.42105263157894735,-0.3789473684210527
a51f61aa-e82e-47cf-93ef-9412ea8afc5a,39,0.9285714285714286,42,0.42105263157894735,1.0,0.5789473684210527
a529761c-6b52-49d0-b8b8-23343006d0aa,11,0.4782608695652174,23,0.9090909090909091,0.25,-0.6590909090909091
a532d69b-fae9-4616-a185-d8061ba4e64c,9,0.32142857142857145,28,0.8888888888888888,0.0,-0.8888888888888888
a532d69b-fae9-4616-a185-d8061ba4e64c,13,0.4642857142857143,28,0.0,0.7142857142857143,0.7142857142857143
a532d69b-fae9-4616-a185-d8061ba4e64c,20,0.7142857142857143,28,0.7142857142857143,0.0,-0.7142857142857143
a532d69b-fae9-4616-a185-d8061ba4e64c,25,0.8928571428571429,28,0.0,0.6666666666666666,0.6666666666666666
a557108b-db72-45c6-987f-3ed03b32ecd5,20,0.8695652173913043,23,0.95,0.3333333333333333,-0.6166666666666667
a55b6669-a212-4441-a899-04141d46e4c0,10,0.45454545454545453,22,1.0,0.6666666666666666,-0.33333333333333337
a55f9dea-1bcf-42eb-bb7d-feec655dded1,15,0.3,50,1.0,0.6857142857142857,-0.3142857142857143
a58251d4-7d23-4416-b42a-64ff5fd4f2dc,7,0.2916666666666667,24,0.8571428571428571,0.2,-0.657142857142857
a58251d4-7d23-4416-b42a-64ff5fd4f2dc,12,0.5,24,0.2,1.0,0.8
a5914451-916e-466e-8ac9-769774cf8a12,3,0.17647058823529413,17,0.6666666666666666,0.0,-0.6666666666666666
a5914451-916e-466e-8ac9-769774cf8a12,6,0.35294117647058826,17,0.0,1.0,1.0
a5914451-916e-466e-8ac9-769774cf8a12,12,0.7058823529411765,17,1.0,0.2,-0.8
a5946af0-6db5-49c2-b398-0857480be45a,7,0.4117647058823529,17,0.5714285714285714,0.1,-0.4714285714285714
a5a2ceb3-b0f3-494d-8421-a06b95175e71,18,0.8181818181818182,22,0.8888888888888888,0.0,-0.8888888888888888
a5a38370-f671-467a-8095-33b77c5f0dcd,6,0.16666666666666666,36,0.6666666666666666,0.07142857142857142,-0.5952380952380952
a5a38370-f671-467a-8095-33b77c5f0dcd,20,0.5555555555555556,36,0.07142857142857142,0.75,0.6785714285714286
a5a38370-f671-467a-8095-33b77c5f0dcd,24,0.6666666666666666,36,0.75,0.0,-0.75
a5a38370-f671-467a-8095-33b77c5f0dcd,28,0.7777777777777778,36,0.0,0.625,0.625
a5ae661f-4d41-4184-9a6b-d23bef68929d,28,0.7777777777777778,36,0.9642857142857143,0.25,-0.7142857142857143
a5ae661f-4d41-4184-9a6b-d23bef68929d,32,0.8888888888888888,36,0.25,1.0,0.75
a5b79e35-64f8-4db4-b296-3a3e1f46f373,34,0.85,40,0.9117647058823529,0.3333333333333333,-0.5784313725490196
a5be5289-7297-479f-8510-7f09b6ed7c0b,20,0.5,40,1.0,0.25,-0.75
a5be5289-7297-479f-8510-7f09b6ed7c0b,24,0.6,40,0.25,0.75,0.5
a5c77601-7693-415c-b0f5-9528df2db768,7,0.3181818181818182,22,1.0,0.2727272727272727,-0.7272727272727273
a5c77601-7693-415c-b0f5-9528df2db768,18,0.8181818181818182,22,0.2727272727272727,0.75,0.4772727272727273
a5ef8d4f-e2c8-435b-908e-1f2cdf38f11c,24,0.48,50,0.875,0.5,-0.375
a620bab9-f5ae-4007-986f-153d66bf955e,43,0.86,50,0.9069767441860465,0.42857142857142855,-0.4784053156146179
a622a5de-844a-4bc5-a4f9-008a37713c94,12,0.2857142857142857,42,1.0,0.25,-0.75
a622a5de-844a-4bc5-a4f9-008a37713c94,16,0.38095238095238093,42,0.25,1.0,0.75
a622a5de-844a-4bc5-a4f9-008a37713c94,21,0.5,42,1.0,0.42857142857142855,-0.5714285714285714
a640e593-7ad4-444b-b25e-5ac49679661a,5,0.21739130434782608,23,1.0,0.2222222222222222,-0.7777777777777778
a64cddbc-59d1-4dce-8ae2-fa679a2d8543,22,0.44,50,0.7727272727272727,0.35714285714285715,-0.41558441558441556
a64e4fd6-38b2-46fb-8387-43f0762829f4,37,0.925,40,0.7837837837837838,0.0,-0.7837837837837838
a6633d2c-d8ed-4a2d-bd82-a968a44c3f6a,12,0.2857142857142857,42,0.4166666666666667,0.8181818181818182,0.40151515151515155
a6633d2c-d8ed-4a2d-bd82-a968a44c3f6a,23,0.5476190476190477,42,0.8181818181818182,0.05263157894736842,-0.7655502392344498
a66bade1-e871-4cf8-a930-763f33a27977,15,0.3,50,1.0,0.16666666666666666,-0.8333333333333334
a66bade1-e871-4cf8-a930-763f33a27977,21,0.42,50,0.16666666666666666,0.7058823529411765,0.5392156862745099
a66bade1-e871-4cf8-a930-763f33a27977,38,0.76,50,0.7058823529411765,0.08333333333333333,-0.6225490196078431
a688ad84-cee2-45f1-aeda-2605410d1107,19,0.8260869565217391,23,0.9473684210526315,0.25,-0.6973684210526315
a68ec14b-98c3-4ec2-8889-ee8a35e0ce4d,6,0.3333333333333333,18,0.8333333333333334,0.25,-0.5833333333333334
a68ec14b-98c3-4ec2-8889-ee8a35e0ce4d,10,0.5555555555555556,18,0.25,1.0,0.75
a68ec14b-98c3-4ec2-8889-ee8a35e0ce4d,14,0.7777777777777778,18,1.0,0.25,-0.75
a6996cf6-6c43-4980-8f24-76d2e6c7fac8,34,0.68,50,1.0,0.375,-0.625
a6996cf6-6c43-4980-8f24-76d2e6c7fac8,42,0.84,50,0.375,0.875,0.5
a6af6a22-ae71-4167-a155-1b83f3f94e3a,7,0.2916666666666667,24,0.2857142857142857,0.7647058823529411,0.4789915966386554
a6b6b774-52fc-4e31-b378-7534f092288e,6,0.16666666666666666,36,1.0,0.2857142857142857,-0.7142857142857143
a6b6b774-52fc-4e31-b378-7534f092288e,13,0.3611111111111111,36,0.2857142857142857,0.6956521739130435,0.40993788819875776
a6d4b5a5-5ff9-45a8-9b2f-5cc9e248c6c1,19,0.6551724137931034,29,0.7368421052631579,0.1,-0.6368421052631579
a6da9b10-37be-4e61-aebe-2b96c310a37f,46,0.92,50,0.9565217391304348,0.5,-0.4565217391304348
a6e50696-3d4f-483f-be04-fdc09e26e7bf,17,0.40476190476190477,42,0.8235294117647058,0.48,-0.34352941176470586
a6f15193-c966-4396-a007-a66f78499a40,37,0.74,50,0.9459459459459459,0.3,-0.645945945945946
a6f15193-c966-4396-a007-a66f78499a40,47,0.94,50,0.3,1.0,0.7
a6febce5-ac71-4320-8821-31e91b7c4ab3,16,0.5517241379310345,29,0.9375,0.07692307692307693,-0.8605769230769231
a7018f71-df6f-434a-8468-9fd63ada4272,10,0.2631578947368421,38,1.0,0.6785714285714286,-0.3214285714285714
a7057bf3-0d0e-4f30-bdd5-871bd7298c16,4,0.23529411764705882,17,0.75,0.0,-0.75
a7057bf3-0d0e-4f30-bdd5-871bd7298c16,7,0.4117647058823529,17,0.0,0.8333333333333334,0.8333333333333334
a7057bf3-0d0e-4f30-bdd5-871bd7298c16,13,0.7647058823529411,17,0.8333333333333334,0.25,-0.5833333333333334
a711f165-b796-4c79-9177-4106f639d5df,22,0.5238095238095238,42,0.9090909090909091,0.4375,-0.47159090909090906
a711f165-b796-4c79-9177-4106f639d5df,38,0.9047619047619048,42,0.4375,1.0,0.5625
a7175b8d-ab3c-4b88-9e67-e231b9c9a68a,5,0.13157894736842105,38,0.8,0.3,-0.5
a7175b8d-ab3c-4b88-9e67-e231b9c9a68a,35,0.9210526315789473,38,0.3,1.0,0.7
a71cb255-79b2-45d0-8cb1-5402c41dad50,3,0.17647058823529413,17,1.0,0.3333333333333333,-0.6666666666666667
a71cb255-79b2-45d0-8cb1-5402c41dad50,6,0.35294117647058826,17,0.3333333333333333,1.0,0.6666666666666667
a72583ee-d234-400c-a2b9-405bed6ffc1c,41,0.82,50,0.975609756097561,0.5555555555555556,-0.4200542005420054
a75ccb7e-85ec-4098-93d0-7a92852c316e,20,0.5263157894736842,38,0.4,0.7777777777777778,0.37777777777777777
a7622777-9fd4-40d9-a295-75e370fc13ea,17,0.7083333333333334,24,1.0,0.5714285714285714,-0.4285714285714286
a774b775-815c-4cb3-816f-b01604a9e470,30,0.75,40,0.8666666666666667,0.4,-0.4666666666666667
a7812340-224f-4816-95c8-f8b852d385b6,14,0.358974358974359,39,0.7142857142857143,0.0,-0.7142857142857143
a7812340-224f-4816-95c8-f8b852d385b6,18,0.46153846153846156,39,0.0,0.47619047619047616,0.47619047619047616
a783d2d0-2878-46d0-ab82-c2eb26ada26e,31,0.6888888888888889,45,0.8387096774193549,0.0,-0.8387096774193549
a783d2d0-2878-46d0-ab82-c2eb26ada26e,34,0.7555555555555555,45,0.0,0.6363636363636364,0.6363636363636364
a79bffab-b9a0-4052-bec9-c86bd24ae6da,15,0.5172413793103449,29,1.0,0.5,-0.5
a79bffab-b9a0-4052-bec9-c86bd24ae6da,25,0.8620689655172413,29,0.5,1.0,0.5
a79d6f78-b863-412f-bec6-186c43512e37,7,0.30434782608695654,23,0.8571428571428571,0.16666666666666666,-0.6904761904761905
a79d6f78-b863-412f-bec6-186c43512e37,13,0.5652173913043478,23,0.16666666666666666,0.9,0.7333333333333334
a7a49bf3-1c56-49e4-869e-e803f01071b9,39,0.9285714285714286,42,0.9230769230769231,0.3333333333333333,-0.5897435897435899
a7addde9-1db4-4938-96fc-98cec16ac0cc,5,0.1388888888888889,36,0.8,0.125,-0.675
a7addde9-1db4-4938-96fc-98cec16ac0cc,13,0.3611111111111111,36,0.125,0.7391304347826086,0.6141304347826086
a7b195b0-26df-490a-a5c2-b4cb6131ecd8,7,0.25,28,0.8571428571428571,0.3333333333333333,-0.5238095238095237
a7ba8b85-4abd-46e0-b010-3fb5c9d5e587,12,0.5,24,0.75,0.0,-0.75
a7ba8b85-4abd-46e0-b010-3fb5c9d5e587,15,0.625,24,0.0,1.0,1.0
a7ba8b85-4abd-46e0-b010-3fb5c9d5e587,18,0.75,24,1.0,0.0,-1.0
a7ba8b85-4abd-46e0-b010-3fb5c9d5e587,21,0.875,24,0.0,1.0,1.0
a7e9a8c4-a972-4eef-b1bd-945ff8a84a55,5,0.1388888888888889,36,1.0,0.0,-1.0
a7e9a8c4-a972-4eef-b1bd-945ff8a84a55,8,0.2222222222222222,36,0.0,0.8214285714285714,0.8214285714285714
a7fb51b7-9c7b-4840-a0da-ce6f76943476,21,0.7241379310344828,29,0.7619047619047619,0.375,-0.38690476190476186
a806fe29-36da-4025-a1df-4f95423ef257,6,0.25,24,1.0,0.25,-0.75
a806fe29-36da-4025-a1df-4f95423ef257,10,0.4166666666666667,24,0.25,1.0,0.75
a806fe29-36da-4025-a1df-4f95423ef257,17,0.7083333333333334,24,1.0,0.0,-1.0
a806fe29-36da-4025-a1df-4f95423ef257,21,0.875,24,0.0,0.6666666666666666,0.6666666666666666
a813fb8c-6d8e-4079-acca-b5551138b84c,22,0.55,40,1.0,0.4166666666666667,-0.5833333333333333
a813fb8c-6d8e-4079-acca-b5551138b84c,34,0.85,40,0.4166666666666667,1.0,0.5833333333333333
a81e187d-9c0d-46ed-9ca0-ec534046ee7a,19,0.5,38,0.8421052631578947,0.0,-0.8421052631578947
a81e187d-9c0d-46ed-9ca0-ec534046ee7a,22,0.5789473684210527,38,0.0,0.875,0.875
a82fe79a-16db-432c-aed5-910490268a14,13,0.2826086956521739,46,0.9230769230769231,0.2,-0.7230769230769232
a82fe79a-16db-432c-aed5-910490268a14,18,0.391304347826087,46,0.2,0.8571428571428571,0.657142857142857
a82fe79a-16db-432c-aed5-910490268a14,39,0.8478260869565217,46,0.8571428571428571,0.14285714285714285,-0.7142857142857142
a8335379-4c89-4b2b-bfbf-7ac230322c93,9,0.2,45,0.7777777777777778,0.3333333333333333,-0.4444444444444445
a8335379-4c89-4b2b-bfbf-7ac230322c93,21,0.4666666666666667,45,0.3333333333333333,0.9375,0.6041666666666667
a8335379-4c89-4b2b-bfbf-7ac230322c93,37,0.8222222222222222,45,0.9375,0.5,-0.4375
a84010e5-b1ba-4342-b333-f0e8e7de8c04,7,0.3888888888888889,18,0.5714285714285714,1.0,0.4285714285714286
a85db3c3-7e6b-4880-a3f9-bdf7eafcb3fa,6,0.20689655172413793,29,0.5,1.0,0.5
a85db3c3-7e6b-4880-a3f9-bdf7eafcb3fa,11,0.3793103448275862,29,1.0,0.0,-1.0
a85db3c3-7e6b-4880-a3f9-bdf7eafcb3fa,15,0.5172413793103449,29,0.0,1.0,1.0
a85db3c3-7e6b-4880-a3f9-bdf7eafcb3fa,21,0.7241379310344828,29,1.0,0.375,-0.625
a85e36cf-1823-425c-b55e-e063765ed562,10,0.20833333333333334,48,1.0,0.25,-0.75
a85e36cf-1823-425c-b55e-e063765ed562,18,0.375,48,0.25,1.0,0.75
a85e36cf-1823-425c-b55e-e063765ed562,24,0.5,48,1.0,0.0,-1.0
a85e36cf-1823-425c-b55e-e063765ed562,27,0.5625,48,0.0,0.8571428571428571,0.8571428571428571
a86d436e-8b08-426b-ae65-97ec03001b11,11,0.6111111111111112,18,0.7272727272727273,0.0,-0.7272727272727273
a86d436e-8b08-426b-ae65-97ec03001b11,14,0.7777777777777778,18,0.0,1.0,1.0
a86e4e30-f15c-480f-ab84-f35fe7d031ee,33,0.9166666666666666,36,0.9393939393939394,0.3333333333333333,-0.6060606060606062
a875afe1-ebcc-412d-b915-08eed9c58149,36,0.9,40,0.7222222222222222,0.25,-0.4722222222222222
a87ee3b1-5580-4044-a659-e9a650cc637d,7,0.30434782608695654,23,0.14285714285714285,1.0,0.8571428571428572
a87ee3b1-5580-4044-a659-e9a650cc637d,10,0.43478260869565216,23,1.0,0.15384615384615385,-0.8461538461538461
a88afe1c-0f7a-42ed-abd5-b00f60bb60b0,17,0.4722222222222222,36,0.8823529411764706,0.3333333333333333,-0.5490196078431373
a88afe1c-0f7a-42ed-abd5-b00f60bb60b0,23,0.6388888888888888,36,0.3333333333333333,0.8461538461538461,0.5128205128205128
a89081cc-0c0a-47a8-bf14-74b8812437f5,21,0.45652173913043476,46,0.6666666666666666,1.0,0.33333333333333337
a893a325-5323-4e9a-975a-6bf68b15feb7,11,0.6111111111111112,18,0.9090909090909091,0.42857142857142855,-0.4805194805194805
a8b3dac6-f938-418c-a7e0-d73741120f9b,5,0.29411764705882354,17,1.0,0.3333333333333333,-0.6666666666666667
a8b3dac6-f938-418c-a7e0-d73741120f9b,11,0.6470588235294118,17,0.3333333333333333,0.8333333333333334,0.5
a8b43a03-c2ce-4928-8f83-3298c590507d,11,0.22,50,0.6363636363636364,0.13043478260869565,-0.5059288537549407
a8b43a03-c2ce-4928-8f83-3298c590507d,34,0.68,50,0.13043478260869565,0.625,0.4945652173913043
a8bde597-233d-4f31-bd97-5b0afaf9240e,5,0.1111111111111111,45,1.0,0.0,-1.0
a8bde597-233d-4f31-bd97-5b0afaf9240e,8,0.17777777777777778,45,0.0,0.84375,0.84375
a8bde597-233d-4f31-bd97-5b0afaf9240e,40,0.8888888888888888,45,0.84375,0.4,-0.44375
a8d10d44-418c-408a-aee0-07cb04fe7352,17,0.7391304347826086,23,0.9411764705882353,0.16666666666666666,-0.7745098039215687
a918900a-77b3-4df3-af2c-c78a996d6841,16,0.6666666666666666,24,0.8125,0.0,-0.8125
a92aaec1-3d0f-4ffb-87b2-50beccc12440,7,0.19444444444444445,36,0.8571428571428571,0.0,-0.8571428571428571
a92aaec1-3d0f-4ffb-87b2-50beccc12440,11,0.3055555555555556,36,0.0,0.72,0.72
a94ebe6d-df26-4106-b98a-165e40512af8,17,0.3695652173913043,46,0.7647058823529411,0.0,-0.7647058823529411
a97e3f58-1fa6-4652-bd75-4c98a88e6969,16,0.42105263157894735,38,0.125,0.45454545454545453,0.32954545454545453
a99272b2-f1d9-47ca-8f9b-6010b8a1f5eb,3,0.08333333333333333,36,0.6666666666666666,0.0,-0.6666666666666666
a99272b2-f1d9-47ca-8f9b-6010b8a1f5eb,8,0.2222222222222222,36,0.0,0.6666666666666666,0.6666666666666666
a99272b2-f1d9-47ca-8f9b-6010b8a1f5eb,14,0.3888888888888889,36,0.6666666666666666,0.08333333333333333,-0.5833333333333333
a99272b2-f1d9-47ca-8f9b-6010b8a1f5eb,26,0.7222222222222222,36,0.08333333333333333,0.8333333333333334,0.75
a99272b2-f1d9-47ca-8f9b-6010b8a1f5eb,32,0.8888888888888888,36,0.8333333333333334,0.25,-0.5833333333333334
a9945070-d2d5-4816-b592-d7a59791d8bf,3,0.125,24,0.3333333333333333,1.0,0.6666666666666667
a9945070-d2d5-4816-b592-d7a59791d8bf,7,0.2916666666666667,24,1.0,0.23529411764705882,-0.7647058823529411
a9a5f0dc-ec7d-4cfb-8d5f-374160ba7ab1,6,0.15384615384615385,39,0.16666666666666666,0.6666666666666666,0.5
a9a5f0dc-ec7d-4cfb-8d5f-374160ba7ab1,24,0.6153846153846154,39,0.6666666666666666,0.0,-0.6666666666666666
a9a5f0dc-ec7d-4cfb-8d5f-374160ba7ab1,27,0.6923076923076923,39,0.0,1.0,1.0
a9a5f0dc-ec7d-4cfb-8d5f-374160ba7ab1,32,0.8205128205128205,39,1.0,0.0,-1.0
a9a5f0dc-ec7d-4cfb-8d5f-374160ba7ab1,35,0.8974358974358975,39,0.0,0.75,0.75
a9abd917-503b-4c59-89f7-34cba77567e0,31,0.62,50,0.45161290322580644,1.0,0.5483870967741935
a9abd917-503b-4c59-89f7-34cba77567e0,41,0.82,50,1.0,0.3333333333333333,-0.6666666666666667
a9c03f5c-83ad-4ca7-9923-e58d0803617d,5,0.1388888888888889,36,0.4,0.9,0.5
a9c03f5c-83ad-4ca7-9923-e58d0803617d,15,0.4166666666666667,36,0.9,0.0,-0.9
a9c03f5c-83ad-4ca7-9923-e58d0803617d,18,0.5,36,0.0,0.8888888888888888,0.8888888888888888
a9c70671-2d3f-4db3-aa26-6dfae23849c4,6,0.35294117647058826,17,0.5,1.0,0.5
a9c70671-2d3f-4db3-aa26-6dfae23849c4,13,0.7647058823529411,17,1.0,0.25,-0.75
a9da88d2-8426-4d3b-a565-6b7e701b312d,35,0.7608695652173914,46,0.7142857142857143,0.2857142857142857,-0.4285714285714286
a9da88d2-8426-4d3b-a565-6b7e701b312d,42,0.9130434782608695,46,0.2857142857142857,1.0,0.7142857142857143
a9fe915f-fe72-4322-a537-b282a3534edc,20,0.4444444444444444,45,0.6,0.0,-0.6
aa034c56-ac40-4bae-a2b8-34e048e02406,26,0.896551724137931,29,1.0,0.3333333333333333,-0.6666666666666667
aa0f81eb-c280-420d-9b83-96ceea33e6db,22,0.7857142857142857,28,1.0,0.5,-0.5
aa2ad5e8-53e4-45a4-b7a8-42cb91d869c2,16,0.7272727272727273,22,0.375,1.0,0.625
aa2ad5e8-53e4-45a4-b7a8-42cb91d869c2,19,0.8636363636363636,22,1.0,0.0,-1.0
aa35cba2-6480-40a5-92de-7b1524687fc1,14,0.8235294117647058,17,0.9285714285714286,0.3333333333333333,-0.5952380952380953
aa424ca0-740e-4fe5-bdf6-c614bf7cb958,5,0.1724137931034483,29,1.0,0.0,-1.0
aa424ca0-740e-4fe5-bdf6-c614bf7cb958,8,0.27586206896551724,29,0.0,0.7619047619047619,0.7619047619047619
aa4a5e99-ca8e-4917-b827-8338df107e55,5,0.29411764705882354,17,0.4,1.0,0.6
aa4a5e99-ca8e-4917-b827-8338df107e55,14,0.8235294117647058,17,1.0,0.0,-1.0
aa50888b-b077-4b4b-b092-4bca38f44966,7,0.2413793103448276,29,0.2857142857142857,0.7857142857142857,0.5
aa50888b-b077-4b4b-b092-4bca38f44966,21,0.7241379310344828,29,0.7857142857142857,0.0,-0.7857142857142857
aa6d5417-7296-49bd-8298-e9af0f92ad38,8,0.2222222222222222,36,0.625,0.0,-0.625
aa6d5417-7296-49bd-8298-e9af0f92ad38,12,0.3333333333333333,36,0.0,0.9166666666666666,0.9166666666666666
aa7481f3-d481-47b6-a6e2-987a6bc77447,10,0.43478260869565216,23,0.7,0.0,-0.7
aa7481f3-d481-47b6-a6e2-987a6bc77447,13,0.5652173913043478,23,0.0,1.0,1.0
aa7481f3-d481-47b6-a6e2-987a6bc77447,16,0.6956521739130435,23,1.0,0.14285714285714285,-0.8571428571428572
aa7cfc8d-556b-4842-8312-99c25e4538e7,3,0.17647058823529413,17,0.3333333333333333,1.0,0.6666666666666667
aa86bf8e-2543-4153-b491-4455ee2b4b67,4,0.23529411764705882,17,1.0,0.38461538461538464,-0.6153846153846154
aa8e33e6-d780-47ec-8deb-5ab202aaf354,30,0.75,40,0.03333333333333333,0.8,0.7666666666666667
aa8e7cf2-275b-4249-82b5-377d00228548,9,0.391304347826087,23,0.8888888888888888,0.42857142857142855,-0.4603174603174603
aa92ff72-833c-4879-95a6-ff9b665b5527,25,0.6944444444444444,36,0.92,0.0,-0.92
aa92ff72-833c-4879-95a6-ff9b665b5527,29,0.8055555555555556,36,0.0,1.0,1.0
aa95ad1e-789f-48fb-b9d2-99dc50aad17f,12,0.6666666666666666,18,0.4166666666666667,0.0,-0.4166666666666667
aa974f6f-2bab-4989-afd0-586fa4a7b8d7,10,0.3448275862068966,29,0.9,0.16666666666666666,-0.7333333333333334
aa974f6f-2bab-4989-afd0-586fa4a7b8d7,16,0.5517241379310345,29,0.16666666666666666,0.9,0.7333333333333334
aa974f6f-2bab-4989-afd0-586fa4a7b8d7,26,0.896551724137931,29,0.9,0.3333333333333333,-0.5666666666666667
aa99e853-4aa6-418b-9256-ad4180982665,30,0.6521739130434783,46,0.8333333333333334,0.0,-0.8333333333333334
aa99e853-4aa6-418b-9256-ad4180982665,33,0.717391304347826,46,0.0,0.7692307692307693,0.7692307692307693
aaa48417-9bfe-40f0-9322-7dca911fd3f1,24,0.8275862068965517,29,0.875,0.2,-0.675
aab6e4b7-21d6-41ec-a014-12c7bec7d1dc,6,0.3333333333333333,18,0.6666666666666666,0.25,-0.41666666666666663
aaf23779-1467-424a-ab5d-18d3468abcd9,20,0.5,40,0.9,0.55,-0.35
ab16b894-7d4f-476c-ae7b-0a8df8a885cb,4,0.2222222222222222,18,0.0,0.6666666666666666,0.6666666666666666
ab16b894-7d4f-476c-ae7b-0a8df8a885cb,7,0.3888888888888889,18,0.6666666666666666,0.0,-0.6666666666666666
ab17e8d9-c499-4609-a2de-e2bbf6df94c8,11,0.6111111111111112,18,0.8181818181818182,0.0,-0.8181818181818182
ab17e8d9-c499-4609-a2de-e2bbf6df94c8,14,0.7777777777777778,18,0.0,0.75,0.75
ab32d2e7-1015-4f47-952c-e22d2ce52a71,11,0.275,40,0.7272727272727273,0.0,-0.7272727272727273
ab32d2e7-1015-4f47-952c-e22d2ce52a71,14,0.35,40,0.0,0.7307692307692307,0.7307692307692307
ab3e695a-4ce9-40e1-9a26-152206c7472b,10,0.3448275862068966,29,0.9,0.3684210526315789,-0.5315789473684212
ab5c0429-bfba-4a5c-a598-260aa7016162,43,0.86,50,0.8837209302325582,0.42857142857142855,-0.4551495016611296
ab7253b2-9762-4b31-a5c7-f20a694e3752,21,0.5,42,0.8095238095238095,0.0,-0.8095238095238095
ab7253b2-9762-4b31-a5c7-f20a694e3752,25,0.5952380952380952,42,0.0,0.5294117647058824,0.5294117647058824
ab7d3eb8-cc46-4ce8-a365-dfeda03bc4ae,22,0.6111111111111112,36,0.9545454545454546,0.5714285714285714,-0.3831168831168832
ab800e21-7f49-4b92-9435-2f90dc95463a,18,0.8181818181818182,22,1.0,0.0,-1.0
ab892ed7-6bf6-4848-b40b-785949a82fe4,37,0.8222222222222222,45,0.9459459459459459,0.0,-0.9459459459459459
ab892ed7-6bf6-4848-b40b-785949a82fe4,40,0.8888888888888888,45,0.0,0.8,0.8
aba24417-ed2e-4e49-bb1b-114788d061c9,8,0.16,50,0.875,0.0,-0.875
aba24417-ed2e-4e49-bb1b-114788d061c9,11,0.22,50,0.0,0.8205128205128205,0.8205128205128205
ababb8a8-81ae-4da6-9f9d-60c530681584,43,0.86,50,0.046511627906976744,1.0,0.9534883720930233
ababb8a8-81ae-4da6-9f9d-60c530681584,47,0.94,50,1.0,0.3333333333333333,-0.6666666666666667
abb21ae4-04b8-451a-b254-26bdf16974cc,12,0.5217391304347826,23,0.9166666666666666,0.0,-0.9166666666666666
abb21ae4-04b8-451a-b254-26bdf16974cc,16,0.6956521739130435,23,0.0,0.7142857142857143,0.7142857142857143
abb8a5dc-495f-4bfe-b54b-cf1b98c099b0,35,0.8974358974358975,39,0.7428571428571429,0.0,-0.7428571428571429
abcfab1c-f999-4a86-bdac-fb22a062f963,4,0.08,50,1.0,0.2222222222222222,-0.7777777777777778
abcfab1c-f999-4a86-bdac-fb22a062f963,13,0.26,50,0.2222222222222222,0.8,0.5777777777777778
abcfab1c-f999-4a86-bdac-fb22a062f963,18,0.36,50,0.8,0.0,-0.8
abcfab1c-f999-4a86-bdac-fb22a062f963,23,0.46,50,0.0,0.7037037037037037,0.7037037037037037
abd33664-c288-4cde-832e-94ba77f7d31d,17,0.7083333333333334,24,0.8823529411764706,0.42857142857142855,-0.453781512605042
abfc068b-435a-4fbc-9344-9abc5abf7c8d,33,0.66,50,0.030303030303030304,0.75,0.7196969696969697
abfc068b-435a-4fbc-9344-9abc5abf7c8d,41,0.82,50,0.75,0.1111111111111111,-0.6388888888888888
ac06df93-3706-4541-8351-c0790720605b,22,0.5365853658536586,41,0.7727272727272727,0.4166666666666667,-0.356060606060606
ac06df93-3706-4541-8351-c0790720605b,34,0.8292682926829268,41,0.4166666666666667,1.0,0.5833333333333333
ac13d0c0-a1ff-4ed5-9672-92c1513e5867,20,0.43478260869565216,46,0.95,0.5714285714285714,-0.37857142857142856
ac13d0c0-a1ff-4ed5-9672-92c1513e5867,41,0.8913043478260869,46,0.5714285714285714,1.0,0.4285714285714286
ac291760-ce15-4a7c-b5a8-4c0f7846b24f,7,0.30434782608695654,23,0.42857142857142855,0.0625,-0.36607142857142855
ac3204e6-aa44-4e32-8499-452c48ddcd70,5,0.29411764705882354,17,0.4,1.0,0.6
ac3204e6-aa44-4e32-8499-452c48ddcd70,13,0.7647058823529411,17,1.0,0.0,-1.0
ac4f3e66-57db-4e35-93bb-e195e25fa5ea,21,0.5,42,0.7142857142857143,0.15384615384615385,-0.5604395604395604
ac4f3e66-57db-4e35-93bb-e195e25fa5ea,34,0.8095238095238095,42,0.15384615384615385,0.75,0.5961538461538461
ac54a223-40f0-44be-afc4-91e41297bb55,6,0.13333333333333333,45,1.0,0.0,-1.0
ac54a223-40f0-44be-afc4-91e41297bb55,10,0.2222222222222222,45,0.0,0.8181818181818182,0.8181818181818182
ac54a223-40f0-44be-afc4-91e41297bb55,21,0.4666666666666667,45,0.8181818181818182,0.0,-0.8181818181818182
ac54a223-40f0-44be-afc4-91e41297bb55,24,0.5333333333333333,45,0.0,1.0,1.0
ac54a223-40f0-44be-afc4-91e41297bb55,27,0.6,45,1.0,0.4,-0.6
ac54a223-40f0-44be-afc4-91e41297bb55,42,0.9333333333333333,45,0.4,1.0,0.6
ac6052da-65c5-44d7-9141-e73f7dee36da,4,0.2222222222222222,18,0.5,0.0,-0.5
ac7959d8-958b-49a7-abd6-f9a8e3052bbf,5,0.125,40,0.0,0.8,0.8
ac7959d8-958b-49a7-abd6-f9a8e3052bbf,10,0.25,40,0.8,0.13333333333333333,-0.6666666666666667
ac8476f7-9f18-413e-9319-f9f0b7fc06e8,21,0.5,42,1.0,0.2222222222222222,-0.7777777777777778
ac8476f7-9f18-413e-9319-f9f0b7fc06e8,30,0.7142857142857143,42,0.2222222222222222,0.7777777777777778,0.5555555555555556
ac8476f7-9f18-413e-9319-f9f0b7fc06e8,39,0.9285714285714286,42,0.7777777777777778,0.0,-0.7777777777777778
accc785b-cc4b-46e0-a12d-12ef17a76229,47,0.94,50,0.851063829787234,0.3333333333333333,-0.5177304964539007
acd49d18-41a2-426c-8c68-2e6f699a42b6,9,0.25,36,0.8888888888888888,0.0,-0.8888888888888888
acd49d18-41a2-426c-8c68-2e6f699a42b6,12,0.3333333333333333,36,0.0,0.875,0.875
aceb627b-8150-4666-96d3-e369ca4f4b6a,9,0.5,18,0.6666666666666666,0.0,-0.6666666666666666
acf07877-e04c-4080-8787-f84a58209b65,35,0.7,50,0.0,0.6666666666666666,0.6666666666666666
ad063611-9c0d-4920-9612-b3f2e56394ca,14,0.6086956521739131,23,0.9285714285714286,0.3333333333333333,-0.5952380952380953
ad0bbe6b-24db-4ceb-8203-aff84541a083,4,0.08,50,0.25,0.8043478260869565,0.5543478260869565
ad285b1f-568f-4212-84c8-b99ff70eeeac,20,0.8695652173913043,23,0.95,0.3333333333333333,-0.6166666666666667
ad35ff3b-d787-4344-ba97-37d67cc45d75,21,0.525,40,0.8095238095238095,0.3,-0.5095238095238095
ad35ff3b-d787-4344-ba97-37d67cc45d75,31,0.775,40,0.3,1.0,0.7
ad35ff3b-d787-4344-ba97-37d67cc45d75,34,0.85,40,1.0,0.0,-1.0
ad35ff3b-d787-4344-ba97-37d67cc45d75,37,0.925,40,0.0,1.0,1.0
ad54b4e2-ff52-48df-afe3-fa433098f4a8,17,0.4722222222222222,36,1.0,0.5,-0.5
ad54b4e2-ff52-48df-afe3-fa433098f4a8,31,0.8611111111111112,36,0.5,0.0,-0.5
ad947513-ede8-4359-9f52-94837fcdc5fe,4,0.08695652173913043,46,0.25,1.0,0.75
ad947513-ede8-4359-9f52-94837fcdc5fe,9,0.1956521739130435,46,1.0,0.0,-1.0
ad947513-ede8-4359-9f52-94837fcdc5fe,12,0.2608695652173913,46,0.0,1.0,1.0
ad947513-ede8-4359-9f52-94837fcdc5fe,15,0.32608695652173914,46,1.0,0.3125,-0.6875
ad947513-ede8-4359-9f52-94837fcdc5fe,31,0.6739130434782609,46,0.3125,0.8,0.48750000000000004
ad97a25c-4348-4664-a799-7661d09d7503,3,0.125,24,0.6666666666666666,0.15384615384615385,-0.5128205128205128
ad97a25c-4348-4664-a799-7661d09d7503,16,0.6666666666666666,24,0.15384615384615385,0.75,0.5961538461538461
adb02d90-c556-4731-9d1b-1b2dc889a2d4,15,0.8333333333333334,18,0.0,0.6666666666666666,0.6666666666666666
adeefa2a-b0d3-4423-8994-16e73253aebc,9,0.5,18,0.8888888888888888,0.2222222222222222,-0.6666666666666666
adef7c6c-63e9-461a-9bbe-000cce855ce3,8,0.16666666666666666,48,1.0,0.4666666666666667,-0.5333333333333333
adef7c6c-63e9-461a-9bbe-000cce855ce3,23,0.4791666666666667,48,0.4666666666666667,0.9285714285714286,0.46190476190476193
adef7c6c-63e9-461a-9bbe-000cce855ce3,37,0.7708333333333334,48,0.9285714285714286,0.5454545454545454,-0.3831168831168832
adf031e4-2395-49fb-9bdf-061c1b4afe6c,22,0.55,40,0.7727272727272727,0.0,-0.7727272727272727
adf031e4-2395-49fb-9bdf-061c1b4afe6c,26,0.65,40,0.0,0.7142857142857143,0.7142857142857143
adfc6f82-6e9f-4187-bde2-ae949706cb1b,4,0.09523809523809523,42,1.0,0.5483870967741935,-0.4516129032258065
adfc6f82-6e9f-4187-bde2-ae949706cb1b,35,0.8333333333333334,42,0.5483870967741935,0.14285714285714285,-0.40552995391705066
ae17d7ae-b9ce-4ff1-98a7-715a20d17da8,6,0.3333333333333333,18,0.8333333333333334,0.0,-0.8333333333333334
ae17d7ae-b9ce-4ff1-98a7-715a20d17da8,9,0.5,18,0.0,0.6666666666666666,0.6666666666666666
ae3c207c-7681-4c3c-bca8-00cbaa58a491,4,0.1111111111111111,36,1.0,0.0,-1.0
ae3c207c-7681-4c3c-bca8-00cbaa58a491,7,0.19444444444444445,36,0.0,0.7,0.7
ae3c207c-7681-4c3c-bca8-00cbaa58a491,17,0.4722222222222222,36,0.7,0.23076923076923078,-0.4692307692307692
ae3c207c-7681-4c3c-bca8-00cbaa58a491,30,0.8333333333333334,36,0.23076923076923078,0.6666666666666666,0.43589743589743585
ae4d466f-96f9-4080-8b6d-a9d8daafb9d4,9,0.391304347826087,23,0.6666666666666666,0.0,-0.6666666666666666
ae4d466f-96f9-4080-8b6d-a9d8daafb9d4,13,0.5652173913043478,23,0.0,0.7,0.7
ae60dc06-1ab4-48ea-a445-2c375ac97daf,10,0.21739130434782608,46,0.6,0.25,-0.35
ae60dc06-1ab4-48ea-a445-2c375ac97daf,30,0.6521739130434783,46,0.25,1.0,0.75
ae60dc06-1ab4-48ea-a445-2c375ac97daf,33,0.717391304347826,46,1.0,0.16666666666666666,-0.8333333333333334
ae60dc06-1ab4-48ea-a445-2c375ac97daf,39,0.8478260869565217,46,0.16666666666666666,0.8571428571428571,0.6904761904761905
ae64a1d1-eb0e-4fa2-8a8a-bf17c770c92b,21,0.7241379310344828,29,0.9047619047619048,0.25,-0.6547619047619048
ae64a1d1-eb0e-4fa2-8a8a-bf17c770c92b,25,0.8620689655172413,29,0.25,1.0,0.75
ae65b37b-d9a5-4bad-9463-440e6c6b11a6,3,0.16666666666666666,18,0.6666666666666666,0.0,-0.6666666666666666
ae65b37b-d9a5-4bad-9463-440e6c6b11a6,12,0.6666666666666666,18,0.0,0.5,0.5
ae735f15-d187-4f02-ab9b-c903114594ac,6,0.25,24,1.0,0.0,-1.0
ae735f15-d187-4f02-ab9b-c903114594ac,9,0.375,24,0.0,0.9333333333333333,0.9333333333333333
ae7fe56f-8a06-4e73-aed5-79965a2fe654,19,0.7916666666666666,24,0.8421052631578947,0.0,-0.8421052631578947
ae926792-237d-44f5-ba60-5d073c6318c0,8,0.47058823529411764,17,0.875,0.3333333333333333,-0.5416666666666667
ae96d24e-de31-4412-b541-e78218f8feb5,34,0.68,50,0.8529411764705882,0.0,-0.8529411764705882
ae96d24e-de31-4412-b541-e78218f8feb5,37,0.74,50,0.0,0.7692307692307693,0.7692307692307693
aeadcf15-2d9b-4001-94d2-52959a41b427,7,0.15555555555555556,45,0.2857142857142857,1.0,0.7142857142857143
aeadcf15-2d9b-4001-94d2-52959a41b427,10,0.2222222222222222,45,1.0,0.16,-0.84
aeadcf15-2d9b-4001-94d2-52959a41b427,35,0.7777777777777778,45,0.16,1.0,0.84
aeadcf15-2d9b-4001-94d2-52959a41b427,38,0.8444444444444444,45,1.0,0.14285714285714285,-0.8571428571428572
aeba6575-eba9-498f-b7ef-a4dea567f843,10,0.2222222222222222,45,0.9,0.0,-0.9
aeba6575-eba9-498f-b7ef-a4dea567f843,15,0.3333333333333333,45,0.0,0.8,0.8
aed8b1f4-d7f0-427c-ac7d-1177ef806b5b,13,0.3611111111111111,36,0.9230769230769231,0.34782608695652173,-0.5752508361204014
aee41895-baa1-49d5-9b09-49066d8b8f63,11,0.3055555555555556,36,0.7272727272727273,0.0,-0.7272727272727273
aee41895-baa1-49d5-9b09-49066d8b8f63,14,0.3888888888888889,36,0.0,0.7272727272727273,0.7272727272727273
aee6b4ee-105e-4f09-b2b1-f422fe0784be,5,0.21739130434782608,23,0.4,1.0,0.6
aee6b4ee-105e-4f09-b2b1-f422fe0784be,10,0.43478260869565216,23,1.0,0.0,-1.0
aee6b4ee-105e-4f09-b2b1-f422fe0784be,14,0.6086956521739131,23,0.0,0.8,0.8
aee6b4ee-105e-4f09-b2b1-f422fe0784be,19,0.8260869565217391,23,0.8,0.25,-0.55
aee6cfa7-c062-4358-a5e7-cf98d64f25a9,10,0.25,40,0.1,0.75,0.65
aee6cfa7-c062-4358-a5e7-cf98d64f25a9,14,0.35,40,0.75,0.038461538461538464,-0.7115384615384616
aeff3dff-8eb0-44d1-9da8-9a352b77f6c8,16,0.42105263157894735,38,0.8125,0.2727272727272727,-0.5397727272727273
aeff3dff-8eb0-44d1-9da8-9a352b77f6c8,27,0.7105263157894737,38,0.2727272727272727,0.9090909090909091,0.6363636363636364
af075d1a-ebff-4bf1-b332-14f833fcd6b3,23,0.575,40,0.8695652173913043,0.35294117647058826,-0.5166240409207161
af3fbbcb-e18c-4188-b1da-5768c8443116,19,0.5,38,0.7894736842105263,0.14285714285714285,-0.6466165413533835
af3fbbcb-e18c-4188-b1da-5768c8443116,26,0.6842105263157895,38,0.14285714285714285,0.75,0.6071428571428572
af463133-c8cd-480f-9fd7-0c25cb2540f9,7,0.30434782608695654,23,1.0,0.625,-0.375
af5ccb87-8b95-484e-b435-9adf7cf1f5ff,20,0.5555555555555556,36,0.65,1.0,0.35
af5ccb87-8b95-484e-b435-9adf7cf1f5ff,30,0.8333333333333334,36,1.0,0.3333333333333333,-0.6666666666666667
af8b3452-b6bd-40ca-a151-37b5ddd9b917,5,0.29411764705882354,17,0.4,0.8333333333333334,0.43333333333333335
afba8edd-cbf8-465f-885f-b146da0034f8,25,0.5555555555555556,45,0.96,0.3333333333333333,-0.6266666666666667
afba8edd-cbf8-465f-885f-b146da0034f8,31,0.6888888888888889,45,0.3333333333333333,0.8571428571428571,0.5238095238095237
afd05553-de35-487b-9b78-7d1a839c9a57,24,0.5217391304347826,46,0.7916666666666666,0.0,-0.7916666666666666
afd05553-de35-487b-9b78-7d1a839c9a57,30,0.6521739130434783,46,0.0,0.75,0.75
afdbab72-cbbe-4de3-9d3b-db28745f77f5,26,0.896551724137931,29,0.8076923076923077,0.0,-0.8076923076923077
afe60d64-f38c-4a89-84fe-f96dde5fa476,4,0.1111111111111111,36,0.75,0.0,-0.75
afe60d64-f38c-4a89-84fe-f96dde5fa476,9,0.25,36,0.0,0.8,0.8
afe60d64-f38c-4a89-84fe-f96dde5fa476,14,0.3888888888888889,36,0.8,0.0,-0.8
afe60d64-f38c-4a89-84fe-f96dde5fa476,26,0.7222222222222222,36,0.0,0.4,0.4
afec65b1-fa4c-42c9-ade7-c08da8752796,9,0.5294117647058824,17,0.3333333333333333,1.0,0.6666666666666667
afec65b1-fa4c-42c9-ade7-c08da8752796,12,0.7058823529411765,17,1.0,0.0,-1.0
b0043e38-d4b8-4ea5-8dc7-a41ba5aaa458,16,0.35555555555555557,45,0.5625,1.0,0.4375
b0043e38-d4b8-4ea5-8dc7-a41ba5aaa458,29,0.6444444444444445,45,1.0,0.0,-1.0
b0043e38-d4b8-4ea5-8dc7-a41ba5aaa458,33,0.7333333333333333,45,0.0,0.5,0.5
b0068ed8-ef77-4940-acef-b06aa850a233,9,0.21428571428571427,42,0.8888888888888888,0.25,-0.6388888888888888
b0068ed8-ef77-4940-acef-b06aa850a233,13,0.30952380952380953,42,0.25,1.0,0.75
b0068ed8-ef77-4940-acef-b06aa850a233,20,0.47619047619047616,42,1.0,0.18181818181818182,-0.8181818181818181
b009c4c5-0f4a-4e4a-8513-d02f2a8ae930,16,0.6666666666666666,24,1.0,0.625,-0.375
b0102be3-3f2f-4dc2-a20a-179992dc1023,20,0.6896551724137931,29,0.95,0.5555555555555556,-0.3944444444444444
b01504df-92e5-49fb-a606-4e45201b9224,33,0.825,40,0.8787878787878788,0.25,-0.6287878787878788
b01504df-92e5-49fb-a606-4e45201b9224,37,0.925,40,0.25,1.0,0.75
b0457cb3-066c-419c-8f2d-bebc7ef52239,3,0.10714285714285714,28,0.0,0.5833333333333334,0.5833333333333334
b0457cb3-066c-419c-8f2d-bebc7ef52239,15,0.5357142857142857,28,0.5833333333333334,0.15384615384615385,-0.4294871794871795
b092786e-79a5-431c-87e2-ef36dbf9c323,4,0.16666666666666666,24,0.0,1.0,1.0
b092786e-79a5-431c-87e2-ef36dbf9c323,8,0.3333333333333333,24,1.0,0.0625,-0.9375
b0b5128a-a503-407d-a8c6-91f3aa159964,6,0.2608695652173913,23,0.6666666666666666,0.0,-0.6666666666666666
b0b5128a-a503-407d-a8c6-91f3aa159964,15,0.6521739130434783,23,0.0,1.0,1.0
b0b5128a-a503-407d-a8c6-91f3aa159964,18,0.782608695652174,23,1.0,0.4,-0.6
b0b59c03-1b65-43e0-9379-fbe6e3512289,20,0.8333333333333334,24,0.95,0.5,-0.44999999999999996
b0dfb277-216a-49db-96c6-8440a2fbea69,30,0.6,50,0.43333333333333335,0.0,-0.43333333333333335
b0dfb277-216a-49db-96c6-8440a2fbea69,38,0.76,50,0.0,0.8333333333333334,0.8333333333333334
b0dfb277-216a-49db-96c6-8440a2fbea69,44,0.88,50,0.8333333333333334,0.16666666666666666,-0.6666666666666667
b0e65b29-6d9c-4729-a307-035094f25b46,39,0.78,50,0.9743589743589743,0.42857142857142855,-0.5457875457875458
b0e65b29-6d9c-4729-a307-035094f25b46,46,0.92,50,0.42857142857142855,1.0,0.5714285714285714
b105b637-8c3c-436e-a07e-9e86da399443,43,0.86,50,1.0,0.5714285714285714,-0.4285714285714286
b1154f0d-4974-418f-b63b-f5bc4ebe3bb9,12,0.3,40,0.9166666666666666,0.0,-0.9166666666666666
b1154f0d-4974-418f-b63b-f5bc4ebe3bb9,15,0.375,40,0.0,0.7142857142857143,0.7142857142857143
b1154f0d-4974-418f-b63b-f5bc4ebe3bb9,29,0.725,40,0.7142857142857143,0.36363636363636365,-0.35064935064935066
b12638a9-7f81-4a3a-9e41-14596b804a24,43,0.86,50,0.9767441860465116,0.42857142857142855,-0.548172757475083
b12bbc7c-d13e-4946-ba5a-55a2992c4236,13,0.5416666666666666,24,0.8461538461538461,0.0,-0.8461538461538461
b12bbc7c-d13e-4946-ba5a-55a2992c4236,16,0.6666666666666666,24,0.0,0.75,0.75
b14d713b-fd5a-439a-8048-22de632a80ce,8,0.34782608695652173,23,0.875,0.0,-0.875
b14d713b-fd5a-439a-8048-22de632a80ce,11,0.4782608695652174,23,0.0,0.8333333333333334,0.8333333333333334
b170efb9-4f09-4519-a1b0-7d43154e1c53,16,0.38095238095238093,42,0.625,0.19230769230769232,-0.4326923076923077
b18fb0c8-34e2-4ac4-9a6c-0a38ae03a948,9,0.25,36,1.0,0.3333333333333333,-0.6666666666666667
b18fb0c8-34e2-4ac4-9a6c-0a38ae03a948,24,0.6666666666666666,36,0.3333333333333333,1.0,0.6666666666666667
b1905a6e-7eff-44d6-a164-96281d0decbe,8,0.4444444444444444,18,1.0,0.3333333333333333,-0.6666666666666667
b1905a6e-7eff-44d6-a164-96281d0decbe,11,0.6111111111111112,18,0.3333333333333333,1.0,0.6666666666666667
b1a1ea82-726a-4a46-9287-e2a53c924ad8,28,0.6363636363636364,44,0.6428571428571429,0.125,-0.5178571428571429
b1a1ea82-726a-4a46-9287-e2a53c924ad8,36,0.8181818181818182,44,0.125,1.0,0.875
b1a1ea82-726a-4a46-9287-e2a53c924ad8,41,0.9318181818181818,44,1.0,0.0,-1.0
b1bd3990-6d2b-4277-9a7a-03b774800f97,25,0.6578947368421053,38,0.48,0.9230769230769231,0.44307692307692315
b1c6632c-1c3b-4ab3-b2cc-97af3afb2389,3,0.13636363636363635,22,0.6666666666666666,0.125,-0.5416666666666666
b1c6632c-1c3b-4ab3-b2cc-97af3afb2389,19,0.8636363636363636,22,0.125,0.6666666666666666,0.5416666666666666
b1cd9b9a-33ab-4ef2-a168-5ed28734bf0b,14,0.3333333333333333,42,0.21428571428571427,1.0,0.7857142857142857
b1cd9b9a-33ab-4ef2-a168-5ed28734bf0b,17,0.40476190476190477,42,1.0,0.07692307692307693,-0.9230769230769231
b1cd9b9a-33ab-4ef2-a168-5ed28734bf0b,30,0.7142857142857143,42,0.07692307692307693,0.5833333333333334,0.5064102564102564
b1d34235-f01f-4866-a1e3-e36a843e42d3,8,0.2,40,0.625,0.0,-0.625
b1d34235-f01f-4866-a1e3-e36a843e42d3,11,0.275,40,0.0,0.8620689655172413,0.8620689655172413
b1eb2acc-0f22-4e0c-980a-c99055389454,8,0.16,50,0.875,0.0,-0.875
b1eb2acc-0f22-4e0c-980a-c99055389454,11,0.22,50,0.0,0.5641025641025641,0.5641025641025641
b1ef193b-d717-49d2-ae4f-bd29ef91b6d9,20,0.8695652173913043,23,0.55,0.0,-0.55
b2107d4d-a55a-41cb-a18e-f31ee1d2c9ee,11,0.3055555555555556,36,1.0,0.0,-1.0
b2107d4d-a55a-41cb-a18e-f31ee1d2c9ee,14,0.3888888888888889,36,0.0,0.9090909090909091,0.9090909090909091
b2423b91-de94-4259-b2b1-09d3184cb8c4,22,0.5238095238095238,42,1.0,0.0,-1.0
b2423b91-de94-4259-b2b1-09d3184cb8c4,26,0.6190476190476191,42,0.0,0.6666666666666666,0.6666666666666666
b2423b91-de94-4259-b2b1-09d3184cb8c4,32,0.7619047619047619,42,0.6666666666666666,0.0,-0.6666666666666666
b245eea6-acdf-4b91-9366-037c409fa692,10,0.5555555555555556,18,0.2,0.75,0.55
b2484b13-9d21-4c69-a841-30f054c799e7,3,0.08333333333333333,36,0.6666666666666666,0.0,-0.6666666666666666
b2484b13-9d21-4c69-a841-30f054c799e7,10,0.2777777777777778,36,0.0,0.8846153846153846,0.8846153846153846
b25dd1ac-f832-4a7b-9678-f7be0419bce7,5,0.20833333333333334,24,1.0,0.0,-1.0
b25dd1ac-f832-4a7b-9678-f7be0419bce7,10,0.4166666666666667,24,0.0,1.0,1.0
b25dd1ac-f832-4a7b-9678-f7be0419bce7,21,0.875,24,1.0,0.3333333333333333,-0.6666666666666667
b26e058c-e69b-4c9c-bce0-b8a7bd92017d,6,0.35294117647058826,17,0.16666666666666666,0.8181818181818182,0.6515151515151516
b27a834c-a316-4234-8f59-ef55ef7ce987,9,0.375,24,0.6666666666666666,1.0,0.33333333333333337
b28e83e1-4c8b-4f47-92d0-38e156b5e7cb,14,0.3333333333333333,42,0.7857142857142857,0.2857142857142857,-0.5
b28e83e1-4c8b-4f47-92d0-38e156b5e7cb,28,0.6666666666666666,42,0.2857142857142857,1.0,0.7142857142857143
b28e83e1-4c8b-4f47-92d0-38e156b5e7cb,32,0.7619047619047619,42,1.0,0.4,-0.6
b29d62f9-d8e2-4800-b78b-af186afc2ece,20,0.5,40,0.9,0.0,-0.9
b29d62f9-d8e2-4800-b78b-af186afc2ece,23,0.575,40,0.0,0.8823529411764706,0.8823529411764706
b2a6c805-87ef-4af5-acf1-63706c51cfe4,18,0.45,40,0.8888888888888888,0.25,-0.6388888888888888
b2a6c805-87ef-4af5-acf1-63706c51cfe4,22,0.55,40,0.25,1.0,0.75
b2a6c805-87ef-4af5-acf1-63706c51cfe4,29,0.725,40,1.0,0.5454545454545454,-0.4545454545454546
b2c67052-ff46-4c63-89e1-71357e73dc7a,5,0.21739130434782608,23,1.0,0.1111111111111111,-0.8888888888888888
b2cce2c3-11e6-40dc-be04-2b0dbf48b5a1,9,0.5294117647058824,17,0.8888888888888888,0.25,-0.6388888888888888
b2d155a0-b569-440a-afc2-9b765061d8d9,16,0.6956521739130435,23,0.875,0.0,-0.875
b2d155a0-b569-440a-afc2-9b765061d8d9,19,0.8260869565217391,23,0.0,1.0,1.0
b30eadda-f479-410e-bf94-127f72710670,4,0.09523809523809523,42,1.0,0.47368421052631576,-0.5263157894736843
b3186223-c7b0-4ef2-b252-e48cf63143a7,8,0.17391304347826086,46,0.25,1.0,0.75
b3186223-c7b0-4ef2-b252-e48cf63143a7,14,0.30434782608695654,46,1.0,0.2857142857142857,-0.7142857142857143
b3186223-c7b0-4ef2-b252-e48cf63143a7,21,0.45652173913043476,46,0.2857142857142857,0.8181818181818182,0.5324675324675325
b3186223-c7b0-4ef2-b252-e48cf63143a7,32,0.6956521739130435,46,0.8181818181818182,0.0,-0.8181818181818182
b3186223-c7b0-4ef2-b252-e48cf63143a7,36,0.782608695652174,46,0.0,1.0,1.0
b3186223-c7b0-4ef2-b252-e48cf63143a7,39,0.8478260869565217,46,1.0,0.0,-1.0
b3186223-c7b0-4ef2-b252-e48cf63143a7,43,0.9347826086956522,46,0.0,1.0,1.0
b325940f-7091-4138-a4e0-22781f1954d1,14,0.8235294117647058,17,0.8571428571428571,0.3333333333333333,-0.5238095238095237
b32b70bd-71b9-47e9-9c7f-d0a2429cd3b1,19,0.8636363636363636,22,0.8421052631578947,0.0,-0.8421052631578947
b32fd9bf-daa6-4e69-b663-a27a84c0c137,37,0.74,50,0.972972972972973,0.6153846153846154,-0.3575883575883576
b34bc4e3-7676-4168-88ab-027338b944a9,7,0.19444444444444445,36,0.8571428571428571,0.0,-0.8571428571428571
b34bc4e3-7676-4168-88ab-027338b944a9,10,0.2777777777777778,36,0.0,0.5384615384615384,0.5384615384615384
b38069a2-329a-4c35-8696-93600b527793,33,0.825,40,0.9393939393939394,0.25,-0.6893939393939394
b38069a2-329a-4c35-8696-93600b527793,37,0.925,40,0.25,1.0,0.75
b3814f01-8377-4591-81f9-0cfdfd5ad542,34,0.7555555555555555,45,0.8529411764705882,0.2727272727272727,-0.5802139037433155
b383eab6-a99f-45dc-a850-15471241d973,5,0.2777777777777778,18,1.0,0.0,-1.0
b383eab6-a99f-45dc-a850-15471241d973,9,0.5,18,0.0,0.6666666666666666,0.6666666666666666
b3898c20-1a22-49bf-9440-8c901ea1fbda,28,0.6363636363636364,44,0.9642857142857143,0.0,-0.9642857142857143
b3898c20-1a22-49bf-9440-8c901ea1fbda,31,0.7045454545454546,44,0.0,0.7692307692307693,0.7692307692307693
b38c50e6-ad36-4140-9906-e8b50906d804,34,0.85,40,0.08823529411764706,1.0,0.9117647058823529
b38d5bcf-e295-4927-8590-490b3af3a007,13,0.325,40,0.6923076923076923,0.0,-0.6923076923076923
b38d5bcf-e295-4927-8590-490b3af3a007,18,0.45,40,0.0,0.625,0.625
b38d5bcf-e295-4927-8590-490b3af3a007,26,0.65,40,0.625,0.14285714285714285,-0.48214285714285715
b3ab9493-aa1f-4a8f-96cb-27f65364f472,13,0.34210526315789475,38,0.9230769230769231,0.3333333333333333,-0.5897435897435899
b3ab9493-aa1f-4a8f-96cb-27f65364f472,19,0.5,38,0.3333333333333333,0.8181818181818182,0.4848484848484849
b3ab9493-aa1f-4a8f-96cb-27f65364f472,30,0.7894736842105263,38,0.8181818181818182,0.25,-0.5681818181818182
b3b32996-6854-491b-a1fe-77404a8a2fb9,16,0.4,40,0.25,0.8333333333333334,0.5833333333333334
b3cfe226-cea0-4ac3-a54b-32bab955e218,3,0.10344827586206896,29,1.0,0.0,-1.0
b3cfe226-cea0-4ac3-a54b-32bab955e218,7,0.2413793103448276,29,0.0,0.9166666666666666,0.9166666666666666
b3cfe226-cea0-4ac3-a54b-32bab955e218,19,0.6551724137931034,29,0.9166666666666666,0.0,-0.9166666666666666
b3cfe226-cea0-4ac3-a54b-32bab955e218,22,0.7586206896551724,29,0.0,1.0,1.0
b3cfe226-cea0-4ac3-a54b-32bab955e218,25,0.8620689655172413,29,1.0,0.25,-0.75
b3d89c01-e1b5-4ce7-b646-26a59da2a4fa,24,0.5217391304347826,46,0.7083333333333334,0.0,-0.7083333333333334
b3d89c01-e1b5-4ce7-b646-26a59da2a4fa,31,0.6739130434782609,46,0.0,1.0,1.0
b3d89c01-e1b5-4ce7-b646-26a59da2a4fa,35,0.7608695652173914,46,1.0,0.0,-1.0
b3d89c01-e1b5-4ce7-b646-26a59da2a4fa,40,0.8695652173913043,46,0.0,0.8333333333333334,0.8333333333333334
b3e34cdc-afdc-4563-b142-4ec7b4d6760f,33,0.9166666666666666,36,0.5454545454545454,0.0,-0.5454545454545454
b3eda809-8b3e-4884-bd87-7fcd839a96fc,4,0.2222222222222222,18,1.0,0.2,-0.8
b3eda809-8b3e-4884-bd87-7fcd839a96fc,9,0.5,18,0.2,0.8888888888888888,0.6888888888888889
b4182c98-79f9-4e45-b312-5c840eb50330,33,0.868421052631579,38,0.5757575757575758,1.0,0.4242424242424242
b41ae96a-861c-4dec-b046-9690250ba9a2,6,0.20689655172413793,29,0.5,0.0,-0.5
b41ae96a-861c-4dec-b046-9690250ba9a2,14,0.4827586206896552,29,0.0,0.8181818181818182,0.8181818181818182
b41ae96a-861c-4dec-b046-9690250ba9a2,25,0.8620689655172413,29,0.8181818181818182,0.25,-0.5681818181818182
b4214c07-e18a-4d95-8500-5f36e01d1862,13,0.325,40,0.15384615384615385,0.6,0.4461538461538461
b4214c07-e18a-4d95-8500-5f36e01d1862,23,0.575,40,0.6,0.0,-0.6
b4214c07-e18a-4d95-8500-5f36e01d1862,34,0.85,40,0.0,1.0,1.0
b421a1d3-c32b-40d0-902b-271bf2fceab2,33,0.9166666666666666,36,0.8787878787878788,0.0,-0.8787878787878788
b42807d9-ea0e-47bd-98be-2a50dcc92585,17,0.34,50,1.0,0.6,-0.4
b42807d9-ea0e-47bd-98be-2a50dcc92585,27,0.54,50,0.6,0.0,-0.6
b42807d9-ea0e-47bd-98be-2a50dcc92585,30,0.6,50,0.0,0.8571428571428571,0.8571428571428571
b42807d9-ea0e-47bd-98be-2a50dcc92585,44,0.88,50,0.8571428571428571,0.3333333333333333,-0.5238095238095237
b4361149-ff32-4a2b-a428-ab0b58c8588d,11,0.4583333333333333,24,0.45454545454545453,0.9230769230769231,0.4685314685314686
b438d82f-f8c7-477f-8adc-0625beaf6114,25,0.8620689655172413,29,0.96,0.25,-0.71
b43fa6a6-5415-4268-8bfa-138ea46c1dc7,8,0.17777777777777778,45,1.0,0.6,-0.4
b43fa6a6-5415-4268-8bfa-138ea46c1dc7,23,0.5111111111111111,45,0.6,0.18181818181818182,-0.41818181818181815
b44507f4-36ad-4019-b3b1-d5e849a2d2ec,5,0.2777777777777778,18,0.8,0.0,-0.8
b44507f4-36ad-4019-b3b1-d5e849a2d2ec,9,0.5,18,0.0,1.0,1.0
b44507f4-36ad-4019-b3b1-d5e849a2d2ec,13,0.7222222222222222,18,1.0,0.4,-0.6
b449f25e-2728-433f-80e8-adc363c9e541,12,0.6666666666666666,18,0.9166666666666666,0.0,-0.9166666666666666
b449f25e-2728-433f-80e8-adc363c9e541,15,0.8333333333333334,18,0.0,0.6666666666666666,0.6666666666666666
b44ab288-7f5f-4671-ac5f-bba05f0ea40e,11,0.4782608695652174,23,1.0,0.0,-1.0
b44ab288-7f5f-4671-ac5f-bba05f0ea40e,14,0.6086956521739131,23,0.0,0.7777777777777778,0.7777777777777778
b45cbb25-6d6e-4865-8f49-4c627bb39483,3,0.06521739130434782,46,0.3333333333333333,0.9069767441860465,0.5736434108527131
b4608397-a635-4c7d-88ef-cb67cf27059d,14,0.3888888888888889,36,0.5,1.0,0.5
b4608397-a635-4c7d-88ef-cb67cf27059d,19,0.5277777777777778,36,1.0,0.0,-1.0
b4608397-a635-4c7d-88ef-cb67cf27059d,22,0.6111111111111112,36,0.0,0.8571428571428571,0.8571428571428571
b4608397-a635-4c7d-88ef-cb67cf27059d,29,0.8055555555555556,36,0.8571428571428571,0.0,-0.8571428571428571
b4608397-a635-4c7d-88ef-cb67cf27059d,32,0.8888888888888888,36,0.0,0.75,0.75
b4629875-23b3-4a04-b58e-649d98aafd0b,20,0.5,40,0.95,0.375,-0.575
b4629875-23b3-4a04-b58e-649d98aafd0b,28,0.7,40,0.375,1.0,0.625
b4629875-23b3-4a04-b58e-649d98aafd0b,33,0.825,40,1.0,0.0,-1.0
b4629875-23b3-4a04-b58e-649d98aafd0b,36,0.9,40,0.0,0.75,0.75
b4749962-b1e2-4a7f-b019-ee6c6bede994,34,0.7555555555555555,45,0.8529411764705882,0.0,-0.8529411764705882
b4749962-b1e2-4a7f-b019-ee6c6bede994,39,0.8666666666666667,45,0.0,0.8333333333333334,0.8333333333333334
b4888f6a-f4da-4285-a4c0-7cb2917d6d2c,10,0.5555555555555556,18,0.9,0.375,-0.525
b489b94e-217f-41a3-b1ff-b54a2a21056e,9,0.225,40,1.0,0.2777777777777778,-0.7222222222222222
b489b94e-217f-41a3-b1ff-b54a2a21056e,27,0.675,40,0.2777777777777778,0.7692307692307693,0.4914529914529915
b4c29453-470e-47b3-a27a-e3d7b15e387a,32,0.64,50,0.6875,0.0,-0.6875
b4c29453-470e-47b3-a27a-e3d7b15e387a,37,0.74,50,0.0,0.6153846153846154,0.6153846153846154
b4ce1d85-7445-4655-8ff1-6b67efbd632b,3,0.075,40,0.3333333333333333,1.0,0.6666666666666667
b4ce1d85-7445-4655-8ff1-6b67efbd632b,7,0.175,40,1.0,0.0,-1.0
b4ce1d85-7445-4655-8ff1-6b67efbd632b,11,0.275,40,0.0,0.7241379310344828,0.7241379310344828
b4d8e345-cb82-46cb-810b-6ea4318b13f5,7,0.1590909090909091,44,1.0,0.5172413793103449,-0.48275862068965514
b4d8e345-cb82-46cb-810b-6ea4318b13f5,36,0.8181818181818182,44,0.5172413793103449,0.875,0.35775862068965514
b4edc584-45ce-4240-a1ae-5e8a7bfcb1c8,34,0.85,40,0.8529411764705882,0.16666666666666666,-0.6862745098039216
b4f94784-7188-491f-a9e2-452e5df06628,11,0.2894736842105263,38,0.45454545454545453,0.1111111111111111,-0.3434343434343434
b51c5d36-22b9-4a6a-a2ba-4bcbee6a39b1,6,0.2727272727272727,22,1.0,0.3125,-0.6875
b537d73d-44f6-4fd8-b7db-b6b7eabeaaf3,8,0.4444444444444444,18,0.0,0.8,0.8
b537d73d-44f6-4fd8-b7db-b6b7eabeaaf3,13,0.7222222222222222,18,0.8,0.4,-0.4
b5563e21-d3f9-45e3-b241-eed67aa71d07,6,0.25,24,1.0,0.0,-1.0
b5563e21-d3f9-45e3-b241-eed67aa71d07,9,0.375,24,0.0,1.0,1.0
b5563e21-d3f9-45e3-b241-eed67aa71d07,15,0.625,24,1.0,0.3333333333333333,-0.6666666666666667
b56d7679-4136-4da9-834e-809f5c9c51f3,11,0.3793103448275862,29,0.8181818181818182,0.25,-0.5681818181818182
b56d7679-4136-4da9-834e-809f5c9c51f3,15,0.5172413793103449,29,0.25,0.9285714285714286,0.6785714285714286
b57345a1-4fd3-4aa4-88d1-5ad1a7a2baf0,4,0.09523809523809523,42,1.0,0.2222222222222222,-0.7777777777777778
b57345a1-4fd3-4aa4-88d1-5ad1a7a2baf0,13,0.30952380952380953,42,0.2222222222222222,0.8333333333333334,0.6111111111111112
b57345a1-4fd3-4aa4-88d1-5ad1a7a2baf0,19,0.4523809523809524,42,0.8333333333333334,0.0,-0.8333333333333334
b57345a1-4fd3-4aa4-88d1-5ad1a7a2baf0,27,0.6428571428571429,42,0.0,0.8,0.8
b57345a1-4fd3-4aa4-88d1-5ad1a7a2baf0,32,0.7619047619047619,42,0.8,0.2,-0.6000000000000001
b5774e06-c28a-451b-9ae8-ff4b55de8419,26,0.52,50,0.6923076923076923,0.0,-0.6923076923076923
b5774e06-c28a-451b-9ae8-ff4b55de8419,38,0.76,50,0.0,1.0,1.0
b5774e06-c28a-451b-9ae8-ff4b55de8419,41,0.82,50,1.0,0.0,-1.0
b5774e06-c28a-451b-9ae8-ff4b55de8419,45,0.9,50,0.0,0.6,0.6
b5942db1-c8b9-45af-b26e-9ee7676639e8,6,0.12,50,0.3333333333333333,1.0,0.6666666666666667
b5942db1-c8b9-45af-b26e-9ee7676639e8,10,0.2,50,1.0,0.3125,-0.6875
b5942db1-c8b9-45af-b26e-9ee7676639e8,26,0.52,50,0.3125,0.7619047619047619,0.44940476190476186
b5942db1-c8b9-45af-b26e-9ee7676639e8,47,0.94,50,0.7619047619047619,0.0,-0.7619047619047619
b59a29b6-f39a-4bba-be4a-a33599e4b1bb,7,0.2413793103448276,29,1.0,0.5,-0.5
b59a29b6-f39a-4bba-be4a-a33599e4b1bb,15,0.5172413793103449,29,0.5,0.07142857142857142,-0.4285714285714286
b5a306ed-ddd6-41d8-a679-14a596130d23,14,0.5,28,0.7857142857142857,0.0,-0.7857142857142857
b5a306ed-ddd6-41d8-a679-14a596130d23,17,0.6071428571428571,28,0.0,0.6363636363636364,0.6363636363636364
b5cbe3f6-382f-41c5-b78d-e6ff8c9393ea,17,0.3541666666666667,48,1.0,0.25,-0.75
b5cbe3f6-382f-41c5-b78d-e6ff8c9393ea,21,0.4375,48,0.25,1.0,0.75
b5cbe3f6-382f-41c5-b78d-e6ff8c9393ea,37,0.7708333333333334,48,1.0,0.3333333333333333,-0.6666666666666667
b5cbe3f6-382f-41c5-b78d-e6ff8c9393ea,43,0.8958333333333334,48,0.3333333333333333,1.0,0.6666666666666667
b5e324e7-ffb4-482b-8917-d3ac34cf4243,13,0.7222222222222222,18,1.0,0.6,-0.4
b5e8d8df-e2ed-45cd-88a6-fd03cffd416f,12,0.5,24,0.75,0.0,-0.75
b5e8d8df-e2ed-45cd-88a6-fd03cffd416f,16,0.6666666666666666,24,0.0,0.75,0.75
b600673f-e85d-49ea-be32-6d8851f59d95,12,0.2608695652173913,46,0.75,0.2,-0.55
b600673f-e85d-49ea-be32-6d8851f59d95,22,0.4782608695652174,46,0.2,0.8888888888888888,0.6888888888888889
b600673f-e85d-49ea-be32-6d8851f59d95,31,0.6739130434782609,46,0.8888888888888888,0.3333333333333333,-0.5555555555555556
b609be8d-4270-4711-968e-b3cc54a0bb01,4,0.17391304347826086,23,0.75,0.0,-0.75
b609be8d-4270-4711-968e-b3cc54a0bb01,7,0.30434782608695654,23,0.0,0.8333333333333334,0.8333333333333334
b609be8d-4270-4711-968e-b3cc54a0bb01,13,0.5652173913043478,23,0.8333333333333334,0.0,-0.8333333333333334
b609be8d-4270-4711-968e-b3cc54a0bb01,19,0.8260869565217391,23,0.0,0.5,0.5
b6153f36-a094-4ef7-969e-2f91f51ffbe4,12,0.5,24,1.0,0.25,-0.75
b62a4972-1112-4852-9a93-0765958bc2da,27,0.75,36,0.7777777777777778,0.0,-0.7777777777777778
b62a4972-1112-4852-9a93-0765958bc2da,30,0.8333333333333334,36,0.0,0.6666666666666666,0.6666666666666666
b6561371-0f16-4a3f-8f3e-9801cdeabf4f,14,0.3181818181818182,44,0.35714285714285715,1.0,0.6428571428571428
b6561371-0f16-4a3f-8f3e-9801cdeabf4f,18,0.4090909090909091,44,1.0,0.23076923076923078,-0.7692307692307692
b67eff29-53b3-4125-a2f1-3105a8034940,13,0.34210526315789475,38,0.7692307692307693,0.0,-0.7692307692307693
b67eff29-53b3-4125-a2f1-3105a8034940,17,0.4473684210526316,38,0.0,0.8571428571428571,0.8571428571428571
b6c96c2d-cdd3-44d6-8186-d79cc07fc559,24,0.6,40,0.7083333333333334,0.375,-0.33333333333333337
b6d1cde5-b911-48f6-a26b-8d7ad6ba39e5,7,0.19444444444444445,36,0.8571428571428571,0.0,-0.8571428571428571
b6d1cde5-b911-48f6-a26b-8d7ad6ba39e5,11,0.3055555555555556,36,0.0,1.0,1.0
b6d1cde5-b911-48f6-a26b-8d7ad6ba39e5,15,0.4166666666666667,36,1.0,0.19047619047619047,-0.8095238095238095
b6e7667e-8681-4957-b775-5f19de2953a1,21,0.875,24,0.9047619047619048,0.0,-0.9047619047619048
b71fad28-def2-4b62-b92e-625323132057,34,0.8947368421052632,38,0.9411764705882353,0.5,-0.4411764705882353
b72b9ebc-0ef3-4d14-9401-cd4b8a31b36c,4,0.14285714285714285,28,0.75,0.05555555555555555,-0.6944444444444444
b72b9ebc-0ef3-4d14-9401-cd4b8a31b36c,22,0.7857142857142857,28,0.05555555555555555,0.5,0.4444444444444444
b731db57-b1b6-4241-a8e0-ba3cb3b27d38,12,0.26666666666666666,45,0.3333333333333333,0.7931034482758621,0.4597701149425288
b731db57-b1b6-4241-a8e0-ba3cb3b27d38,41,0.9111111111111111,45,0.7931034482758621,0.25,-0.5431034482758621
b73378bd-8e6b-4fcf-a15e-3d66e6fdadda,6,0.13333333333333333,45,1.0,0.0,-1.0
b73378bd-8e6b-4fcf-a15e-3d66e6fdadda,12,0.26666666666666666,45,0.0,0.7777777777777778,0.7777777777777778
b73378bd-8e6b-4fcf-a15e-3d66e6fdadda,21,0.4666666666666667,45,0.7777777777777778,0.23809523809523808,-0.5396825396825398
b73378bd-8e6b-4fcf-a15e-3d66e6fdadda,42,0.9333333333333333,45,0.23809523809523808,1.0,0.7619047619047619
b737c22b-ba5b-4017-9bd2-a4988d0acac7,20,0.8333333333333334,24,1.0,0.5,-0.5
b7696175-bed1-4088-854b-fe7e574c1e07,12,0.5217391304347826,23,0.9166666666666666,0.42857142857142855,-0.4880952380952381
b7696175-bed1-4088-854b-fe7e574c1e07,19,0.8260869565217391,23,0.42857142857142855,1.0,0.5714285714285714
b789391e-8ab4-4e1e-822e-49fd3f0bdca2,14,0.30434782608695654,46,0.8571428571428571,0.375,-0.4821428571428571
b789391e-8ab4-4e1e-822e-49fd3f0bdca2,22,0.4782608695652174,46,0.375,1.0,0.625
b789391e-8ab4-4e1e-822e-49fd3f0bdca2,31,0.6739130434782609,46,1.0,0.25,-0.75
b789391e-8ab4-4e1e-822e-49fd3f0bdca2,35,0.7608695652173914,46,0.25,1.0,0.75
b789391e-8ab4-4e1e-822e-49fd3f0bdca2,43,0.9347826086956522,46,1.0,0.3333333333333333,-0.6666666666666667
b78d6c86-c1a7-4820-9d0e-874665ecd4d6,5,0.20833333333333334,24,0.4,0.9473684210526315,0.5473684210526315
b792b96f-d3f1-4cd3-bde5-4259819cdbdd,13,0.2826086956521739,46,0.7692307692307693,0.25,-0.5192307692307693
b792b96f-d3f1-4cd3-bde5-4259819cdbdd,17,0.3695652173913043,46,0.25,0.896551724137931,0.646551724137931
b7b95fbc-0847-41ee-8d06-848be8734641,47,0.94,50,0.723404255319149,0.0,-0.723404255319149
b7bc9b62-cd8d-441d-84c6-e76c0018e0f2,24,0.5333333333333333,45,1.0,0.0,-1.0
b7bc9b62-cd8d-441d-84c6-e76c0018e0f2,30,0.6666666666666666,45,0.0,1.0,1.0
b7bc9b62-cd8d-441d-84c6-e76c0018e0f2,33,0.7333333333333333,45,1.0,0.16666666666666666,-0.8333333333333334
b7be3552-e330-4f01-a319-0a7daf267516,24,0.8571428571428571,28,0.25,0.75,0.5
b7d36513-751a-4802-b386-bdb4e5add9ff,6,0.16666666666666666,36,0.6666666666666666,0.26666666666666666,-0.39999999999999997
b7d48b35-2edb-4001-89c4-197a1b37f972,34,0.85,40,0.8823529411764706,0.3333333333333333,-0.5490196078431373
b7d80a31-8320-441b-a950-5907219361b3,18,0.782608695652174,23,0.5555555555555556,1.0,0.4444444444444444
b7e2cd5a-aeed-4ad2-870f-367ec5e8a63a,22,0.44,50,0.8636363636363636,0.3333333333333333,-0.5303030303030303
b7e2cd5a-aeed-4ad2-870f-367ec5e8a63a,28,0.56,50,0.3333333333333333,0.9166666666666666,0.5833333333333333
b7e2cd5a-aeed-4ad2-870f-367ec5e8a63a,40,0.8,50,0.9166666666666666,0.2,-0.7166666666666666
b7e71ae5-6de5-485d-97c1-1a20f652501a,14,0.28,50,0.7857142857142857,0.0,-0.7857142857142857
b7e71ae5-6de5-485d-97c1-1a20f652501a,17,0.34,50,0.0,0.7272727272727273,0.7272727272727273
b7f2d68c-88c5-44fb-aec5-c4a3039ab975,14,0.35,40,0.9285714285714286,0.5769230769230769,-0.35164835164835173
b7f6e400-15d6-4692-b542-3a6cf5f7ad97,7,0.15217391304347827,46,0.7142857142857143,0.0,-0.7142857142857143
b7f6e400-15d6-4692-b542-3a6cf5f7ad97,10,0.21739130434782608,46,0.0,0.8888888888888888,0.8888888888888888
b80e2756-f851-4336-83b7-bd9b9d965ce3,34,0.68,50,1.0,0.6875,-0.3125
b80e2e3d-550e-4c18-bebb-538f19f40dbe,7,0.19444444444444445,36,0.8571428571428571,0.41379310344827586,-0.44334975369458124
b811f3f9-2a9f-4226-949a-b176212c23be,7,0.2916666666666667,24,0.8571428571428571,0.0,-0.8571428571428571
b811f3f9-2a9f-4226-949a-b176212c23be,11,0.4583333333333333,24,0.0,0.7692307692307693,0.7692307692307693
b8308009-ff15-4582-a71c-a75029d42366,4,0.17391304347826086,23,0.75,0.15789473684210525,-0.5921052631578947
b85831f0-ae6d-45cd-a2d9-57b04c63cb62,11,0.6111111111111112,18,0.5454545454545454,0.0,-0.5454545454545454
b85ec781-200b-4a70-b147-0ad15918c216,14,0.4827586206896552,29,1.0,0.5,-0.5
b85ec781-200b-4a70-b147-0ad15918c216,22,0.7586206896551724,29,0.5,1.0,0.5
b8871557-e077-43c4-8fc4-6089ac6e38ea,33,0.66,50,0.06060606060606061,0.5882352941176471,0.5276292335115864
b8c09996-a0ee-4073-b71a-45031fc36610,13,0.2826086956521739,46,0.7692307692307693,0.3333333333333333,-0.43589743589743596
b8c09996-a0ee-4073-b71a-45031fc36610,31,0.6739130434782609,46,0.3333333333333333,1.0,0.6666666666666667
b8c09996-a0ee-4073-b71a-45031fc36610,34,0.7391304347826086,46,1.0,0.16666666666666666,-0.8333333333333334
b8cbbb4a-2a66-47dd-8b94-f406f136df77,6,0.20689655172413793,29,0.3333333333333333,1.0,0.6666666666666667
b8cbbb4a-2a66-47dd-8b94-f406f136df77,10,0.3448275862068966,29,1.0,0.0,-1.0
b8cbbb4a-2a66-47dd-8b94-f406f136df77,13,0.4482758620689655,29,0.0,0.75,0.75
b8d20374-eebb-4f0e-b3ce-b0eb3daa9ef1,3,0.17647058823529413,17,0.3333333333333333,1.0,0.6666666666666667
b8d20374-eebb-4f0e-b3ce-b0eb3daa9ef1,14,0.8235294117647058,17,1.0,0.3333333333333333,-0.6666666666666667
b8d5e1d4-be0a-49b2-81ae-c3fbedf6b044,30,0.6,50,0.9666666666666667,0.3333333333333333,-0.6333333333333333
b8d5e1d4-be0a-49b2-81ae-c3fbedf6b044,36,0.72,50,0.3333333333333333,0.9285714285714286,0.5952380952380953
b8dd7eee-8f38-4ebc-96ba-3f85b754c87c,20,0.8695652173913043,23,0.9,0.3333333333333333,-0.5666666666666667
b8ec62fc-ce61-4992-a6f9-0358a4471d70,11,0.4782608695652174,23,1.0,0.3333333333333333,-0.6666666666666667
b8ec62fc-ce61-4992-a6f9-0358a4471d70,17,0.7391304347826086,23,0.3333333333333333,1.0,0.6666666666666667
b8fbcf32-1fc7-402e-a339-6d64da30dd5e,19,0.8260869565217391,23,0.8421052631578947,0.25,-0.5921052631578947
b90df7e9-a2c1-4648-9655-7df4113098f3,5,0.11904761904761904,42,1.0,0.3333333333333333,-0.6666666666666667
b90df7e9-a2c1-4648-9655-7df4113098f3,11,0.2619047619047619,42,0.3333333333333333,0.9411764705882353,0.607843137254902
b90df7e9-a2c1-4648-9655-7df4113098f3,28,0.6666666666666666,42,0.9411764705882353,0.21428571428571427,-0.726890756302521
b92c24e0-b652-44aa-b8f0-c740e5be0233,5,0.29411764705882354,17,0.6,1.0,0.4
b9429fd3-8737-4a3a-92ed-f8cbebfcc78b,26,0.896551724137931,29,0.7307692307692307,0.0,-0.7307692307692307
b94bfaa6-26f1-4c1c-8a98-944d2bacf311,4,0.08695652173913043,46,0.25,1.0,0.75
b94bfaa6-26f1-4c1c-8a98-944d2bacf311,7,0.15217391304347827,46,1.0,0.0,-1.0
b94bfaa6-26f1-4c1c-8a98-944d2bacf311,10,0.21739130434782608,46,0.0,0.8,0.8
b94bfaa6-26f1-4c1c-8a98-944d2bacf311,20,0.43478260869565216,46,0.8,0.18181818181818182,-0.6181818181818182
b94bfaa6-26f1-4c1c-8a98-944d2bacf311,31,0.6739130434782609,46,0.18181818181818182,0.8666666666666667,0.6848484848484848
b950aa1c-8214-4338-8ca0-763058729e24,13,0.5909090909090909,22,0.9230769230769231,0.5555555555555556,-0.36752136752136755
b972d34f-e0ef-42ad-8a2e-ff1bd10b728f,13,0.5652173913043478,23,0.9230769230769231,0.1,-0.8230769230769232
b98dc3ae-ecde-41b6-b1a0-3eddd8a335eb,5,0.1,50,1.0,0.3333333333333333,-0.6666666666666667
b98dc3ae-ecde-41b6-b1a0-3eddd8a335eb,11,0.22,50,0.3333333333333333,0.8461538461538461,0.5128205128205128
b9a32af5-36c8-4c36-a671-fc4c588f5b7a,20,0.5,40,0.95,0.25,-0.7
b9a32af5-36c8-4c36-a671-fc4c588f5b7a,24,0.6,40,0.25,1.0,0.75
b9a32af5-36c8-4c36-a671-fc4c588f5b7a,30,0.75,40,1.0,0.4,-0.6
b9ab9e72-3965-4ee1-8e80-120e8b514a53,30,0.6,50,0.8666666666666667,0.35,-0.5166666666666667
b9ac5027-9bd1-4ad1-af7b-814830c0d4a3,17,0.7083333333333334,24,1.0,0.5714285714285714,-0.4285714285714286
b9bc9ad5-6b8a-4897-bb57-2ed117b4d84c,28,0.6086956521739131,46,0.0,0.875,0.875
b9bc9ad5-6b8a-4897-bb57-2ed117b4d84c,36,0.782608695652174,46,0.875,0.0,-0.875
b9bc9ad5-6b8a-4897-bb57-2ed117b4d84c,39,0.8478260869565217,46,0.0,1.0,1.0
b9bcf3b2-ebfd-4be2-9e2a-cdad9ebaca94,13,0.26,50,0.9230769230769231,0.5945945945945946,-0.3284823284823285
b9d08593-19cb-4290-8615-a8eb1e0cc7cc,5,0.125,40,1.0,0.0,-1.0
b9d08593-19cb-4290-8615-a8eb1e0cc7cc,8,0.2,40,0.0,0.75,0.75
b9d08593-19cb-4290-8615-a8eb1e0cc7cc,24,0.6,40,0.75,0.0,-0.75
b9d08593-19cb-4290-8615-a8eb1e0cc7cc,30,0.75,40,0.0,0.5,0.5
b9d67f38-838c-487b-bab7-5769be752e31,14,0.8235294117647058,17,0.8571428571428571,0.3333333333333333,-0.5238095238095237
ba09643d-c9c6-4916-89f4-69e77dbad5c0,21,0.525,40,0.9047619047619048,0.3333333333333333,-0.5714285714285714
ba09643d-c9c6-4916-89f4-69e77dbad5c0,27,0.675,40,0.3333333333333333,0.9,0.5666666666666667
ba09643d-c9c6-4916-89f4-69e77dbad5c0,37,0.925,40,0.9,0.3333333333333333,-0.5666666666666667
ba09c200-7609-4abe-be79-959b67057969,39,0.8666666666666667,45,0.9743589743589743,0.16666666666666666,-0.8076923076923077
ba18c512-f224-4686-8565-caf7cc6ae9e8,32,0.7619047619047619,42,0.96875,0.0,-0.96875
ba18c512-f224-4686-8565-caf7cc6ae9e8,35,0.8333333333333334,42,0.0,0.8571428571428571,0.8571428571428571
ba1b3de2-45ab-40b5-ad2b-b998bf16d72e,9,0.18,50,0.8888888888888888,0.14634146341463414,-0.7425474254742547
ba2aaefa-8e53-4caf-b569-4bc24e9d7530,6,0.13333333333333333,45,0.6666666666666666,0.0,-0.6666666666666666
ba2aaefa-8e53-4caf-b569-4bc24e9d7530,11,0.24444444444444444,45,0.0,0.7777777777777778,0.7777777777777778
ba2aaefa-8e53-4caf-b569-4bc24e9d7530,20,0.4444444444444444,45,0.7777777777777778,0.0,-0.7777777777777778
ba2aaefa-8e53-4caf-b569-4bc24e9d7530,23,0.5111111111111111,45,0.0,0.8333333333333334,0.8333333333333334
ba2aaefa-8e53-4caf-b569-4bc24e9d7530,41,0.9111111111111111,45,0.8333333333333334,0.25,-0.5833333333333334
ba2df01b-a1bc-48e2-9f7e-6020cf7b474a,13,0.4642857142857143,28,0.7692307692307693,0.0,-0.7692307692307693
ba2df01b-a1bc-48e2-9f7e-6020cf7b474a,18,0.6428571428571429,28,0.0,1.0,1.0
ba2df01b-a1bc-48e2-9f7e-6020cf7b474a,21,0.75,28,1.0,0.25,-0.75
ba2df01b-a1bc-48e2-9f7e-6020cf7b474a,25,0.8928571428571429,28,0.25,1.0,0.75
ba2e7cb5-2e54-4e42-9393-67890f4de626,8,0.4444444444444444,18,0.875,0.0,-0.875
ba2e7cb5-2e54-4e42-9393-67890f4de626,12,0.6666666666666666,18,0.0,0.6666666666666666,0.6666666666666666
ba33c43a-5c7e-4c7e-b32b-aca61a686ba0,3,0.13043478260869565,23,0.3333333333333333,1.0,0.6666666666666667
ba33c43a-5c7e-4c7e-b32b-aca61a686ba0,10,0.43478260869565216,23,1.0,0.0,-1.0
ba33c43a-5c7e-4c7e-b32b-aca61a686ba0,13,0.5652173913043478,23,0.0,1.0,1.0
ba33c43a-5c7e-4c7e-b32b-aca61a686ba0,19,0.8260869565217391,23,1.0,0.0,-1.0
ba351409-60fa-4eed-9ca6-005bbedaa355,6,0.3333333333333333,18,0.16666666666666666,0.9166666666666666,0.75
ba3ea378-4110-4494-9f2f-2ff72006688b,47,0.94,50,0.9574468085106383,0.3333333333333333,-0.624113475177305
ba41bf0b-5ed7-4d59-b30b-dfe14273b27d,8,0.47058823529411764,17,1.0,0.3333333333333333,-0.6666666666666667
ba41bf0b-5ed7-4d59-b30b-dfe14273b27d,11,0.6470588235294118,17,0.3333333333333333,1.0,0.6666666666666667
ba442b52-739e-4c2b-9c23-36e15e2ae0dc,4,0.16666666666666666,24,1.0,0.47058823529411764,-0.5294117647058824
ba442b52-739e-4c2b-9c23-36e15e2ae0dc,21,0.875,24,0.47058823529411764,1.0,0.5294117647058824
ba4ccbbf-bcec-45ee-8442-5ee803d5a0ab,26,0.65,40,0.8076923076923077,0.21428571428571427,-0.5934065934065934
ba51a7b6-7f87-4f1c-94a1-6eee85eee0dc,15,0.5172413793103449,29,1.0,0.2857142857142857,-0.7142857142857143
ba51a7b6-7f87-4f1c-94a1-6eee85eee0dc,22,0.7586206896551724,29,0.2857142857142857,0.8571428571428571,0.5714285714285714
ba584bd7-e6dd-40ce-a525-7b22fe2b0f79,42,0.84,50,0.7857142857142857,0.25,-0.5357142857142857
ba5c79b3-9a8f-4dea-bda5-681cfb2076b0,11,0.275,40,0.7272727272727273,0.0,-0.7272727272727273
ba5c79b3-9a8f-4dea-bda5-681cfb2076b0,14,0.35,40,0.0,0.9,0.9
ba5c79b3-9a8f-4dea-bda5-681cfb2076b0,24,0.6,40,0.9,0.5,-0.4
ba5d58be-48ec-44b8-80af-309283abaafa,11,0.2894736842105263,38,0.7272727272727273,0.14814814814814814,-0.5791245791245792
ba7b633d-b794-44da-a750-87f78de76855,6,0.20689655172413793,29,0.3333333333333333,0.8695652173913043,0.536231884057971
ba7d5884-f7dd-4821-9201-fb8363fbf96a,12,0.5217391304347826,23,0.9166666666666666,0.3333333333333333,-0.5833333333333333
ba7d5884-f7dd-4821-9201-fb8363fbf96a,18,0.782608695652174,23,0.3333333333333333,1.0,0.6666666666666667
ba8022c2-5e9a-4bbb-ae7f-584cad0a4aa5,15,0.375,40,0.8,0.25,-0.55
ba8022c2-5e9a-4bbb-ae7f-584cad0a4aa5,23,0.575,40,0.25,0.9,0.65
ba8022c2-5e9a-4bbb-ae7f-584cad0a4aa5,33,0.825,40,0.9,0.42857142857142855,-0.4714285714285715
ba87ce49-1597-4c03-9b65-28d131b4de01,10,0.2631578947368421,38,1.0,0.0,-1.0
ba87ce49-1597-4c03-9b65-28d131b4de01,14,0.3684210526315789,38,0.0,1.0,1.0
ba87ce49-1597-4c03-9b65-28d131b4de01,17,0.4473684210526316,38,1.0,0.0,-1.0
ba87ce49-1597-4c03-9b65-28d131b4de01,20,0.5263157894736842,38,0.0,0.6666666666666666,0.6666666666666666
ba880caa-6553-4b19-bc62-b210db91a3db,14,0.30434782608695654,46,0.8571428571428571,0.25,-0.6071428571428571
ba880caa-6553-4b19-bc62-b210db91a3db,18,0.391304347826087,46,0.25,1.0,0.75
ba880caa-6553-4b19-bc62-b210db91a3db,28,0.6086956521739131,46,1.0,0.4,-0.6
ba880caa-6553-4b19-bc62-b210db91a3db,33,0.717391304347826,46,0.4,1.0,0.6
bab942f1-394b-4711-b342-5c64eaffa801,11,0.3055555555555556,36,0.6363636363636364,0.0,-0.6363636363636364
bab942f1-394b-4711-b342-5c64eaffa801,14,0.3888888888888889,36,0.0,0.875,0.875
bab942f1-394b-4711-b342-5c64eaffa801,22,0.6111111111111112,36,0.875,0.3333333333333333,-0.5416666666666667
bab942f1-394b-4711-b342-5c64eaffa801,28,0.7777777777777778,36,0.3333333333333333,1.0,0.6666666666666667
babbeba0-57ae-4504-a2db-8720820f81ca,29,0.8055555555555556,36,0.8620689655172413,0.2857142857142857,-0.5763546798029556
bac877ed-7c0e-4195-9eee-2cc1d46d221d,15,0.4166666666666667,36,0.8666666666666667,0.0,-0.8666666666666667
bac877ed-7c0e-4195-9eee-2cc1d46d221d,19,0.5277777777777778,36,0.0,0.7058823529411765,0.7058823529411765
bad9c273-892e-4b89-9935-0dc20459f61a,18,0.43902439024390244,41,0.6111111111111112,0.9130434782608695,0.30193236714975835
bae8e589-5620-4276-ba02-ee61313b1f0e,6,0.13043478260869565,46,0.0,0.85,0.85
baf8cdd9-f0aa-447b-b17d-82b3e37cba26,10,0.4166666666666667,24,0.5,1.0,0.5
baf8cdd9-f0aa-447b-b17d-82b3e37cba26,17,0.7083333333333334,24,1.0,0.2857142857142857,-0.7142857142857143
bafc53b4-38e1-4f72-b7c2-f59776bf9ef7,6,0.35294117647058826,17,0.5,0.9090909090909091,0.40909090909090906
bb125b6b-01aa-47c7-bb6e-6731138fb7d6,10,0.43478260869565216,23,1.0,0.5384615384615384,-0.46153846153846156
bb1f9b51-c5a8-47c8-bfd4-bdd124a5dccf,11,0.2619047619047619,42,0.8181818181818182,0.0,-0.8181818181818182
bb1f9b51-c5a8-47c8-bfd4-bdd124a5dccf,14,0.3333333333333333,42,0.0,1.0,1.0
bb1f9b51-c5a8-47c8-bfd4-bdd124a5dccf,17,0.40476190476190477,42,1.0,0.2857142857142857,-0.7142857142857143
bb1f9b51-c5a8-47c8-bfd4-bdd124a5dccf,31,0.7380952380952381,42,0.2857142857142857,1.0,0.7142857142857143
bb1f9b51-c5a8-47c8-bfd4-bdd124a5dccf,35,0.8333333333333334,42,1.0,0.0,-1.0
bb1f9b51-c5a8-47c8-bfd4-bdd124a5dccf,38,0.9047619047619048,42,0.0,0.75,0.75
bb223ad0-6fa7-4df1-8e31-b234c761149f,6,0.15789473684210525,38,1.0,0.25,-0.75
bb223ad0-6fa7-4df1-8e31-b234c761149f,14,0.3684210526315789,38,0.25,1.0,0.75
bb223ad0-6fa7-4df1-8e31-b234c761149f,17,0.4473684210526316,38,1.0,0.0,-1.0
bb223ad0-6fa7-4df1-8e31-b234c761149f,25,0.6578947368421053,38,0.0,0.6666666666666666,0.6666666666666666
bb223ad0-6fa7-4df1-8e31-b234c761149f,34,0.8947368421052632,38,0.6666666666666666,0.0,-0.6666666666666666
bb31ceb0-5cd0-4a89-99d0-20cb755d8fb4,10,0.2777777777777778,36,0.9,0.4444444444444444,-0.4555555555555556
bb31ceb0-5cd0-4a89-99d0-20cb755d8fb4,19,0.5277777777777778,36,0.4444444444444444,1.0,0.5555555555555556
bb4e7b53-7c66-49d6-890e-3308ecda14e9,31,0.7380952380952381,42,0.9354838709677419,0.5454545454545454,-0.39002932551319647
bb573e72-1ea4-4b53-844d-94cfa18b0078,11,0.3055555555555556,36,0.9090909090909091,0.0,-0.9090909090909091
bb573e72-1ea4-4b53-844d-94cfa18b0078,14,0.3888888888888889,36,0.0,0.7727272727272727,0.7727272727272727
bb5e86a9-003a-40f9-9a2c-c266f95e40da,19,0.8260869565217391,23,0.47368421052631576,0.0,-0.47368421052631576
bb6555b8-4d4b-47f6-9a5b-8297291eb167,19,0.41304347826086957,46,0.47368421052631576,0.0,-0.47368421052631576
bb6555b8-4d4b-47f6-9a5b-8297291eb167,23,0.5,46,0.0,0.9444444444444444,0.9444444444444444
bb6555b8-4d4b-47f6-9a5b-8297291eb167,41,0.8913043478260869,46,0.9444444444444444,0.2,-0.7444444444444445
bb6e37b2-bbd9-4054-a0cb-c8431dd4738a,9,0.2,45,0.8888888888888888,0.0,-0.8888888888888888
bb6e37b2-bbd9-4054-a0cb-c8431dd4738a,12,0.26666666666666666,45,0.0,1.0,1.0
bb6e37b2-bbd9-4054-a0cb-c8431dd4738a,15,0.3333333333333333,45,1.0,0.0,-1.0
bb6e37b2-bbd9-4054-a0cb-c8431dd4738a,18,0.4,45,0.0,0.9,0.9
bb6e37b2-bbd9-4054-a0cb-c8431dd4738a,28,0.6222222222222222,45,0.9,0.25,-0.65
bb6e37b2-bbd9-4054-a0cb-c8431dd4738a,40,0.8888888888888888,45,0.25,1.0,0.75
bb7b4759-0972-4112-a339-515b968af646,39,0.78,50,0.5897435897435898,0.0,-0.5897435897435898
bb87171c-4b7d-4307-a11a-00d49d13f62a,22,0.55,40,1.0,0.25,-0.75
bb87171c-4b7d-4307-a11a-00d49d13f62a,26,0.65,40,0.25,0.7857142857142857,0.5357142857142857
bb8d87f1-da89-4e7c-a435-8efd9bc6a373,6,0.20689655172413793,29,1.0,0.14285714285714285,-0.8571428571428572
bb8d87f1-da89-4e7c-a435-8efd9bc6a373,13,0.4482758620689655,29,0.14285714285714285,1.0,0.8571428571428572
bb8d87f1-da89-4e7c-a435-8efd9bc6a373,16,0.5517241379310345,29,1.0,0.15384615384615385,-0.8461538461538461
bb9f0ae7-fbb5-4b3d-968f-7e92070a5832,3,0.17647058823529413,17,0.3333333333333333,1.0,0.6666666666666667
bbc088fb-3b83-4c37-85bc-10f5d877d808,10,0.5882352941176471,17,0.3,1.0,0.7
bbc088fb-3b83-4c37-85bc-10f5d877d808,14,0.8235294117647058,17,1.0,0.3333333333333333,-0.6666666666666667
bbd49048-a11a-4548-aa85-8d994bb1ad1b,29,0.725,40,0.0,0.9090909090909091,0.9090909090909091
bbd73c03-ebae-45da-b539-d50e344bc181,5,0.29411764705882354,17,0.4,1.0,0.6
bbd73c03-ebae-45da-b539-d50e344bc181,13,0.7647058823529411,17,1.0,0.25,-0.75
bbd8ca3e-3771-44fd-bd3f-d72b4e37333e,9,0.225,40,1.0,0.4838709677419355,-0.5161290322580645
bbe38bbb-7ba8-4e5c-bc2c-763c9d1d8b2b,14,0.5833333333333334,24,0.9285714285714286,0.0,-0.9285714285714286
bbe38bbb-7ba8-4e5c-bc2c-763c9d1d8b2b,17,0.7083333333333334,24,0.0,1.0,1.0
bbe38bbb-7ba8-4e5c-bc2c-763c9d1d8b2b,20,0.8333333333333334,24,1.0,0.25,-0.75
bbe89f6b-48b1-4c94-8c55-ed8bb9bff922,10,0.43478260869565216,23,0.9,0.25,-0.65
bbe89f6b-48b1-4c94-8c55-ed8bb9bff922,18,0.782608695652174,23,0.25,0.8,0.55
bbfb1ec8-90b8-4598-96d2-16d761a4af46,30,0.75,40,0.8,0.0,-0.8
bbfb1ec8-90b8-4598-96d2-16d761a4af46,37,0.925,40,0.0,0.6666666666666666,0.6666666666666666
bc26fb1f-b143-4007-a9a4-a0047a0a2e2a,9,0.25,36,1.0,0.25,-0.75
bc26fb1f-b143-4007-a9a4-a0047a0a2e2a,13,0.3611111111111111,36,0.25,0.8695652173913043,0.6195652173913043
bc2ed09d-42cc-4414-901a-cfb3ae0fe59e,11,0.3055555555555556,36,0.8181818181818182,0.0,-0.8181818181818182
bc2ed09d-42cc-4414-901a-cfb3ae0fe59e,14,0.3888888888888889,36,0.0,0.7272727272727273,0.7272727272727273
bc2ed09d-42cc-4414-901a-cfb3ae0fe59e,25,0.6944444444444444,36,0.7272727272727273,0.14285714285714285,-0.5844155844155845
bc2ed09d-42cc-4414-901a-cfb3ae0fe59e,32,0.8888888888888888,36,0.14285714285714285,0.75,0.6071428571428572
bc3ac014-0cef-4368-b52c-ac1f1144e2fb,10,0.3448275862068966,29,0.5,0.0,-0.5
bc3ac014-0cef-4368-b52c-ac1f1144e2fb,20,0.6896551724137931,29,0.0,0.75,0.75
bc3ac014-0cef-4368-b52c-ac1f1144e2fb,24,0.8275862068965517,29,0.75,0.2,-0.55
bc41231f-d68a-48d3-8a2f-e54060855599,26,0.6190476190476191,42,0.7692307692307693,0.0,-0.7692307692307693
bc41231f-d68a-48d3-8a2f-e54060855599,29,0.6904761904761905,42,0.0,1.0,1.0
bc41231f-d68a-48d3-8a2f-e54060855599,32,0.7619047619047619,42,1.0,0.2,-0.8
bc49c30e-aaf9-4f08-ac03-250fcebb4be4,11,0.2894736842105263,38,1.0,0.0,-1.0
bc49c30e-aaf9-4f08-ac03-250fcebb4be4,14,0.3684210526315789,38,0.0,1.0,1.0
bc49c30e-aaf9-4f08-ac03-250fcebb4be4,17,0.4473684210526316,38,1.0,0.25,-0.75
bc49c30e-aaf9-4f08-ac03-250fcebb4be4,29,0.7631578947368421,38,0.25,1.0,0.75
bc49c30e-aaf9-4f08-ac03-250fcebb4be4,34,0.8947368421052632,38,1.0,0.25,-0.75
bc49f1b6-8cef-4060-be3a-50e78168155f,9,0.25,36,1.0,0.25,-0.75
bc49f1b6-8cef-4060-be3a-50e78168155f,13,0.3611111111111111,36,0.25,0.7391304347826086,0.48913043478260865
bc4eb2eb-4bff-419a-bc1e-7b09f4b961fd,15,0.625,24,0.8666666666666667,0.4444444444444444,-0.4222222222222223
bc59d1a0-45c7-4c5f-b4ce-44effcfbad48,14,0.3111111111111111,45,0.7857142857142857,0.44,-0.3457142857142857
bc59d1a0-45c7-4c5f-b4ce-44effcfbad48,39,0.8666666666666667,45,0.44,1.0,0.56
bc5d8226-fef6-49ed-acd0-f4eefe97d04f,28,0.56,50,1.0,0.4166666666666667,-0.5833333333333333
bc5d8226-fef6-49ed-acd0-f4eefe97d04f,40,0.8,50,0.4166666666666667,1.0,0.5833333333333333
bc7d192c-b367-4ac4-b23c-e27b08a26f62,31,0.7045454545454546,44,0.9032258064516129,0.5384615384615384,-0.36476426799007444
bc89daff-1ec8-40cc-905c-bcd31bacb346,28,0.56,50,1.0,0.6363636363636364,-0.36363636363636365
bcb7f397-d35e-46d3-9bad-18e4f301582a,34,0.85,40,0.8823529411764706,0.5,-0.38235294117647056
bce83770-1650-4759-b9b6-8ba331f1a8c2,24,0.6,40,0.875,0.5625,-0.3125
bd00bbce-58cc-43fc-ab3b-70843ca8c07c,12,0.2608695652173913,46,0.75,0.0,-0.75
bd00bbce-58cc-43fc-ab3b-70843ca8c07c,26,0.5652173913043478,46,0.0,1.0,1.0
bd00bbce-58cc-43fc-ab3b-70843ca8c07c,30,0.6521739130434783,46,1.0,0.25,-0.75
bd1378cb-e6f6-4174-bab7-c027698177ec,23,0.575,40,0.9130434782608695,0.5294117647058824,-0.38363171355498715
bd17056c-9347-41e0-89db-9c84dd82c959,7,0.3181818181818182,22,0.14285714285714285,1.0,0.8571428571428572
bd17056c-9347-41e0-89db-9c84dd82c959,14,0.6363636363636364,22,1.0,0.25,-0.75
bd1fa5a8-355b-48d1-a783-d38707555cdd,17,0.37777777777777777,45,0.0,0.9285714285714286,0.9285714285714286
bd251119-4feb-4696-bbbe-96399c42bad7,17,0.34,50,0.8823529411764706,0.0,-0.8823529411764706
bd251119-4feb-4696-bbbe-96399c42bad7,21,0.42,50,0.0,0.75,0.75
bd251119-4feb-4696-bbbe-96399c42bad7,25,0.5,50,0.75,0.0,-0.75
bd5751b4-bcf7-4dec-a791-89004c261762,18,0.4,45,0.8888888888888888,0.0,-0.8888888888888888
bd5751b4-bcf7-4dec-a791-89004c261762,25,0.5555555555555556,45,0.0,0.8333333333333334,0.8333333333333334
bd5751b4-bcf7-4dec-a791-89004c261762,31,0.6888888888888889,45,0.8333333333333334,0.2857142857142857,-0.5476190476190477
bd5b89c3-e990-4b31-9bdc-59defec39045,16,0.32,50,0.9375,0.2,-0.7375
bd5b89c3-e990-4b31-9bdc-59defec39045,21,0.42,50,0.2,0.9,0.7
bd5b89c3-e990-4b31-9bdc-59defec39045,31,0.62,50,0.9,0.0,-0.9
bd5b89c3-e990-4b31-9bdc-59defec39045,37,0.74,50,0.0,1.0,1.0
bd5b89c3-e990-4b31-9bdc-59defec39045,41,0.82,50,1.0,0.2222222222222222,-0.7777777777777778
bd5c7aab-e74e-47a7-831c-081b889955aa,15,0.375,40,1.0,0.25,-0.75
bd5c7aab-e74e-47a7-831c-081b889955aa,19,0.475,40,0.25,1.0,0.75
bd5c7aab-e74e-47a7-831c-081b889955aa,30,0.75,40,1.0,0.6,-0.4
bd7187b1-4784-46d2-a768-d83e778586b2,7,0.30434782608695654,23,0.5714285714285714,0.125,-0.4464285714285714
bd75606a-1c4a-4331-b34e-c2b6fcecc55e,10,0.2631578947368421,38,0.1,0.5714285714285714,0.4714285714285714
bd75606a-1c4a-4331-b34e-c2b6fcecc55e,17,0.4473684210526316,38,0.5714285714285714,0.0,-0.5714285714285714
bd75606a-1c4a-4331-b34e-c2b6fcecc55e,29,0.7631578947368421,38,0.0,0.5555555555555556,0.5555555555555556
bd930ed8-c01b-402e-a706-f47c11d06073,23,0.5111111111111111,45,0.9565217391304348,0.6363636363636364,-0.32015810276679846
bd9dd082-0994-4b69-bf47-d2791a05322c,6,0.2608695652173913,23,1.0,0.4,-0.6
bd9dd082-0994-4b69-bf47-d2791a05322c,11,0.4782608695652174,23,0.4,1.0,0.6
bd9dd082-0994-4b69-bf47-d2791a05322c,20,0.8695652173913043,23,1.0,0.3333333333333333,-0.6666666666666667
bdb448cb-4ef8-4dd7-9f3d-15f325e03527,24,0.6,40,0.875,0.375,-0.5
bdb448cb-4ef8-4dd7-9f3d-15f325e03527,32,0.8,40,0.375,1.0,0.625
bdbb3b92-c7ed-49a0-98d0-da2dd5e46ef1,14,0.8235294117647058,17,0.9285714285714286,0.3333333333333333,-0.5952380952380953
bde16e92-553e-4693-aed0-e1a7a4e7c676,5,0.1111111111111111,45,0.6,0.1111111111111111,-0.4888888888888889
bde16e92-553e-4693-aed0-e1a7a4e7c676,14,0.3111111111111111,45,0.1111111111111111,1.0,0.8888888888888888
bde16e92-553e-4693-aed0-e1a7a4e7c676,18,0.4,45,1.0,0.375,-0.625
bde16e92-553e-4693-aed0-e1a7a4e7c676,42,0.9333333333333333,45,0.375,1.0,0.625
bde3e0c8-1fd3-4bcc-9e75-471f0c2924d6,11,0.4782608695652174,23,0.9090909090909091,0.08333333333333333,-0.8257575757575757
bde8deba-6ccc-4c64-8fa1-7d5078b93904,27,0.75,36,0.9259259259259259,0.0,-0.9259259259259259
bde8deba-6ccc-4c64-8fa1-7d5078b93904,32,0.8888888888888888,36,0.0,1.0,1.0
bdebf7ca-e6a3-4b45-96a1-9beca0745259,5,0.29411764705882354,17,0.4,1.0,0.6
bdefa14e-2ddc-4637-bb19-107d4004834c,16,0.35555555555555557,45,0.9375,0.2,-0.7375
bdefa14e-2ddc-4637-bb19-107d4004834c,21,0.4666666666666667,45,0.2,0.7083333333333334,0.5083333333333333
bdf538c0-b265-4392-b66e-6de0660b51c0,4,0.08,50,0.25,1.0,0.75
bdf538c0-b265-4392-b66e-6de0660b51c0,9,0.18,50,1.0,0.09523809523809523,-0.9047619047619048
bdf538c0-b265-4392-b66e-6de0660b51c0,30,0.6,50,0.09523809523809523,0.5,0.40476190476190477
be02a57e-7a04-4776-842e-b76002e752cd,13,0.5416666666666666,24,0.9230769230769231,0.2727272727272727,-0.6503496503496504
be09251d-da81-44d7-a272-c7d044b83135,21,0.525,40,0.19047619047619047,1.0,0.8095238095238095
be09251d-da81-44d7-a272-c7d044b83135,24,0.6,40,1.0,0.0,-1.0
be09251d-da81-44d7-a272-c7d044b83135,27,0.675,40,0.0,0.7692307692307693,0.7692307692307693
be216ce3-0806-43d1-b3b3-a2d7f44feecf,7,0.3888888888888889,18,0.0,0.7272727272727273,0.7272727272727273
be24fe8e-556d-4a0f-8612-38c826c4169e,12,0.6666666666666666,18,0.5833333333333334,0.0,-0.5833333333333334
be24fe8e-556d-4a0f-8612-38c826c4169e,15,0.8333333333333334,18,0.0,1.0,1.0
be36e01b-2bd0-41e9-9ac3-3e548e8147fa,6,0.35294117647058826,17,0.3333333333333333,1.0,0.6666666666666667
be36e01b-2bd0-41e9-9ac3-3e548e8147fa,13,0.7647058823529411,17,1.0,0.25,-0.75
be403dfe-16ce-4a3e-8a8a-c626c4be9a93,17,0.34,50,0.4117647058823529,1.0,0.5882352941176471
be403dfe-16ce-4a3e-8a8a-c626c4be9a93,23,0.46,50,1.0,0.2,-0.8
be403dfe-16ce-4a3e-8a8a-c626c4be9a93,28,0.56,50,0.2,0.8181818181818182,0.6181818181818182
be430876-572a-4757-ad3b-835b69246e7f,31,0.6739130434782609,46,0.8064516129032258,0.0,-0.8064516129032258
be430876-572a-4757-ad3b-835b69246e7f,34,0.7391304347826086,46,0.0,0.9166666666666666,0.9166666666666666
be518fb7-c763-4906-9d36-245527cb2a37,13,0.7222222222222222,18,0.6153846153846154,0.2,-0.4153846153846154
be5c1a2b-dde3-4fff-aa55-abb9947314c9,37,0.74,50,0.8108108108108109,0.46153846153846156,-0.3492723492723493
be6b4d3c-7e5b-44e9-8d9b-a324c7868d18,6,0.35294117647058826,17,1.0,0.25,-0.75
be6b4d3c-7e5b-44e9-8d9b-a324c7868d18,10,0.5882352941176471,17,0.25,0.7142857142857143,0.4642857142857143
be7d9260-e0db-43dd-815c-d98377846162,20,0.8695652173913043,23,0.85,0.0,-0.85
bebcbfa2-7705-4eb6-b5b5-d654ac9a0174,17,0.7391304347826086,23,0.8823529411764706,0.16666666666666666,-0.7156862745098039
bec652d3-246a-4791-bd4d-c45d419cd6d9,18,0.5,36,0.8888888888888888,0.0,-0.8888888888888888
bec652d3-246a-4791-bd4d-c45d419cd6d9,25,0.6944444444444444,36,0.0,0.75,0.75
bec652d3-246a-4791-bd4d-c45d419cd6d9,29,0.8055555555555556,36,0.75,0.14285714285714285,-0.6071428571428572
bed09911-4912-4447-8bec-a46fecfc4fb9,11,0.5,22,1.0,0.0,-1.0
bed09911-4912-4447-8bec-a46fecfc4fb9,15,0.6818181818181818,22,0.0,1.0,1.0
bed8d9f3-d935-4376-b046-abe9f3633cad,9,0.375,24,0.3333333333333333,0.9333333333333333,0.6000000000000001
beddf6f5-bbbf-4963-b9d9-067c16ba989b,13,0.26,50,1.0,0.7027027027027027,-0.29729729729729726
bee91b23-e40a-4d34-a8d8-5bad92406515,35,0.7608695652173914,46,0.8285714285714286,0.36363636363636365,-0.464935064935065
bee934b7-e49b-4425-a2ba-624d8023975b,12,0.3333333333333333,36,0.3333333333333333,1.0,0.6666666666666667
bee934b7-e49b-4425-a2ba-624d8023975b,16,0.4444444444444444,36,1.0,0.2,-0.8
bf0c4c60-e718-4d59-a72f-327e58f41a88,3,0.06521739130434782,46,0.3333333333333333,0.9534883720930233,0.6201550387596899
bf602c38-5b4e-4557-b039-c4ff2477a32d,28,0.7,40,0.9642857142857143,0.0,-0.9642857142857143
bf602c38-5b4e-4557-b039-c4ff2477a32d,32,0.8,40,0.0,0.5,0.5
bf6064b9-cb54-477a-832b-e8c6c1050908,18,0.45,40,0.6666666666666666,0.0,-0.6666666666666666
bf6064b9-cb54-477a-832b-e8c6c1050908,21,0.525,40,0.0,1.0,1.0
bf6064b9-cb54-477a-832b-e8c6c1050908,24,0.6,40,1.0,0.3125,-0.6875
bf6e3855-715f-49ab-b7e8-76e5d82d7067,31,0.8611111111111112,36,0.3870967741935484,0.8,0.41290322580645167
bf7391c3-bbb2-425f-ad21-cda7bd72d04b,37,0.8809523809523809,42,0.8378378378378378,0.2,-0.6378378378378378
bf7664af-761e-46f1-86bb-f5a4dd4d9d87,9,0.25,36,0.1111111111111111,0.8,0.6888888888888889
bf7664af-761e-46f1-86bb-f5a4dd4d9d87,14,0.3888888888888889,36,0.8,0.0,-0.8
bf7664af-761e-46f1-86bb-f5a4dd4d9d87,20,0.5555555555555556,36,0.0,0.5625,0.5625
bf80e8d1-b41b-4e71-a199-d41d82088e2b,21,0.5,42,0.9047619047619048,0.0,-0.9047619047619048
bf80e8d1-b41b-4e71-a199-d41d82088e2b,27,0.6428571428571429,42,0.0,1.0,1.0
bf80e8d1-b41b-4e71-a199-d41d82088e2b,30,0.7142857142857143,42,1.0,0.4166666666666667,-0.5833333333333333
bf825403-8be2-4999-8f59-b0878c853d4a,15,0.4166666666666667,36,0.9333333333333333,0.0,-0.9333333333333333
bf825403-8be2-4999-8f59-b0878c853d4a,18,0.5,36,0.0,0.8888888888888888,0.8888888888888888
bf896440-1d8c-4b44-ae32-ba4004c533d9,11,0.4583333333333333,24,0.5454545454545454,1.0,0.4545454545454546
bf896440-1d8c-4b44-ae32-ba4004c533d9,20,0.8333333333333334,24,1.0,0.5,-0.5
bf9542c9-3d92-41d7-b592-385d30527dee,18,0.45,40,0.9444444444444444,0.0,-0.9444444444444444
bf9542c9-3d92-41d7-b592-385d30527dee,22,0.55,40,0.0,1.0,1.0
bf9542c9-3d92-41d7-b592-385d30527dee,27,0.675,40,1.0,0.5384615384615384,-0.46153846153846156
bfa3b03c-04b0-4409-ab67-7bf0ba84791c,11,0.6470588235294118,17,0.18181818181818182,0.6666666666666666,0.4848484848484848
bfa606fc-24e0-48c9-abf5-4c9a86ab14fb,3,0.06521739130434782,46,0.3333333333333333,0.9047619047619048,0.5714285714285714
bfa606fc-24e0-48c9-abf5-4c9a86ab14fb,24,0.5217391304347826,46,0.9047619047619048,0.3,-0.6047619047619048
bfa606fc-24e0-48c9-abf5-4c9a86ab14fb,34,0.7391304347826086,46,0.3,1.0,0.7
bfa606fc-24e0-48c9-abf5-4c9a86ab14fb,37,0.8043478260869565,46,1.0,0.0,-1.0
bfa606fc-24e0-48c9-abf5-4c9a86ab14fb,40,0.8695652173913043,46,0.0,0.8333333333333334,0.8333333333333334
bfae75f8-19e7-475b-83ad-ed79ea8a78df,9,0.391304347826087,23,0.8888888888888888,0.3333333333333333,-0.5555555555555556
bfae75f8-19e7-475b-83ad-ed79ea8a78df,15,0.6521739130434783,23,0.3333333333333333,0.875,0.5416666666666667
bfb706f9-842a-49ef-a720-b0419a82fa64,9,0.2,45,0.8888888888888888,0.16666666666666666,-0.7222222222222222
bfb706f9-842a-49ef-a720-b0419a82fa64,15,0.3333333333333333,45,0.16666666666666666,1.0,0.8333333333333334
bfb706f9-842a-49ef-a720-b0419a82fa64,18,0.4,45,1.0,0.0,-1.0
bfb706f9-842a-49ef-a720-b0419a82fa64,21,0.4666666666666667,45,0.0,1.0,1.0
bfb706f9-842a-49ef-a720-b0419a82fa64,25,0.5555555555555556,45,1.0,0.2,-0.8
bfb706f9-842a-49ef-a720-b0419a82fa64,30,0.6666666666666666,45,0.2,1.0,0.8
bfb706f9-842a-49ef-a720-b0419a82fa64,33,0.7333333333333333,45,1.0,0.0,-1.0
bfb706f9-842a-49ef-a720-b0419a82fa64,38,0.8444444444444444,45,0.0,0.5714285714285714,0.5714285714285714
bfba2c04-3f53-4a33-9e75-949ea9d37164,26,0.6190476190476191,42,0.8461538461538461,0.0,-0.8461538461538461
bfba2c04-3f53-4a33-9e75-949ea9d37164,29,0.6904761904761905,42,0.0,1.0,1.0
bfba2c04-3f53-4a33-9e75-949ea9d37164,33,0.7857142857142857,42,1.0,0.2222222222222222,-0.7777777777777778
bfdb3644-3683-4e5c-9117-64bdd3cfb6df,4,0.09090909090909091,44,0.0,0.8571428571428571,0.8571428571428571
bfdb3644-3683-4e5c-9117-64bdd3cfb6df,11,0.25,44,0.8571428571428571,0.2222222222222222,-0.6349206349206349
bfdb3644-3683-4e5c-9117-64bdd3cfb6df,20,0.45454545454545453,44,0.2222222222222222,0.9166666666666666,0.6944444444444444
bfdd2dfd-13f1-4304-885e-7119de35cb70,10,0.2777777777777778,36,0.2,1.0,0.8
bfdd2dfd-13f1-4304-885e-7119de35cb70,13,0.3611111111111111,36,1.0,0.2608695652173913,-0.7391304347826086
bfe3a95f-174d-4b6d-822f-7bc9e1449252,7,0.18421052631578946,38,0.5714285714285714,0.041666666666666664,-0.5297619047619048
bfe3a95f-174d-4b6d-822f-7bc9e1449252,31,0.8157894736842105,38,0.041666666666666664,0.5714285714285714,0.5297619047619048
bff077c0-266f-481d-b338-b19ddafcdd6a,3,0.13636363636363635,22,0.0,1.0,1.0
bff077c0-266f-481d-b338-b19ddafcdd6a,7,0.3181818181818182,22,1.0,0.2,-0.8
c00813b2-0630-4c45-b287-bc7d3dc88d3f,3,0.10714285714285714,28,0.3333333333333333,0.9230769230769231,0.5897435897435899
c00813b2-0630-4c45-b287-bc7d3dc88d3f,16,0.5714285714285714,28,0.9230769230769231,0.16666666666666666,-0.7564102564102565
c00813b2-0630-4c45-b287-bc7d3dc88d3f,22,0.7857142857142857,28,0.16666666666666666,1.0,0.8333333333333334
c00813b2-0630-4c45-b287-bc7d3dc88d3f,25,0.8928571428571429,28,1.0,0.3333333333333333,-0.6666666666666667
c01bd26b-dd6c-4ce0-82d9-9b5484956389,17,0.7727272727272727,22,0.9411764705882353,0.2,-0.7411764705882353
c026b9c2-884e-4eaf-866a-67ad20c4882b,20,0.47619047619047616,42,0.85,0.4090909090909091,-0.44090909090909086
c027a203-0a19-4fcc-8108-e73fe554edb7,8,0.3333333333333333,24,0.875,0.0,-0.875
c027a203-0a19-4fcc-8108-e73fe554edb7,15,0.625,24,0.0,0.5555555555555556,0.5555555555555556
c031b238-c7bf-4e6e-ae90-14e4ed843217,13,0.5652173913043478,23,0.38461538461538464,0.0,-0.38461538461538464
c0330b2a-8d69-4ce5-9108-124296ba66f2,15,0.8333333333333334,18,0.8,0.0,-0.8
c063c131-42a7-4538-8946-267ccc4a0e1b,17,0.40476190476190477,42,0.9411764705882353,0.5,-0.4411764705882353
c063c131-42a7-4538-8946-267ccc4a0e1b,23,0.5476190476190477,42,0.5,0.05263157894736842,-0.4473684210526316
c082a47f-b4e8-430d-b54e-a0c978aa096f,27,0.75,36,0.7777777777777778,0.2,-0.5777777777777777
c082a47f-b4e8-430d-b54e-a0c978aa096f,32,0.8888888888888888,36,0.2,1.0,0.8
c08f0844-6bbb-4db7-a9c5-6733ebfa7710,18,0.391304347826087,46,0.6111111111111112,1.0,0.38888888888888884
c08f0844-6bbb-4db7-a9c5-6733ebfa7710,33,0.717391304347826,46,1.0,0.6153846153846154,-0.3846153846153846
c09d2d3a-7e8a-4316-91d6-a6eb8b5bd759,4,0.14285714285714285,28,0.0,1.0,1.0
c09d2d3a-7e8a-4316-91d6-a6eb8b5bd759,11,0.39285714285714285,28,1.0,0.5294117647058824,-0.47058823529411764
c0e61b07-6979-41d8-bc91-c82d2cee3309,17,0.38636363636363635,44,1.0,0.48148148148148145,-0.5185185185185186
c0e8a961-d1e0-4d56-9959-753290f53e4a,22,0.4888888888888889,45,0.6818181818181818,1.0,0.31818181818181823
c0e8a961-d1e0-4d56-9959-753290f53e4a,35,0.7777777777777778,45,1.0,0.5,-0.5
c0e96456-19db-4ea7-b6c4-79e7c30d2e3e,31,0.775,40,0.9032258064516129,0.5555555555555556,-0.3476702508960573
c0edc78e-ce94-493e-b120-695d66ef868f,9,0.391304347826087,23,0.8888888888888888,0.0,-0.8888888888888888
c0edc78e-ce94-493e-b120-695d66ef868f,12,0.5217391304347826,23,0.0,0.9090909090909091,0.9090909090909091
c0fc96ba-6e9e-461d-a6ad-f22e5b4c91a8,27,0.675,40,0.8518518518518519,0.25,-0.6018518518518519
c0fc96ba-6e9e-461d-a6ad-f22e5b4c91a8,35,0.875,40,0.25,0.8,0.55
c1025491-a7a5-4d6a-b258-83795fdfa4c4,13,0.5416666666666666,24,0.7692307692307693,0.2727272727272727,-0.49650349650349657
c1162e8f-32f4-4507-b756-dcbb69311a17,8,0.47058823529411764,17,1.0,0.4444444444444444,-0.5555555555555556
c1254112-af68-49aa-b4fc-0c6661806d46,4,0.17391304347826086,23,0.25,0.6842105263157895,0.4342105263157895
c131b567-8e02-4374-bd99-964450986a62,5,0.10869565217391304,46,0.8,0.0,-0.8
c131b567-8e02-4374-bd99-964450986a62,8,0.17391304347826086,46,0.0,0.7727272727272727,0.7727272727272727
c131b567-8e02-4374-bd99-964450986a62,30,0.6521739130434783,46,0.7727272727272727,0.0,-0.7727272727272727
c131b567-8e02-4374-bd99-964450986a62,33,0.717391304347826,46,0.0,0.6923076923076923,0.6923076923076923
c147cd7f-bba3-466d-b6c3-445a1a4af8c3,6,0.16666666666666666,36,1.0,0.2,-0.8
c1780aab-2296-45ad-a681-6eb94e8e9199,14,0.28,50,0.7142857142857143,0.2,-0.5142857142857142
c1780aab-2296-45ad-a681-6eb94e8e9199,19,0.38,50,0.2,1.0,0.8
c1780aab-2296-45ad-a681-6eb94e8e9199,23,0.46,50,1.0,0.2,-0.8
c1780aab-2296-45ad-a681-6eb94e8e9199,38,0.76,50,0.2,1.0,0.8
c1780aab-2296-45ad-a681-6eb94e8e9199,45,0.9,50,1.0,0.2,-0.8
c18fd99b-1552-41d4-85fd-b6413ece5a83,10,0.2631578947368421,38,1.0,0.0,-1.0
c18fd99b-1552-41d4-85fd-b6413ece5a83,16,0.42105263157894735,38,0.0,0.6111111111111112,0.6111111111111112
c18fd99b-1552-41d4-85fd-b6413ece5a83,34,0.8947368421052632,38,0.6111111111111112,0.0,-0.6111111111111112
c19958dc-08f3-4ef5-b2c5-9804eb6e3c4b,27,0.675,40,0.7407407407407407,0.0,-0.7407407407407407
c19958dc-08f3-4ef5-b2c5-9804eb6e3c4b,30,0.75,40,0.0,0.9,0.9
c1a0cb5c-03db-47e0-9646-0cdac8383de7,4,0.08695652173913043,46,0.75,0.0,-0.75
c1a0cb5c-03db-47e0-9646-0cdac8383de7,7,0.15217391304347827,46,0.0,0.7692307692307693,0.7692307692307693
c1a5493b-a1a1-46ef-b479-254d48d9b858,17,0.425,40,1.0,0.3333333333333333,-0.6666666666666667
c1a5493b-a1a1-46ef-b479-254d48d9b858,23,0.575,40,0.3333333333333333,0.8235294117647058,0.49019607843137253
c1aaa77c-5a3c-467e-86c3-0864012256a9,13,0.2826086956521739,46,0.7692307692307693,0.0,-0.7692307692307693
c1aaa77c-5a3c-467e-86c3-0864012256a9,16,0.34782608695652173,46,0.0,0.7333333333333333,0.7333333333333333
c1ac3a14-5075-4a36-95fd-74c4cb1f230c,5,0.125,40,1.0,0.0,-1.0
c1ac3a14-5075-4a36-95fd-74c4cb1f230c,8,0.2,40,0.0,1.0,1.0
c1ac3a14-5075-4a36-95fd-74c4cb1f230c,12,0.3,40,1.0,0.21428571428571427,-0.7857142857142857
c1d330a4-3ab7-4788-a0e6-15288bab317c,19,0.475,40,0.9473684210526315,0.0,-0.9473684210526315
c1d330a4-3ab7-4788-a0e6-15288bab317c,22,0.55,40,0.0,0.8333333333333334,0.8333333333333334
c1deb369-80d5-4090-8fb8-c608a42bdbc2,5,0.1111111111111111,45,1.0,0.0,-1.0
c1deb369-80d5-4090-8fb8-c608a42bdbc2,10,0.2222222222222222,45,0.0,0.8333333333333334,0.8333333333333334
c1deb369-80d5-4090-8fb8-c608a42bdbc2,16,0.35555555555555557,45,0.8333333333333334,0.25,-0.5833333333333334
c1deb369-80d5-4090-8fb8-c608a42bdbc2,24,0.5333333333333333,45,0.25,1.0,0.75
c1deb369-80d5-4090-8fb8-c608a42bdbc2,31,0.6888888888888889,45,1.0,0.2,-0.8
c1deb369-80d5-4090-8fb8-c608a42bdbc2,36,0.8,45,0.2,0.7777777777777778,0.5777777777777777
c2047413-617e-4da0-b989-bbdfc95e29fd,30,0.75,40,0.7333333333333333,0.4,-0.33333333333333326
c21aa4fe-398a-462b-be88-cc25a165341c,15,0.4166666666666667,36,0.8,0.3333333333333333,-0.46666666666666673
c23277b8-285e-4ccd-9443-0d95fb9ed640,6,0.13333333333333333,45,1.0,0.0,-1.0
c23277b8-285e-4ccd-9443-0d95fb9ed640,9,0.2,45,0.0,1.0,1.0
c23277b8-285e-4ccd-9443-0d95fb9ed640,17,0.37777777777777777,45,1.0,0.6071428571428571,-0.3928571428571429
c23dfb8a-2b41-493b-b089-48663055792b,24,0.6,40,0.9166666666666666,0.2857142857142857,-0.6309523809523809
c23dfb8a-2b41-493b-b089-48663055792b,31,0.775,40,0.2857142857142857,1.0,0.7142857142857143
c23dfb8a-2b41-493b-b089-48663055792b,36,0.9,40,1.0,0.25,-0.75
c246b4cb-3b4d-4575-97af-ea4b3d944f55,19,0.7916666666666666,24,1.0,0.4,-0.6
c25c9fe8-85ad-4379-b41f-91da36700b7b,12,0.6666666666666666,18,0.8333333333333334,0.0,-0.8333333333333334
c25c9fe8-85ad-4379-b41f-91da36700b7b,15,0.8333333333333334,18,0.0,0.6666666666666666,0.6666666666666666
c25efd7a-689e-4f45-9895-53095699c2c2,25,0.8928571428571429,28,0.84,0.3333333333333333,-0.5066666666666666
c26ac71e-e2b0-48b5-b1ff-3ab430e3c248,15,0.625,24,0.8666666666666667,0.4444444444444444,-0.4222222222222223
c2742c7e-af45-48bd-9715-d0166917962b,21,0.5833333333333334,36,0.8571428571428571,0.0,-0.8571428571428571
c2742c7e-af45-48bd-9715-d0166917962b,24,0.6666666666666666,36,0.0,0.75,0.75
c283667f-3781-4b7a-b026-86fc05a0336e,3,0.075,40,1.0,0.0,-1.0
c283667f-3781-4b7a-b026-86fc05a0336e,7,0.175,40,0.0,0.6666666666666666,0.6666666666666666
c283667f-3781-4b7a-b026-86fc05a0336e,28,0.7,40,0.6666666666666666,0.0,-0.6666666666666666
c283667f-3781-4b7a-b026-86fc05a0336e,32,0.8,40,0.0,1.0,1.0
c283667f-3781-4b7a-b026-86fc05a0336e,35,0.875,40,1.0,0.2,-0.8
c2a9da8c-58b1-4bb7-88f1-e5cd48c08b8c,28,0.6363636363636364,44,0.8928571428571429,0.3333333333333333,-0.5595238095238095
c2a9da8c-58b1-4bb7-88f1-e5cd48c08b8c,34,0.7727272727272727,44,0.3333333333333333,0.9,0.5666666666666667
c2ba8033-d80c-4e8b-b723-447c7bfa0678,33,0.7333333333333333,45,1.0,0.6666666666666666,-0.33333333333333337
c2c3e50e-f630-49cc-a860-3a8c63deca6e,7,0.3888888888888889,18,1.0,0.5,-0.5
c2c3e50e-f630-49cc-a860-3a8c63deca6e,13,0.7222222222222222,18,0.5,0.0,-0.5
c2cd7e4c-d4b0-4b3f-a502-46faf17c46ee,10,0.5555555555555556,18,0.8,0.0,-0.8
c2cd7e4c-d4b0-4b3f-a502-46faf17c46ee,15,0.8333333333333334,18,0.0,0.6666666666666666,0.6666666666666666
c2cedbe3-cafc-4acb-b101-b3a51c11e365,3,0.06521739130434782,46,0.0,0.7619047619047619,0.7619047619047619
c2cedbe3-cafc-4acb-b101-b3a51c11e365,24,0.5217391304347826,46,0.7619047619047619,0.0,-0.7619047619047619
c2cedbe3-cafc-4acb-b101-b3a51c11e365,27,0.5869565217391305,46,0.0,0.7368421052631579,0.7368421052631579
c2ef9ade-0cae-4442-b559-8cd3eecd6c20,3,0.17647058823529413,17,0.6666666666666666,0.0,-0.6666666666666666
c2ef9ade-0cae-4442-b559-8cd3eecd6c20,6,0.35294117647058826,17,0.0,1.0,1.0
c2ef9ade-0cae-4442-b559-8cd3eecd6c20,10,0.5882352941176471,17,1.0,0.14285714285714285,-0.8571428571428572
c2f3956a-b484-4328-b887-772601ce541b,34,0.7555555555555555,45,0.0,0.9090909090909091,0.9090909090909091
c3364a29-c249-451e-a3bc-38c6cef37b6a,8,0.4444444444444444,18,0.75,0.3,-0.45
c34a4ebe-3012-4e74-b9d7-31cbb25f9b87,28,0.7,40,0.10714285714285714,0.9166666666666666,0.8095238095238095
c351328e-9d8c-4c9c-a01e-e62f2baf734b,7,0.19444444444444445,36,0.8571428571428571,0.4827586206896552,-0.3743842364532019
c3533d5f-1311-469a-89bb-42eee1014e22,16,0.6956521739130435,23,1.0,0.0,-1.0
c3533d5f-1311-469a-89bb-42eee1014e22,19,0.8260869565217391,23,0.0,1.0,1.0
c3596d46-a37f-46d5-ad35-5edcbb45e32b,5,0.13157894736842105,38,0.8,0.32142857142857145,-0.4785714285714286
c3596d46-a37f-46d5-ad35-5edcbb45e32b,33,0.868421052631579,38,0.32142857142857145,0.8,0.4785714285714286
c3661c90-b122-4107-980e-4d3c56c68821,20,0.43478260869565216,46,0.55,0.8076923076923077,0.25769230769230766
c37485a4-72f2-47fd-ae88-bbde7354c5b9,14,0.7777777777777778,18,1.0,0.25,-0.75
c380eb65-c538-46b0-93b6-8b670a1e9f3b,8,0.17777777777777778,45,0.75,0.16666666666666666,-0.5833333333333334
c380eb65-c538-46b0-93b6-8b670a1e9f3b,14,0.3111111111111111,45,0.16666666666666666,0.8571428571428571,0.6904761904761905
c380eb65-c538-46b0-93b6-8b670a1e9f3b,35,0.7777777777777778,45,0.8571428571428571,0.0,-0.8571428571428571
c380eb65-c538-46b0-93b6-8b670a1e9f3b,38,0.8444444444444444,45,0.0,1.0,1.0
c383a862-5002-45fd-90a9-40b0ede07965,32,0.64,50,1.0,0.6666666666666666,-0.33333333333333337
c383a862-5002-45fd-90a9-40b0ede07965,47,0.94,50,0.6666666666666666,0.0,-0.6666666666666666
c384a224-dbcc-4771-9f7b-2df8f6886dcf,27,0.675,40,0.0,0.38461538461538464,0.38461538461538464
c395fd1e-c91b-4420-8323-18c846ea2f4a,40,0.8,50,0.075,0.8,0.7250000000000001
c399d5bf-406b-42a8-b87a-20fdde96c094,11,0.3055555555555556,36,0.9090909090909091,0.0,-0.9090909090909091
c399d5bf-406b-42a8-b87a-20fdde96c094,15,0.4166666666666667,36,0.0,0.7,0.7
c399d5bf-406b-42a8-b87a-20fdde96c094,25,0.6944444444444444,36,0.7,0.16666666666666666,-0.5333333333333333
c399d5bf-406b-42a8-b87a-20fdde96c094,31,0.8611111111111112,36,0.16666666666666666,0.8,0.6333333333333334
c3a372c3-bfa0-4db3-8348-77c27ce678d0,19,0.8260869565217391,23,0.7368421052631579,0.0,-0.7368421052631579
c3bc4209-90ff-460e-ad05-4b7189a39706,21,0.45652173913043476,46,0.7142857142857143,0.0,-0.7142857142857143
c3bc4209-90ff-460e-ad05-4b7189a39706,24,0.5217391304347826,46,0.0,0.7727272727272727,0.7727272727272727
c3c15de4-f221-45ee-81e1-4c9a128de877,29,0.725,40,0.8620689655172413,0.0,-0.8620689655172413
c3c15de4-f221-45ee-81e1-4c9a128de877,33,0.825,40,0.0,0.7142857142857143,0.7142857142857143
c3c83558-b953-4376-9dd3-693687f3b7d2,8,0.36363636363636365,22,1.0,0.2857142857142857,-0.7142857142857143
c3cdad18-855a-4ee3-9a4a-8cc0d8e7b467,12,0.6666666666666666,18,0.75,0.0,-0.75
c3cdad18-855a-4ee3-9a4a-8cc0d8e7b467,15,0.8333333333333334,18,0.0,0.6666666666666666,0.6666666666666666
c3dd4937-67cb-40cf-9fb0-447d3b6055dd,39,0.78,50,0.4358974358974359,0.8333333333333334,0.39743589743589747
c3dd4937-67cb-40cf-9fb0-447d3b6055dd,45,0.9,50,0.8333333333333334,0.0,-0.8333333333333334
c3f2aa98-3f9c-4a96-88bc-9648f8ff77e6,8,0.16,50,1.0,0.2222222222222222,-0.7777777777777778
c3f2aa98-3f9c-4a96-88bc-9648f8ff77e6,17,0.34,50,0.2222222222222222,0.9166666666666666,0.6944444444444444
c3f2aa98-3f9c-4a96-88bc-9648f8ff77e6,29,0.58,50,0.9166666666666666,0.4,-0.5166666666666666
c3f2aa98-3f9c-4a96-88bc-9648f8ff77e6,39,0.78,50,0.4,0.8181818181818182,0.4181818181818182
c3fc63a8-7c45-4087-9f18-82b338f183a1,13,0.4482758620689655,29,0.46153846153846156,1.0,0.5384615384615384
c3fc63a8-7c45-4087-9f18-82b338f183a1,17,0.5862068965517241,29,1.0,0.3333333333333333,-0.6666666666666667
c4009084-812c-4c0e-aec4-3bf0e477ab1e,5,0.125,40,0.4,0.8333333333333334,0.43333333333333335
c4009084-812c-4c0e-aec4-3bf0e477ab1e,29,0.725,40,0.8333333333333334,0.0,-0.8333333333333334
c4009084-812c-4c0e-aec4-3bf0e477ab1e,32,0.8,40,0.0,0.875,0.875
c4068850-67b2-497f-b98b-a3fafd724bc9,8,0.47058823529411764,17,0.625,0.0,-0.625
c4068850-67b2-497f-b98b-a3fafd724bc9,12,0.7058823529411765,17,0.0,0.6,0.6
c4123614-d0b4-4b30-880b-2b95677240e1,28,0.7,40,0.6071428571428571,0.16666666666666666,-0.44047619047619047
c41c0b94-8864-49f0-8eb7-5252ea5aa8dd,10,0.43478260869565216,23,0.9,0.0,-0.9
c41c0b94-8864-49f0-8eb7-5252ea5aa8dd,16,0.6956521739130435,23,0.0,0.7142857142857143,0.7142857142857143
c4285219-0073-44e0-afde-84b7f6255911,9,0.25,36,0.8888888888888888,0.36363636363636365,-0.5252525252525252
c4285219-0073-44e0-afde-84b7f6255911,20,0.5555555555555556,36,0.36363636363636365,1.0,0.6363636363636364
c4285219-0073-44e0-afde-84b7f6255911,27,0.75,36,1.0,0.5555555555555556,-0.4444444444444444
c4532b2b-c895-4972-ad47-c29641e5aaed,16,0.6956521739130435,23,0.9375,0.5714285714285714,-0.3660714285714286
c4547490-5a4b-4518-80fc-7e10ded6eb3c,10,0.2777777777777778,36,1.0,0.0,-1.0
c4547490-5a4b-4518-80fc-7e10ded6eb3c,13,0.3611111111111111,36,0.0,0.9565217391304348,0.9565217391304348
c46462a7-005d-41e3-9240-cd57756332d6,32,0.7111111111111111,45,0.75,0.38461538461538464,-0.36538461538461536
c482dd5c-5b1b-488d-a8b2-7c51faa7cbff,8,0.4444444444444444,18,0.75,0.2,-0.55
c48fc3e4-d4bf-4024-8a13-5563ce368efc,7,0.19444444444444445,36,0.8571428571428571,0.0,-0.8571428571428571
c48fc3e4-d4bf-4024-8a13-5563ce368efc,15,0.4166666666666667,36,0.0,0.6363636363636364,0.6363636363636364
c48fc3e4-d4bf-4024-8a13-5563ce368efc,26,0.7222222222222222,36,0.6363636363636364,0.0,-0.6363636363636364
c48fc3e4-d4bf-4024-8a13-5563ce368efc,29,0.8055555555555556,36,0.0,0.8571428571428571,0.8571428571428571
c4a5eaec-73de-48ee-9bc5-1340536e541c,17,0.3695652173913043,46,0.9411764705882353,0.25,-0.6911764705882353
c4a5eaec-73de-48ee-9bc5-1340536e541c,21,0.45652173913043476,46,0.25,0.88,0.63
c4cc56cb-d8b9-4ad0-beff-e87d21f2a9e6,5,0.29411764705882354,17,0.8,0.16666666666666666,-0.6333333333333334
c4d0075c-36e3-46ce-85df-62fe2a61c278,5,0.29411764705882354,17,0.6,1.0,0.4
c4d511a7-a66b-4781-aa79-5bad482c7bfe,8,0.34782608695652173,23,0.875,0.26666666666666666,-0.6083333333333334
c4e105d2-f68c-43e5-b19d-bbd51da4df25,13,0.7222222222222222,18,0.5384615384615384,1.0,0.46153846153846156
c4fbf066-009f-48b4-923d-556fa68faa4c,23,0.5609756097560976,41,0.9565217391304348,0.25,-0.7065217391304348
c4fbf066-009f-48b4-923d-556fa68faa4c,27,0.6585365853658537,41,0.25,0.9090909090909091,0.6590909090909091
c4fbf066-009f-48b4-923d-556fa68faa4c,38,0.926829268292683,41,0.9090909090909091,0.3333333333333333,-0.5757575757575757
c4fc2309-101f-40c7-807a-23a3c9bb410b,15,0.32608695652173914,46,0.4666666666666667,0.05263157894736842,-0.41403508771929826
c4fc2309-101f-40c7-807a-23a3c9bb410b,34,0.7391304347826086,46,0.05263157894736842,0.4166666666666667,0.36403508771929827
c50975ed-fd67-480d-b94f-1f052bf7825c,10,0.43478260869565216,23,0.6,0.0,-0.6
c50975ed-fd67-480d-b94f-1f052bf7825c,19,0.8260869565217391,23,0.0,0.75,0.75
c51628f8-be0e-454c-b73c-43f2ef2ae2eb,10,0.2777777777777778,36,1.0,0.0,-1.0
c51628f8-be0e-454c-b73c-43f2ef2ae2eb,13,0.3611111111111111,36,0.0,0.782608695652174,0.782608695652174
c51ad3ef-a6ca-48b4-ac57-c363d263baef,35,0.7,50,0.0,0.6666666666666666,0.6666666666666666
c5238d93-c124-4061-b0c2-d767570d72e7,11,0.22,50,1.0,0.38461538461538464,-0.6153846153846154
c5289fae-60b1-4ce7-a615-65749282e698,34,0.7555555555555555,45,0.9411764705882353,0.0,-0.9411764705882353
c5289fae-60b1-4ce7-a615-65749282e698,37,0.8222222222222222,45,0.0,1.0,1.0
c5289fae-60b1-4ce7-a615-65749282e698,42,0.9333333333333333,45,1.0,0.3333333333333333,-0.6666666666666667
c5563cef-9429-4d17-87ba-24d31c65f163,4,0.08695652173913043,46,0.5,0.9523809523809523,0.45238095238095233
c59aecfc-2658-49db-b4fc-1dbe78744311,9,0.21428571428571427,42,0.7777777777777778,0.3333333333333333,-0.4444444444444445
c5b3ec33-6afc-4b52-bc85-667885c759d9,5,0.22727272727272727,22,1.0,0.25,-0.75
c5b3ec33-6afc-4b52-bc85-667885c759d9,9,0.4090909090909091,22,0.25,0.875,0.625
c5b3ec33-6afc-4b52-bc85-667885c759d9,17,0.7727272727272727,22,0.875,0.2,-0.675
c5d6ed01-885d-460a-9c82-f810b9308b64,3,0.06,50,1.0,0.0,-1.0
c5d6ed01-885d-460a-9c82-f810b9308b64,6,0.12,50,0.0,0.7692307692307693,0.7692307692307693
c5d6ed01-885d-460a-9c82-f810b9308b64,19,0.38,50,0.7692307692307693,0.34782608695652173,-0.42140468227424754
c5d6ed01-885d-460a-9c82-f810b9308b64,42,0.84,50,0.34782608695652173,0.75,0.40217391304347827
c5e6e2bc-3bd9-4b9b-9017-5ddd284eb141,30,0.6666666666666666,45,0.9333333333333333,0.2727272727272727,-0.6606060606060606
c5e6e2bc-3bd9-4b9b-9017-5ddd284eb141,41,0.9111111111111111,45,0.2727272727272727,1.0,0.7272727272727273
c5ec852e-187f-4e21-b9e2-d116a5f8dd9f,7,0.14,50,1.0,0.1111111111111111,-0.8888888888888888
c5ec852e-187f-4e21-b9e2-d116a5f8dd9f,25,0.5,50,0.1111111111111111,1.0,0.8888888888888888
c5ec852e-187f-4e21-b9e2-d116a5f8dd9f,28,0.56,50,1.0,0.4090909090909091,-0.5909090909090908
c5fc45b0-7fb2-49db-a230-8429da90bdbc,19,0.6785714285714286,28,0.7894736842105263,0.0,-0.7894736842105263
c5fc45b0-7fb2-49db-a230-8429da90bdbc,22,0.7857142857142857,28,0.0,1.0,1.0
c636d41e-fbd5-4934-adac-0c4539cc9215,21,0.5833333333333334,36,0.8095238095238095,0.0,-0.8095238095238095
c636d41e-fbd5-4934-adac-0c4539cc9215,24,0.6666666666666666,36,0.0,1.0,1.0
c638e66f-ad28-4aff-85b7-ef246c69faf2,46,0.92,50,0.6521739130434783,0.0,-0.6521739130434783
c6503051-5ca4-4a24-824a-a3c578a468ec,11,0.6470588235294118,17,0.09090909090909091,0.6666666666666666,0.5757575757575757
c67af96a-599f-4e74-948a-6835c03ddda1,24,0.6666666666666666,36,0.625,0.0,-0.625
c67af96a-599f-4e74-948a-6835c03ddda1,28,0.7777777777777778,36,0.0,1.0,1.0
c67af96a-599f-4e74-948a-6835c03ddda1,33,0.9166666666666666,36,1.0,0.3333333333333333,-0.6666666666666667
c6817851-b6e6-4980-98b2-ff754a81f566,10,0.2777777777777778,36,0.9,0.5,-0.4
c6817851-b6e6-4980-98b2-ff754a81f566,22,0.6111111111111112,36,0.5,1.0,0.5
c68e0f4a-cca6-4df7-aadd-cf06667a5e20,10,0.21739130434782608,46,0.5,1.0,0.5
c68e0f4a-cca6-4df7-aadd-cf06667a5e20,22,0.4782608695652174,46,1.0,0.0,-1.0
c68e0f4a-cca6-4df7-aadd-cf06667a5e20,25,0.5434782608695652,46,0.0,0.8333333333333334,0.8333333333333334
c68e0f4a-cca6-4df7-aadd-cf06667a5e20,37,0.8043478260869565,46,0.8333333333333334,0.3333333333333333,-0.5
c694e57b-28a7-4ec7-a778-c0fcae6d5ec0,19,0.41304347826086957,46,0.5263157894736842,0.0,-0.5263157894736842
c694e57b-28a7-4ec7-a778-c0fcae6d5ec0,26,0.5652173913043478,46,0.0,0.8333333333333334,0.8333333333333334
c694e57b-28a7-4ec7-a778-c0fcae6d5ec0,38,0.8260869565217391,46,0.8333333333333334,0.25,-0.5833333333333334
c6a6a2c2-02e3-4620-bd16-f76f6246cb9c,12,0.3,40,1.0,0.0,-1.0
c6a6a2c2-02e3-4620-bd16-f76f6246cb9c,15,0.375,40,0.0,1.0,1.0
c6a6a2c2-02e3-4620-bd16-f76f6246cb9c,19,0.475,40,1.0,0.2,-0.8
c6a6a2c2-02e3-4620-bd16-f76f6246cb9c,24,0.6,40,0.2,1.0,0.8
c6a6a2c2-02e3-4620-bd16-f76f6246cb9c,30,0.75,40,1.0,0.4,-0.6
c6adf912-c165-408a-a610-cb6d2059cda6,4,0.2222222222222222,18,1.0,0.0,-1.0
c6adf912-c165-408a-a610-cb6d2059cda6,7,0.3888888888888889,18,0.0,0.7272727272727273,0.7272727272727273
c6cac3be-377a-4e9a-9705-6ded43ed6954,21,0.5526315789473685,38,0.8571428571428571,0.42857142857142855,-0.42857142857142855
c6cac3be-377a-4e9a-9705-6ded43ed6954,28,0.7368421052631579,38,0.42857142857142855,1.0,0.5714285714285714
c6d56368-9112-4ba7-b023-5a9d9975a0c6,17,0.7391304347826086,23,0.8823529411764706,0.5,-0.38235294117647056
c6dbda9a-62b4-400a-b3e2-6579520e9cb7,23,0.5111111111111111,45,0.8260869565217391,0.0,-0.8260869565217391
c6dbda9a-62b4-400a-b3e2-6579520e9cb7,26,0.5777777777777777,45,0.0,0.8333333333333334,0.8333333333333334
c6dbda9a-62b4-400a-b3e2-6579520e9cb7,32,0.7111111111111111,45,0.8333333333333334,0.0,-0.8333333333333334
c6dbda9a-62b4-400a-b3e2-6579520e9cb7,38,0.8444444444444444,45,0.0,1.0,1.0
c6dbda9a-62b4-400a-b3e2-6579520e9cb7,41,0.9111111111111111,45,1.0,0.25,-0.75
c6f5c389-3340-4866-ac32-bf4d321a0a60,5,0.1111111111111111,45,1.0,0.0,-1.0
c6f5c389-3340-4866-ac32-bf4d321a0a60,9,0.2,45,0.0,0.9166666666666666,0.9166666666666666
c6fd1764-9329-4203-aef8-660640e0ef02,8,0.17777777777777778,45,0.875,0.0,-0.875
c6fd1764-9329-4203-aef8-660640e0ef02,13,0.28888888888888886,45,0.0,0.75,0.75
c70a80cf-6a52-41e5-8773-b4b73bcdd16b,4,0.16666666666666666,24,0.75,0.15,-0.6
c73358ba-26d5-4751-a2d5-c11d2c0c398e,9,0.1956521739130435,46,0.4444444444444444,0.8571428571428571,0.4126984126984127
c73358ba-26d5-4751-a2d5-c11d2c0c398e,23,0.5,46,0.8571428571428571,0.0,-0.8571428571428571
c73358ba-26d5-4751-a2d5-c11d2c0c398e,27,0.5869565217391305,46,0.0,0.7894736842105263,0.7894736842105263
c73e7df9-2a00-4189-8ffd-bddc7372c1fc,41,0.9318181818181818,44,0.7560975609756098,0.0,-0.7560975609756098
c746a06e-b2bd-4fde-b1e0-7b0d59d414b8,31,0.775,40,0.967741935483871,0.4444444444444444,-0.5232974910394266
c74b249e-6fd4-435a-b0d5-767e15d588f9,16,0.6666666666666666,24,0.375,0.75,0.375
c74c282a-f82c-4132-8734-620463987271,11,0.5,22,0.9090909090909091,0.0,-0.9090909090909091
c74c282a-f82c-4132-8734-620463987271,14,0.6363636363636364,22,0.0,0.875,0.875
c754987a-8047-4667-afeb-6e925770944a,5,0.2777777777777778,18,1.0,0.2,-0.8
c754987a-8047-4667-afeb-6e925770944a,10,0.5555555555555556,18,0.2,1.0,0.8
c754987a-8047-4667-afeb-6e925770944a,13,0.7222222222222222,18,1.0,0.2,-0.8
c7767c37-4f95-4e01-9782-a3c57dd11136,7,0.2916666666666667,24,1.0,0.4,-0.6
c7767c37-4f95-4e01-9782-a3c57dd11136,17,0.7083333333333334,24,0.4,1.0,0.6
c79871a3-6b57-4182-aac1-97313e429028,20,0.4,50,1.0,0.5714285714285714,-0.4285714285714286
c79871a3-6b57-4182-aac1-97313e429028,41,0.82,50,0.5714285714285714,0.2222222222222222,-0.3492063492063492
c79d556d-3e0e-4cc0-b09e-647d872448b2,23,0.575,40,0.782608695652174,0.23529411764705882,-0.5473145780051152
c7a99b5f-c218-4809-9e42-132b30e9a016,33,0.868421052631579,38,0.9393939393939394,0.2,-0.7393939393939395
c7c224de-254d-4b2b-95c7-48eefb6a2b64,7,0.3181818181818182,22,1.0,0.2,-0.8
c7ccef54-53b3-4ba1-a879-7e01f22eba79,3,0.125,24,1.0,0.2,-0.8
c7ccef54-53b3-4ba1-a879-7e01f22eba79,8,0.3333333333333333,24,0.2,0.625,0.425
c7dbe12f-58d1-4e57-8215-ffe76f3c41ed,11,0.6111111111111112,18,0.5454545454545454,1.0,0.4545454545454546
c7de434f-2a1e-4f66-b354-0299cd3b53e1,8,0.2857142857142857,28,1.0,0.0,-1.0
c7de434f-2a1e-4f66-b354-0299cd3b53e1,11,0.39285714285714285,28,0.0,1.0,1.0
c7de434f-2a1e-4f66-b354-0299cd3b53e1,18,0.6428571428571429,28,1.0,0.4,-0.6
c7f188f2-0da2-425c-acef-e5dcf92f2b33,16,0.6956521739130435,23,0.5625,1.0,0.4375
c7f19627-3af2-4653-ae36-991da338793e,10,0.23809523809523808,42,0.7,0.0,-0.7
c7f19627-3af2-4653-ae36-991da338793e,14,0.3333333333333333,42,0.0,1.0,1.0
c7f19627-3af2-4653-ae36-991da338793e,17,0.40476190476190477,42,1.0,0.3684210526315789,-0.631578947368421
c7f19627-3af2-4653-ae36-991da338793e,36,0.8571428571428571,42,0.3684210526315789,1.0,0.631578947368421
c7f19627-3af2-4653-ae36-991da338793e,39,0.9285714285714286,42,1.0,0.0,-1.0
c7f2d98f-b8d8-4e55-9dcb-196e73d5f13a,6,0.13333333333333333,45,0.3333333333333333,0.8717948717948718,0.5384615384615385
c80bf649-c263-450b-b26b-b899bfeff5c9,3,0.10714285714285714,28,0.0,0.64,0.64
c81b27c4-d695-47ed-9975-2c14a11237d7,12,0.3,40,0.9166666666666666,0.5357142857142857,-0.38095238095238093
c843ea05-1fe5-405e-ba63-6a5191652900,47,0.94,50,0.9148936170212766,0.3333333333333333,-0.5815602836879432
c8481f70-101a-4cb2-bf67-28d849bfe534,28,0.6086956521739131,46,0.9642857142857143,0.25,-0.7142857142857143
c8481f70-101a-4cb2-bf67-28d849bfe534,32,0.6956521739130435,46,0.25,0.9285714285714286,0.6785714285714286
c84a2ef4-65b0-40a4-a7ef-230d9f11537d,21,0.7241379310344828,29,0.8571428571428571,0.125,-0.7321428571428571
c8727e89-6f63-4be8-b058-7613da55604b,19,0.41304347826086957,46,0.5789473684210527,0.18518518518518517,-0.3937621832358675
c877fe56-0614-4423-9a78-5ae7dee34041,31,0.62,50,0.9354838709677419,0.0,-0.9354838709677419
c877fe56-0614-4423-9a78-5ae7dee34041,34,0.68,50,0.0,0.9375,0.9375
c88cb133-c6f6-429d-a63f-8df10e283cce,5,0.1724137931034483,29,0.4,1.0,0.6
c88cb133-c6f6-429d-a63f-8df10e283cce,8,0.27586206896551724,29,1.0,0.23809523809523808,-0.7619047619047619
c893547c-b219-4763-a3c3-1890561d3900,7,0.19444444444444445,36,0.5714285714285714,0.9310344827586207,0.35960591133004927
c8d122eb-fab7-45c2-b723-4013c9c4f389,13,0.7647058823529411,17,0.7692307692307693,0.25,-0.5192307692307693
c8d92f6b-c471-49cb-a0d4-2e186a66cdb7,10,0.2631578947368421,38,0.4,0.75,0.35
c8d92f6b-c471-49cb-a0d4-2e186a66cdb7,26,0.6842105263157895,38,0.75,0.125,-0.625
c8d92f6b-c471-49cb-a0d4-2e186a66cdb7,34,0.8947368421052632,38,0.125,0.75,0.625
c8e29038-914a-4814-a0d8-3527e9595b11,27,0.6428571428571429,42,0.7777777777777778,0.0,-0.7777777777777778
c8e29038-914a-4814-a0d8-3527e9595b11,31,0.7380952380952381,42,0.0,0.8571428571428571,0.8571428571428571
c8e29038-914a-4814-a0d8-3527e9595b11,38,0.9047619047619048,42,0.8571428571428571,0.25,-0.6071428571428571
c8e392a2-4cee-46e5-896a-e3311f2b6077,8,0.4444444444444444,18,0.5,0.9,0.4
c8e444f5-47be-440a-848f-eb8e9ae17a1e,9,0.375,24,0.8888888888888888,0.5333333333333333,-0.3555555555555555
c8fcd8ae-42e2-4266-9ac3-6c33184bd015,11,0.6111111111111112,18,0.6363636363636364,1.0,0.36363636363636365
c91621fb-a171-4d43-8d7b-71e700992bef,23,0.6052631578947368,38,0.9565217391304348,0.6666666666666666,-0.2898550724637682
c9167fc4-2690-41bb-a4af-971a569a6b97,14,0.3111111111111111,45,0.8571428571428571,0.0,-0.8571428571428571
c9167fc4-2690-41bb-a4af-971a569a6b97,17,0.37777777777777777,45,0.0,0.7142857142857143,0.7142857142857143
c91afa52-c0f8-4118-8837-c033ca534ef1,10,0.5555555555555556,18,0.6,1.0,0.4
c92d7a5b-1ba9-4b0d-926c-e8640e58c4d3,18,0.45,40,0.5,0.13636363636363635,-0.36363636363636365
c94b1178-a7b9-4386-ac54-917c26350c60,24,0.8275862068965517,29,0.9583333333333334,0.4,-0.5583333333333333
c94c9ea4-c096-4221-bbb0-675095325246,11,0.4782608695652174,23,0.7272727272727273,0.0,-0.7272727272727273
c94c9ea4-c096-4221-bbb0-675095325246,17,0.7391304347826086,23,0.0,1.0,1.0
c94c9ea4-c096-4221-bbb0-675095325246,20,0.8695652173913043,23,1.0,0.3333333333333333,-0.6666666666666667
c95db094-ab05-4a0a-a7f5-7d1431ee5849,13,0.5416666666666666,24,0.6923076923076923,0.0,-0.6923076923076923
c95db094-ab05-4a0a-a7f5-7d1431ee5849,19,0.7916666666666666,24,0.0,1.0,1.0
c96f198b-3df9-4c99-8b74-4a095dc2c91c,10,0.2631578947368421,38,0.6,0.16666666666666666,-0.43333333333333335
c96f198b-3df9-4c99-8b74-4a095dc2c91c,16,0.42105263157894735,38,0.16666666666666666,1.0,0.8333333333333334
c96f198b-3df9-4c99-8b74-4a095dc2c91c,20,0.5263157894736842,38,1.0,0.3333333333333333,-0.6666666666666667
c9708eae-ae85-4b67-8c6a-4dc7d6bbb591,33,0.825,40,0.12121212121212122,1.0,0.8787878787878788
c98ac42a-845c-481c-b6cf-c16b00aed067,17,0.425,40,0.8823529411764706,0.0,-0.8823529411764706
c98ac42a-845c-481c-b6cf-c16b00aed067,20,0.5,40,0.0,1.0,1.0
c98ac42a-845c-481c-b6cf-c16b00aed067,24,0.6,40,1.0,0.1875,-0.8125
c98cbac6-623d-438d-bceb-73d400df80f3,18,0.36,50,1.0,0.72,-0.28
c98cbac6-623d-438d-bceb-73d400df80f3,43,0.86,50,0.72,0.2857142857142857,-0.4342857142857143
c9922bfb-0d99-4341-8c31-f102d4b5563e,9,0.225,40,0.8888888888888888,0.16666666666666666,-0.7222222222222222
c9922bfb-0d99-4341-8c31-f102d4b5563e,15,0.375,40,0.16666666666666666,0.875,0.7083333333333334
c9922bfb-0d99-4341-8c31-f102d4b5563e,23,0.575,40,0.875,0.0,-0.875
c9922bfb-0d99-4341-8c31-f102d4b5563e,26,0.65,40,0.0,1.0,1.0
c9922bfb-0d99-4341-8c31-f102d4b5563e,31,0.775,40,1.0,0.4444444444444444,-0.5555555555555556
c99a561f-10c7-4924-8e0b-af1b58aca90e,6,0.13333333333333333,45,0.8333333333333334,0.40625,-0.42708333333333337
c99a561f-10c7-4924-8e0b-af1b58aca90e,38,0.8444444444444444,45,0.40625,1.0,0.59375
c99a561f-10c7-4924-8e0b-af1b58aca90e,41,0.9111111111111111,45,1.0,0.0,-1.0
c99c9ba0-f17d-4dd8-9f8f-eacdcd42ea68,24,0.5714285714285714,42,0.75,0.3333333333333333,-0.4166666666666667
c99e6aa6-071f-4a8e-9f35-f4cacd93adb4,43,0.86,50,0.9302325581395349,0.2857142857142857,-0.6445182724252492
c9a370c8-af45-45c2-9de6-927aa644205a,9,0.4090909090909091,22,1.0,0.15384615384615385,-0.8461538461538461
c9a6ecf2-fc9f-4814-87e2-1a11b88fe120,42,0.9333333333333333,45,0.8809523809523809,0.3333333333333333,-0.5476190476190477
c9b212ea-8dbf-48c2-a3e1-b00b9ee5f7fb,18,0.8181818181818182,22,1.0,0.5,-0.5
c9b67066-e7de-4a14-89b7-0263134cdca3,12,0.6666666666666666,18,0.3333333333333333,0.8333333333333334,0.5
c9cd7362-da6b-4dbb-a285-64536748710d,13,0.7647058823529411,17,0.9230769230769231,0.5,-0.42307692307692313
c9d945d2-7fc4-4538-ab5b-928020fc43d4,7,0.4117647058823529,17,0.7142857142857143,0.0,-0.7142857142857143
c9d945d2-7fc4-4538-ab5b-928020fc43d4,10,0.5882352941176471,17,0.0,1.0,1.0
c9d945d2-7fc4-4538-ab5b-928020fc43d4,14,0.8235294117647058,17,1.0,0.0,-1.0
c9ddb911-402f-4243-b2fc-8d50ac67558e,14,0.7777777777777778,18,0.9285714285714286,0.5,-0.4285714285714286
c9f5a916-779a-49f7-b9ba-8e25684858dd,17,0.40476190476190477,42,0.9411764705882353,0.4,-0.5411764705882353
ca031052-d5e4-4f59-bb0b-9abfecccc160,6,0.35294117647058826,17,0.0,0.75,0.75
ca031052-d5e4-4f59-bb0b-9abfecccc160,10,0.5882352941176471,17,0.75,0.14285714285714285,-0.6071428571428572
ca13b9fd-ade2-4a53-a700-9983ccce9b72,4,0.08,50,0.25,1.0,0.75
ca13b9fd-ade2-4a53-a700-9983ccce9b72,8,0.16,50,1.0,0.3333333333333333,-0.6666666666666667
ca13b9fd-ade2-4a53-a700-9983ccce9b72,41,0.82,50,0.3333333333333333,0.8888888888888888,0.5555555555555556
ca13caf9-9216-448b-a1b0-4c6cb0ac2342,41,0.82,50,0.926829268292683,0.1111111111111111,-0.8157181571815719
ca2678aa-fa46-4487-8953-ed45265cc18b,6,0.13333333333333333,45,1.0,0.25,-0.75
ca2678aa-fa46-4487-8953-ed45265cc18b,10,0.2222222222222222,45,0.25,1.0,0.75
ca2678aa-fa46-4487-8953-ed45265cc18b,23,0.5111111111111111,45,1.0,0.0,-1.0
ca2678aa-fa46-4487-8953-ed45265cc18b,26,0.5777777777777777,45,0.0,0.7692307692307693,0.7692307692307693
ca2678aa-fa46-4487-8953-ed45265cc18b,39,0.8666666666666667,45,0.7692307692307693,0.3333333333333333,-0.43589743589743596
ca2c9514-1e0d-450b-bbc4-4aa01ebda387,4,0.10526315789473684,38,1.0,0.13333333333333333,-0.8666666666666667
ca2c9514-1e0d-450b-bbc4-4aa01ebda387,19,0.5,38,0.13333333333333333,0.625,0.4916666666666667
ca2c9514-1e0d-450b-bbc4-4aa01ebda387,27,0.7105263157894737,38,0.625,0.09090909090909091,-0.5340909090909091
ca37db11-ab30-4802-ba4e-762d9547752c,4,0.13793103448275862,29,1.0,0.0,-1.0
ca37db11-ab30-4802-ba4e-762d9547752c,8,0.27586206896551724,29,0.0,0.8461538461538461,0.8461538461538461
ca37db11-ab30-4802-ba4e-762d9547752c,21,0.7241379310344828,29,0.8461538461538461,0.125,-0.7211538461538461
ca38aa59-0ca6-41cd-8074-85e61a74e238,20,0.5,40,1.0,0.45,-0.55
ca3aa655-6082-4436-b1f3-2b34a2594a36,9,0.25,36,0.1111111111111111,0.9629629629629629,0.8518518518518519
ca3ecb42-4c6f-43dd-91c4-0c8002d1920f,10,0.2777777777777778,36,0.9,0.0,-0.9
ca3ecb42-4c6f-43dd-91c4-0c8002d1920f,13,0.3611111111111111,36,0.0,0.9130434782608695,0.9130434782608695
ca4d6299-8191-4f4f-a183-e87e1d386fc3,6,0.3333333333333333,18,1.0,0.4166666666666667,-0.5833333333333333
ca73458f-ac60-4613-adbc-e237fdb2d207,3,0.06666666666666667,45,1.0,0.42857142857142855,-0.5714285714285714
ca73458f-ac60-4613-adbc-e237fdb2d207,31,0.6888888888888889,45,0.42857142857142855,0.0,-0.42857142857142855
ca73458f-ac60-4613-adbc-e237fdb2d207,39,0.8666666666666667,45,0.0,0.6666666666666666,0.6666666666666666
ca7fdd3d-a26e-45e0-bbd3-b60448890f9a,4,0.08695652173913043,46,0.25,0.8888888888888888,0.6388888888888888
ca7fdd3d-a26e-45e0-bbd3-b60448890f9a,40,0.8695652173913043,46,0.8888888888888888,0.3333333333333333,-0.5555555555555556
ca8533ab-0476-457e-90ec-ba586b5e2241,4,0.1,40,0.0,0.8,0.8
ca8533ab-0476-457e-90ec-ba586b5e2241,9,0.225,40,0.8,0.05,-0.75
ca8533ab-0476-457e-90ec-ba586b5e2241,29,0.725,40,0.05,0.5714285714285714,0.5214285714285714
ca8533ab-0476-457e-90ec-ba586b5e2241,36,0.9,40,0.5714285714285714,0.0,-0.5714285714285714
ca954d33-e65e-4d33-8007-fdd4cc0874ec,21,0.5,42,1.0,0.25,-0.75
ca954d33-e65e-4d33-8007-fdd4cc0874ec,25,0.5952380952380952,42,0.25,1.0,0.75
ca9eb0ac-26e9-46ac-8b45-c63a9ee3cded,18,0.782608695652174,23,0.8333333333333334,0.0,-0.8333333333333334
ca9f91ea-f2aa-41f9-b7c6-789069b72a42,15,0.3,50,0.6,0.0,-0.6
ca9f91ea-f2aa-41f9-b7c6-789069b72a42,18,0.36,50,0.0,1.0,1.0
ca9f91ea-f2aa-41f9-b7c6-789069b72a42,22,0.44,50,1.0,0.0,-1.0
ca9f91ea-f2aa-41f9-b7c6-789069b72a42,27,0.54,50,0.0,0.6956521739130435,0.6956521739130435
cab9ac1c-6daa-4331-bb08-0e4aed07948e,5,0.10869565217391304,46,0.4,1.0,0.6
cab9ac1c-6daa-4331-bb08-0e4aed07948e,9,0.1956521739130435,46,1.0,0.2857142857142857,-0.7142857142857143
cab9ac1c-6daa-4331-bb08-0e4aed07948e,23,0.5,46,0.2857142857142857,1.0,0.7142857142857143
cab9ac1c-6daa-4331-bb08-0e4aed07948e,28,0.6086956521739131,46,1.0,0.3333333333333333,-0.6666666666666667
cac64c4f-75e4-4921-beea-11bb25d1235d,9,0.225,40,0.1111111111111111,1.0,0.8888888888888888
cac64c4f-75e4-4921-beea-11bb25d1235d,14,0.35,40,1.0,0.3076923076923077,-0.6923076923076923
cacd1d1c-7a63-46ae-b833-6621f7b36daf,15,0.32608695652173914,46,0.9333333333333333,0.0,-0.9333333333333333
cacd1d1c-7a63-46ae-b833-6621f7b36daf,18,0.391304347826087,46,0.0,0.75,0.75
cad4c449-8534-4171-9bfa-44149f48f54b,27,0.6428571428571429,42,0.8518518518518519,0.26666666666666666,-0.5851851851851853
cb072c40-bdbd-468b-ac83-03b25406a166,3,0.17647058823529413,17,0.0,0.7777777777777778,0.7777777777777778
cb072c40-bdbd-468b-ac83-03b25406a166,12,0.7058823529411765,17,0.7777777777777778,0.0,-0.7777777777777778
cb1e6684-bc8e-489f-9bfe-07fb26a89df9,24,0.8275862068965517,29,0.9166666666666666,0.4,-0.5166666666666666
cb3a3ba2-c98e-4685-bc8c-391d3f7372f9,12,0.26666666666666666,45,0.3333333333333333,1.0,0.6666666666666667
cb3a3ba2-c98e-4685-bc8c-391d3f7372f9,18,0.4,45,1.0,0.5555555555555556,-0.4444444444444444
cb41ffb4-00a9-439a-b9aa-6ab035630531,19,0.5,38,0.7894736842105263,0.42105263157894735,-0.368421052631579
cb432432-2be3-4501-ba9b-9b844ed697f5,28,0.7368421052631579,38,0.9642857142857143,0.5,-0.4642857142857143
cb4846fe-2b6f-4ed2-8769-eb2db2e88453,10,0.20833333333333334,48,0.9,0.15384615384615385,-0.7461538461538462
cb4846fe-2b6f-4ed2-8769-eb2db2e88453,23,0.4791666666666667,48,0.15384615384615385,1.0,0.8461538461538461
cb4846fe-2b6f-4ed2-8769-eb2db2e88453,26,0.5416666666666666,48,1.0,0.0,-1.0
cb4846fe-2b6f-4ed2-8769-eb2db2e88453,29,0.6041666666666666,48,0.0,0.7894736842105263,0.7894736842105263
cb526935-15e5-4679-a963-e94a4f5a48df,12,0.24,50,0.8333333333333334,0.1111111111111111,-0.7222222222222223
cb526935-15e5-4679-a963-e94a4f5a48df,21,0.42,50,0.1111111111111111,0.5172413793103449,0.40613026819923376
cb551eb4-69af-47ea-bf8e-01edeb62a8b2,12,0.6666666666666666,18,0.9166666666666666,0.5,-0.41666666666666663
cb59cc0a-4c17-4009-a6fa-05a9b4249c75,3,0.17647058823529413,17,1.0,0.0,-1.0
cb59cc0a-4c17-4009-a6fa-05a9b4249c75,6,0.35294117647058826,17,0.0,0.7272727272727273,0.7272727272727273
cb751b5e-e747-45f9-8abc-217fd90afdc7,39,0.8125,48,0.6923076923076923,0.0,-0.6923076923076923
cb751b5e-e747-45f9-8abc-217fd90afdc7,43,0.8958333333333334,48,0.0,0.8,0.8
cb83e433-68ba-4be1-bb7b-3d9d49f94ed9,4,0.17391304347826086,23,0.5,1.0,0.5
cb83e433-68ba-4be1-bb7b-3d9d49f94ed9,11,0.4782608695652174,23,1.0,0.2,-0.8
cb83e433-68ba-4be1-bb7b-3d9d49f94ed9,16,0.6956521739130435,23,0.2,0.7142857142857143,0.5142857142857142
cb9f86a3-c760-4707-96b1-5111875ce258,6,0.13333333333333333,45,1.0,0.3333333333333333,-0.6666666666666667
cb9f86a3-c760-4707-96b1-5111875ce258,12,0.26666666666666666,45,0.3333333333333333,1.0,0.6666666666666667
cb9f86a3-c760-4707-96b1-5111875ce258,18,0.4,45,1.0,0.48148148148148145,-0.5185185185185186
cba77bfd-2e44-4849-b382-57241f73259b,25,0.8620689655172413,29,0.96,0.0,-0.96
cbb251b2-8179-4a0a-a8c8-df027a3a3eb0,3,0.17647058823529413,17,1.0,0.0,-1.0
cbb251b2-8179-4a0a-a8c8-df027a3a3eb0,6,0.35294117647058826,17,0.0,1.0,1.0
cbb251b2-8179-4a0a-a8c8-df027a3a3eb0,9,0.5294117647058824,17,1.0,0.375,-0.625
cbba1489-b427-4fb7-b32f-9e60d182b928,35,0.7608695652173914,46,0.8,0.45454545454545453,-0.3454545454545455
cbbe4928-a3be-415b-a5b7-fd0aa9d238dc,24,0.5714285714285714,42,0.875,0.0,-0.875
cbbe4928-a3be-415b-a5b7-fd0aa9d238dc,28,0.6666666666666666,42,0.0,0.8571428571428571,0.8571428571428571
cbc78943-bd33-4c29-93ff-d080c4b95dbf,25,0.5,50,0.92,0.0,-0.92
cbc78943-bd33-4c29-93ff-d080c4b95dbf,30,0.6,50,0.0,0.9,0.9
cbc78943-bd33-4c29-93ff-d080c4b95dbf,40,0.8,50,0.9,0.5,-0.4
cbd64334-5601-470f-82f0-591f03b2aa0e,9,0.375,24,0.3333333333333333,0.8666666666666667,0.5333333333333334
cbdcd169-d15e-4e52-9db7-2dd3714c3bde,13,0.7222222222222222,18,0.8461538461538461,0.2,-0.6461538461538461
cbdff98b-1a4c-4cf7-aab8-00644c0df14d,27,0.75,36,0.7777777777777778,0.2,-0.5777777777777777
cbdff98b-1a4c-4cf7-aab8-00644c0df14d,32,0.8888888888888888,36,0.2,1.0,0.8
cbfb9611-e9d5-4118-ad9d-1933fefbeac9,3,0.06666666666666667,45,1.0,0.0,-1.0
cbfb9611-e9d5-4118-ad9d-1933fefbeac9,6,0.13333333333333333,45,0.0,0.65625,0.65625
cbfb9611-e9d5-4118-ad9d-1933fefbeac9,38,0.8444444444444444,45,0.65625,0.2857142857142857,-0.3705357142857143
cbfd499c-bad0-4474-aa9b-23fca61994de,28,0.56,50,0.0,0.7272727272727273,0.7272727272727273
cbfd4bc5-cd12-46be-b152-81f27aebe8be,9,0.25,36,0.8888888888888888,0.0,-0.8888888888888888
cbfd4bc5-cd12-46be-b152-81f27aebe8be,13,0.3611111111111111,36,0.0,0.9565217391304348,0.9565217391304348
cc0588b7-ca38-48b6-a573-339b93aace18,6,0.13043478260869565,46,0.6666666666666666,0.1111111111111111,-0.5555555555555556
cc0588b7-ca38-48b6-a573-339b93aace18,15,0.32608695652173914,46,0.1111111111111111,0.75,0.6388888888888888
cc0588b7-ca38-48b6-a573-339b93aace18,23,0.5,46,0.75,0.0,-0.75
cc0588b7-ca38-48b6-a573-339b93aace18,27,0.5869565217391305,46,0.0,0.7368421052631579,0.7368421052631579
cc0ce1ce-ea48-4fa2-92a9-edf7006f8296,8,0.2222222222222222,36,1.0,0.5714285714285714,-0.4285714285714286
cc0ce1ce-ea48-4fa2-92a9-edf7006f8296,29,0.8055555555555556,36,0.5714285714285714,1.0,0.4285714285714286
cc20e715-c507-45bf-9fc8-c548f9f56dea,35,0.7777777777777778,45,0.6857142857142857,0.0,-0.6857142857142857
cc20e715-c507-45bf-9fc8-c548f9f56dea,41,0.9111111111111111,45,0.0,0.75,0.75
cc4e313f-8eb7-47e7-abbf-fb0f87396e83,6,0.13636363636363635,44,0.6666666666666666,0.0,-0.6666666666666666
cc4e313f-8eb7-47e7-abbf-fb0f87396e83,9,0.20454545454545456,44,0.0,1.0,1.0
cc4e313f-8eb7-47e7-abbf-fb0f87396e83,12,0.2727272727272727,44,1.0,0.25,-0.75
cc508e0e-dc2b-49e8-965d-185a870a31e0,5,0.11363636363636363,44,0.8,0.1111111111111111,-0.6888888888888889
cc508e0e-dc2b-49e8-965d-185a870a31e0,23,0.5227272727272727,44,0.1111111111111111,0.7142857142857143,0.6031746031746033
cc508e0e-dc2b-49e8-965d-185a870a31e0,30,0.6818181818181818,44,0.7142857142857143,0.07142857142857142,-0.6428571428571429
cc654eaf-7d68-48ea-9fa1-245d651cdc79,15,0.625,24,1.0,0.4444444444444444,-0.5555555555555556
cc9cef84-2a2a-4b2e-8b10-a9403643a058,36,0.9,40,0.6944444444444444,0.25,-0.4444444444444444
ccb358a6-0fca-4462-a6aa-cff15a4af5a4,30,0.6,50,0.7666666666666667,0.05,-0.7166666666666667
ccebc16f-9175-4897-9e3c-4d24ae25d846,5,0.1388888888888889,36,1.0,0.0,-1.0
ccebc16f-9175-4897-9e3c-4d24ae25d846,10,0.2777777777777778,36,0.0,0.8,0.8
ccebc16f-9175-4897-9e3c-4d24ae25d846,15,0.4166666666666667,36,0.8,0.125,-0.675
ccebc16f-9175-4897-9e3c-4d24ae25d846,23,0.6388888888888888,36,0.125,1.0,0.875
ccebc16f-9175-4897-9e3c-4d24ae25d846,26,0.7222222222222222,36,1.0,0.1,-0.9
ccf61593-65ea-41c5-bece-2c0cb9c8eb79,5,0.20833333333333334,24,1.0,0.21052631578947367,-0.7894736842105263
ccf91ee7-b375-4e8d-b90d-67d306417bb0,8,0.4444444444444444,18,0.875,0.0,-0.875
ccf91ee7-b375-4e8d-b90d-67d306417bb0,11,0.6111111111111112,18,0.0,1.0,1.0
ccfa4ab5-03af-4d26-aa3e-b637d9a6bf55,14,0.7777777777777778,18,1.0,0.5,-0.5
cd000305-e846-47a1-9513-d59c1658511d,16,0.34782608695652173,46,0.5,0.0,-0.5
cd000305-e846-47a1-9513-d59c1658511d,21,0.45652173913043476,46,0.0,0.64,0.64
cd0529b9-eba7-412a-9c3f-964f9d366e55,34,0.68,50,0.9705882352941176,0.25,-0.7205882352941176
cd0529b9-eba7-412a-9c3f-964f9d366e55,38,0.76,50,0.25,1.0,0.75
cd0529b9-eba7-412a-9c3f-964f9d366e55,47,0.94,50,1.0,0.3333333333333333,-0.6666666666666667
cd084bd3-ee2f-40a5-83d6-4c1cdb04323a,6,0.15,40,0.3333333333333333,1.0,0.6666666666666667
cd084bd3-ee2f-40a5-83d6-4c1cdb04323a,12,0.3,40,1.0,0.0,-1.0
cd084bd3-ee2f-40a5-83d6-4c1cdb04323a,17,0.425,40,0.0,1.0,1.0
cd084bd3-ee2f-40a5-83d6-4c1cdb04323a,20,0.5,40,1.0,0.15,-0.85
cd12053e-3e51-4535-ae16-2ac52a175c03,5,0.1388888888888889,36,1.0,0.16666666666666666,-0.8333333333333334
cd12053e-3e51-4535-ae16-2ac52a175c03,11,0.3055555555555556,36,0.16666666666666666,0.76,0.5933333333333334
cd23027d-ba9f-4380-b82b-5c0af0b41349,24,0.631578947368421,38,1.0,0.5714285714285714,-0.4285714285714286
cd238c50-2c0f-4a93-b8eb-30f0a570558f,36,0.9,40,0.9444444444444444,0.5,-0.4444444444444444
cd2d8b8b-8925-400c-98af-b7dab1a248de,6,0.25,24,0.8333333333333334,0.0,-0.8333333333333334
cd2d8b8b-8925-400c-98af-b7dab1a248de,9,0.375,24,0.0,0.5333333333333333,0.5333333333333333
cd30c221-06a9-4c82-b865-2dc9a9990053,18,0.782608695652174,23,1.0,0.2,-0.8
cd4798a7-4e52-4081-8ea7-31342b887b86,17,0.4722222222222222,36,1.0,0.4,-0.6
cd4798a7-4e52-4081-8ea7-31342b887b86,32,0.8888888888888888,36,0.4,1.0,0.6
cd49906d-4c76-4482-ae7e-9101a8341ca0,19,0.475,40,1.0,0.7142857142857143,-0.2857142857142857
cd534111-82d6-4db2-94f2-96f11bf15ebe,39,0.8478260869565217,46,0.9230769230769231,0.5714285714285714,-0.35164835164835173
cd612c55-b6ed-4a31-b87b-109d1d0ebb53,22,0.44,50,0.9545454545454546,0.25,-0.7045454545454546
cd612c55-b6ed-4a31-b87b-109d1d0ebb53,26,0.52,50,0.25,1.0,0.75
cd612c55-b6ed-4a31-b87b-109d1d0ebb53,41,0.82,50,1.0,0.5555555555555556,-0.4444444444444444
cd6ade5a-8356-44ea-8af6-6537845a9a2e,14,0.3684210526315789,38,0.7857142857142857,0.375,-0.4107142857142857
cd7d5b78-cb45-4546-8af7-985fd0a28f1e,24,0.5217391304347826,46,0.9583333333333334,0.25,-0.7083333333333334
cd7d5b78-cb45-4546-8af7-985fd0a28f1e,28,0.6086956521739131,46,0.25,0.8333333333333334,0.5833333333333334
cd9595a3-bb32-4dee-9440-ea4bf504f352,15,0.3125,48,1.0,0.25,-0.75
cd9595a3-bb32-4dee-9440-ea4bf504f352,19,0.3958333333333333,48,0.25,0.896551724137931,0.646551724137931
cda66e6e-4b06-4479-bcf5-c9a76d7d9dac,5,0.1724137931034483,29,0.2,1.0,0.8
cda66e6e-4b06-4479-bcf5-c9a76d7d9dac,8,0.27586206896551724,29,1.0,0.2857142857142857,-0.7142857142857143
cdb59ad2-185f-490a-9de7-17f6064aca9c,25,0.5,50,0.96,0.56,-0.3999999999999999
cdb62571-e846-4805-a9d5-531a5eafcaa8,22,0.7586206896551724,29,0.8181818181818182,0.0,-0.8181818181818182
cdb62571-e846-4805-a9d5-531a5eafcaa8,26,0.896551724137931,29,0.0,1.0,1.0
cdcb2962-f7b2-4cde-a269-ec294741f813,30,0.75,40,0.16666666666666666,1.0,0.8333333333333334
cdd5cf7a-5ee3-411f-a0da-c26c982b7cba,13,0.4642857142857143,28,0.7692307692307693,0.08333333333333333,-0.6858974358974359
cdd5cf7a-5ee3-411f-a0da-c26c982b7cba,25,0.8928571428571429,28,0.08333333333333333,0.6666666666666666,0.5833333333333333
cdefcedd-da65-46bb-abb1-b5d51f7d6632,3,0.06,50,1.0,0.08695652173913043,-0.9130434782608696
cdefcedd-da65-46bb-abb1-b5d51f7d6632,26,0.52,50,0.08695652173913043,0.5,0.41304347826086957
cdefcedd-da65-46bb-abb1-b5d51f7d6632,42,0.84,50,0.5,0.125,-0.375
cdf3f0c5-aeb7-4f1e-8a76-d72694484c70,27,0.54,50,0.0,0.5217391304347826,0.5217391304347826
cdf9ca67-f4cd-49ad-b039-62b7916a6182,17,0.7391304347826086,23,0.7058823529411765,0.16666666666666666,-0.5392156862745099
ce14cc9e-5203-4333-9a92-2b8a4099fe9b,11,0.3055555555555556,36,1.0,0.5384615384615384,-0.46153846153846156
ce14cc9e-5203-4333-9a92-2b8a4099fe9b,24,0.6666666666666666,36,0.5384615384615384,1.0,0.46153846153846156
ce1ea76d-f94f-4401-8f81-56c1e3ada383,11,0.4782608695652174,23,0.8181818181818182,0.3333333333333333,-0.4848484848484849
ce3fd00f-88b8-462b-951f-48369567658e,8,0.2,40,1.0,0.16666666666666666,-0.8333333333333334
ce3fd00f-88b8-462b-951f-48369567658e,14,0.35,40,0.16666666666666666,0.9230769230769231,0.7564102564102565
ce485cc1-1e85-4378-8aab-c5f3c25f0bf8,8,0.2,40,1.0,0.3333333333333333,-0.6666666666666667
ce485cc1-1e85-4378-8aab-c5f3c25f0bf8,14,0.35,40,0.3333333333333333,0.7692307692307693,0.43589743589743596
ce485cc1-1e85-4378-8aab-c5f3c25f0bf8,27,0.675,40,0.7692307692307693,0.2,-0.5692307692307692
ce485cc1-1e85-4378-8aab-c5f3c25f0bf8,32,0.8,40,0.2,1.0,0.8
ce49a9db-4296-4854-96d7-522b79d62d65,15,0.4166666666666667,36,1.0,0.2,-0.8
ce49a9db-4296-4854-96d7-522b79d62d65,20,0.5555555555555556,36,0.2,1.0,0.8
ce49a9db-4296-4854-96d7-522b79d62d65,26,0.7222222222222222,36,1.0,0.5,-0.5
ce5e8434-3b52-408e-b3a0-49234e056ac1,19,0.6551724137931034,29,0.3157894736842105,1.0,0.6842105263157895
ce5e8434-3b52-408e-b3a0-49234e056ac1,22,0.7586206896551724,29,1.0,0.0,-1.0
ce663cb0-b7d0-415c-a2e4-9f6f76e13f19,13,0.5416666666666666,24,1.0,0.6363636363636364,-0.36363636363636365
ce9979cf-e671-4871-8f1d-f9791cb299e3,3,0.06,50,1.0,0.3191489361702128,-0.6808510638297872
ce9e3da6-9c3a-4fdb-ab2e-9c1f6b14aaa1,5,0.2777777777777778,18,1.0,0.0,-1.0
ce9e3da6-9c3a-4fdb-ab2e-9c1f6b14aaa1,8,0.4444444444444444,18,0.0,0.7,0.7
ce9f4406-8e2d-48b8-9d02-25d241b9357c,13,0.2826086956521739,46,1.0,0.68,-0.31999999999999995
ce9f4406-8e2d-48b8-9d02-25d241b9357c,38,0.8260869565217391,46,0.68,0.25,-0.43000000000000005
cea39ebf-f0df-4176-a357-f55428b67c70,37,0.74,50,0.7027027027027027,0.38461538461538464,-0.3180873180873181
cea884fb-9e7e-4175-bae7-e1de5913c54c,6,0.125,48,1.0,0.36363636363636365,-0.6363636363636364
cea884fb-9e7e-4175-bae7-e1de5913c54c,17,0.3541666666666667,48,0.36363636363636365,0.8709677419354839,0.5073313782991202
ceabd943-f93f-469b-b52c-ca82eb7cd64e,4,0.23529411764705882,17,1.0,0.5384615384615384,-0.46153846153846156
cebeb44c-f42a-4ecc-bc83-6f9860fadcae,8,0.34782608695652173,23,0.875,0.36363636363636365,-0.5113636363636364
cebeb44c-f42a-4ecc-bc83-6f9860fadcae,19,0.8260869565217391,23,0.36363636363636365,1.0,0.6363636363636364
ceef46d9-c9b1-4a3a-b69f-859000f4b27e,7,0.30434782608695654,23,0.5714285714285714,0.1875,-0.3839285714285714
cf307c6c-a7ab-4c09-abfd-97c4796e044d,21,0.525,40,1.0,0.2,-0.8
cf307c6c-a7ab-4c09-abfd-97c4796e044d,26,0.65,40,0.2,0.8,0.6000000000000001
cf307c6c-a7ab-4c09-abfd-97c4796e044d,36,0.9,40,0.8,0.25,-0.55
cf36dc18-0bf0-4146-8d80-7546310985e4,33,0.9166666666666666,36,0.9696969696969697,0.3333333333333333,-0.6363636363636365
cf52c6b9-ab2c-48e8-833c-bd7b367f8d47,20,0.8333333333333334,24,1.0,0.5,-0.5
cf56c026-4b2a-4ea1-b432-a0d95013daa3,3,0.125,24,1.0,0.2857142857142857,-0.7142857142857143
cf56c026-4b2a-4ea1-b432-a0d95013daa3,10,0.4166666666666667,24,0.2857142857142857,0.8888888888888888,0.6031746031746031
cf56c026-4b2a-4ea1-b432-a0d95013daa3,19,0.7916666666666666,24,0.8888888888888888,0.4,-0.4888888888888888
cf785d9f-dd08-47cc-bdcd-8e4cd1d98eb4,26,0.65,40,0.7307692307692307,0.0,-0.7307692307692307
cf785d9f-dd08-47cc-bdcd-8e4cd1d98eb4,32,0.8,40,0.0,0.875,0.875
cf7e812f-f95c-4d4f-bacb-f95a4de06b43,16,0.32,50,0.9375,0.38235294117647056,-0.5551470588235294
cf8cfafa-0ce3-4257-98f5-13cfd630dea9,4,0.08695652173913043,46,0.25,0.9090909090909091,0.6590909090909091
cf8cfafa-0ce3-4257-98f5-13cfd630dea9,26,0.5652173913043478,46,0.9090909090909091,0.25,-0.6590909090909091
cf8cfafa-0ce3-4257-98f5-13cfd630dea9,30,0.6521739130434783,46,0.25,0.9090909090909091,0.6590909090909091
cf8cfafa-0ce3-4257-98f5-13cfd630dea9,41,0.8913043478260869,46,0.9090909090909091,0.4,-0.509090909090909
cfc753e7-9cd3-4ebe-827c-c0a0a4a976c2,10,0.43478260869565216,23,0.9,0.3076923076923077,-0.5923076923076923
cfc79309-d2d8-4573-8ea0-e037cd13321d,32,0.64,50,0.5,0.7777777777777778,0.2777777777777778
cfe36959-2a67-4a55-8eb1-14f6b7b5a12a,12,0.3076923076923077,39,0.9166666666666666,0.3333333333333333,-0.5833333333333333
cfe36959-2a67-4a55-8eb1-14f6b7b5a12a,18,0.46153846153846156,39,0.3333333333333333,1.0,0.6666666666666667
cfe36959-2a67-4a55-8eb1-14f6b7b5a12a,27,0.6923076923076923,39,1.0,0.2,-0.8
cfe36959-2a67-4a55-8eb1-14f6b7b5a12a,32,0.8205128205128205,39,0.2,0.7142857142857143,0.5142857142857142
cfedd668-8726-449d-a87c-b94025839745,3,0.08333333333333333,36,0.6666666666666666,0.12121212121212122,-0.5454545454545454
d0038f6d-d524-402c-bebb-25de8c9d5464,19,0.8636363636363636,22,0.7368421052631579,0.0,-0.7368421052631579
d008dfe8-68d4-45d0-ad8d-881eac153779,3,0.13043478260869565,23,0.0,1.0,1.0
d008dfe8-68d4-45d0-ad8d-881eac153779,6,0.2608695652173913,23,1.0,0.0,-1.0
d008dfe8-68d4-45d0-ad8d-881eac153779,17,0.7391304347826086,23,0.0,1.0,1.0
d008dfe8-68d4-45d0-ad8d-881eac153779,20,0.8695652173913043,23,1.0,0.3333333333333333,-0.6666666666666667
d0151aa3-08ee-42ef-a03c-9331f957082e,5,0.17857142857142858,28,1.0,0.21739130434782608,-0.782608695652174
d0254877-8dd2-4d51-816f-d3ebf9637dd4,6,0.3333333333333333,18,0.8333333333333334,0.0,-0.8333333333333334
d0254877-8dd2-4d51-816f-d3ebf9637dd4,9,0.5,18,0.0,1.0,1.0
d0254877-8dd2-4d51-816f-d3ebf9637dd4,15,0.8333333333333334,18,1.0,0.3333333333333333,-0.6666666666666667
d02d4689-6591-4613-b9b9-11b9a45b605c,8,0.47058823529411764,17,0.5,1.0,0.5
d0361b61-185c-4b80-aacd-cea70444c8d6,4,0.09523809523809523,42,1.0,0.3157894736842105,-0.6842105263157895
d04277de-0fe2-4971-9187-2398c9396001,12,0.6666666666666666,18,0.5833333333333334,1.0,0.41666666666666663
d044414e-631f-41a0-ab2f-1f5930070f25,11,0.2682926829268293,41,0.9090909090909091,0.2,-0.709090909090909
d044414e-631f-41a0-ab2f-1f5930070f25,16,0.3902439024390244,41,0.2,1.0,0.8
d044414e-631f-41a0-ab2f-1f5930070f25,20,0.4878048780487805,41,1.0,0.47619047619047616,-0.5238095238095238
d0486419-1e3e-4377-99e7-cb5d08f58086,9,0.18,50,1.0,0.6097560975609756,-0.3902439024390244
d05d1900-0d54-49c5-b831-8e3693cab22b,16,0.6956521739130435,23,0.8125,0.0,-0.8125
d05d1900-0d54-49c5-b831-8e3693cab22b,19,0.8260869565217391,23,0.0,0.75,0.75
d078d009-5b4a-4e24-9f48-e4f04354c36b,8,0.4444444444444444,18,0.5,1.0,0.5
d078d009-5b4a-4e24-9f48-e4f04354c36b,15,0.8333333333333334,18,1.0,0.3333333333333333,-0.6666666666666667
d07a4385-457f-4c10-9a4c-13122a2ae2e5,37,0.8809523809523809,42,0.9459459459459459,0.2,-0.7459459459459459
d0859336-2711-4bc7-9fe0-2e4d6ebf8450,4,0.16666666666666666,24,0.25,0.9,0.65
d09a6f08-b1dc-41d9-8cfa-58750d207cb6,5,0.22727272727272727,22,0.8,0.0,-0.8
d09a6f08-b1dc-41d9-8cfa-58750d207cb6,9,0.4090909090909091,22,0.0,1.0,1.0
d09a6f08-b1dc-41d9-8cfa-58750d207cb6,12,0.5454545454545454,22,1.0,0.2,-0.8
d0ab83df-c68d-4717-83a9-a7e79bdd9d99,4,0.13793103448275862,29,0.75,0.24,-0.51
d0bedb98-d153-46a7-97d7-587fc70fb000,7,0.2916666666666667,24,1.0,0.25,-0.75
d0bedb98-d153-46a7-97d7-587fc70fb000,11,0.4583333333333333,24,0.25,0.8461538461538461,0.5961538461538461
d0c26e2c-90fa-4ab6-975e-370bcabb3334,34,0.8717948717948718,39,0.6764705882352942,0.2,-0.47647058823529415
d0ca80b6-dac9-40ac-bff8-7884ef4db7da,31,0.6739130434782609,46,0.6451612903225806,0.9333333333333333,0.2881720430107527
d0e3fb0c-78a4-4529-a0dd-87e4c15ec3ce,15,0.5357142857142857,28,0.9333333333333333,0.0,-0.9333333333333333
d0e3fb0c-78a4-4529-a0dd-87e4c15ec3ce,19,0.6785714285714286,28,0.0,0.5555555555555556,0.5555555555555556
d10032d4-2cb5-409d-aaa0-d56cdab7f060,20,0.47619047619047616,42,1.0,0.25,-0.75
d10032d4-2cb5-409d-aaa0-d56cdab7f060,28,0.6666666666666666,42,0.25,0.875,0.625
d10032d4-2cb5-409d-aaa0-d56cdab7f060,36,0.8571428571428571,42,0.875,0.3333333333333333,-0.5416666666666667
d128063e-9c64-4a2c-9282-fdfad264952d,5,0.13157894736842105,38,1.0,0.12121212121212122,-0.8787878787878788
d12a0726-f14b-4f1c-af40-d8129323d042,11,0.3055555555555556,36,0.6363636363636364,0.0,-0.6363636363636364
d12a0726-f14b-4f1c-af40-d8129323d042,14,0.3888888888888889,36,0.0,1.0,1.0
d12a0726-f14b-4f1c-af40-d8129323d042,17,0.4722222222222222,36,1.0,0.21052631578947367,-0.7894736842105263
d1308a44-671a-4ef5-b783-a630f5ec873d,31,0.7948717948717948,39,0.41935483870967744,0.0,-0.41935483870967744
d13354aa-ce4a-4fc6-b926-80ccd86a4759,5,0.1388888888888889,36,1.0,0.15384615384615385,-0.8461538461538461
d13354aa-ce4a-4fc6-b926-80ccd86a4759,18,0.5,36,0.15384615384615385,0.8571428571428571,0.7032967032967032
d13354aa-ce4a-4fc6-b926-80ccd86a4759,25,0.6944444444444444,36,0.8571428571428571,0.36363636363636365,-0.49350649350649345
d1370bfe-c818-4b6a-8ba5-6f8b6b71ac54,7,0.3888888888888889,18,0.14285714285714285,0.625,0.48214285714285715
d1370bfe-c818-4b6a-8ba5-6f8b6b71ac54,15,0.8333333333333334,18,0.625,0.0,-0.625
d16abe9b-7862-458b-9580-2dcb5c0decdf,5,0.1388888888888889,36,0.8,0.3870967741935484,-0.41290322580645167
d1a085f5-dd4e-4da8-91c3-e1b073cfa010,7,0.2916666666666667,24,1.0,0.25,-0.75
d1a085f5-dd4e-4da8-91c3-e1b073cfa010,11,0.4583333333333333,24,0.25,1.0,0.75
d1a085f5-dd4e-4da8-91c3-e1b073cfa010,16,0.6666666666666666,24,1.0,0.5,-0.5
d1b3e8a4-fd57-4957-bf46-014079f5c23a,5,0.2777777777777778,18,0.8,0.0,-0.8
d1b3e8a4-fd57-4957-bf46-014079f5c23a,8,0.4444444444444444,18,0.0,1.0,1.0
d1b3e8a4-fd57-4957-bf46-014079f5c23a,12,0.6666666666666666,18,1.0,0.0,-1.0
d1b3e8a4-fd57-4957-bf46-014079f5c23a,15,0.8333333333333334,18,0.0,0.6666666666666666,0.6666666666666666
d1b4749b-ac75-4b37-859a-139ec4b5ae4d,14,0.8235294117647058,17,0.9285714285714286,0.3333333333333333,-0.5952380952380953
d1bd1eac-679d-4b07-aaaa-f32af23beab8,8,0.17391304347826086,46,0.875,0.38095238095238093,-0.49404761904761907
d1bd1eac-679d-4b07-aaaa-f32af23beab8,29,0.6304347826086957,46,0.38095238095238093,0.8333333333333334,0.45238095238095244
d1bd1eac-679d-4b07-aaaa-f32af23beab8,35,0.7608695652173914,46,0.8333333333333334,0.0,-0.8333333333333334
d1bd1eac-679d-4b07-aaaa-f32af23beab8,39,0.8478260869565217,46,0.0,1.0,1.0
d1d0110a-785b-4a51-a7c4-7a6ef47f6947,3,0.13636363636363635,22,1.0,0.2,-0.8
d1d0110a-785b-4a51-a7c4-7a6ef47f6947,8,0.36363636363636365,22,0.2,1.0,0.8
d1d0110a-785b-4a51-a7c4-7a6ef47f6947,13,0.5909090909090909,22,1.0,0.3333333333333333,-0.6666666666666667
d2038c6e-b725-4027-99e9-509a696bda52,23,0.7931034482758621,29,0.21739130434782608,1.0,0.782608695652174
d2038c6e-b725-4027-99e9-509a696bda52,26,0.896551724137931,29,1.0,0.0,-1.0
d205d58e-496d-415f-b875-e5b9cfd3d1c0,5,0.11904761904761904,42,0.2,1.0,0.8
d205d58e-496d-415f-b875-e5b9cfd3d1c0,8,0.19047619047619047,42,1.0,0.0,-1.0
d205d58e-496d-415f-b875-e5b9cfd3d1c0,18,0.42857142857142855,42,0.0,0.4166666666666667,0.4166666666666667
d21a447d-409f-43ba-9ec1-1446446cbcc2,15,0.4166666666666667,36,0.7333333333333333,0.0,-0.7333333333333333
d21a447d-409f-43ba-9ec1-1446446cbcc2,18,0.5,36,0.0,0.7777777777777778,0.7777777777777778
d2359eeb-c643-4a61-9e68-56eae66281fa,25,0.5,50,0.0,0.64,0.64
d2655a7c-21c3-4cad-8fe6-121866d1eb34,10,0.5555555555555556,18,1.0,0.0,-1.0
d26c564a-d3e6-4a55-b7d5-59ae48f318b1,4,0.08888888888888889,45,0.25,0.7560975609756098,0.5060975609756098
d28615a1-1203-43ea-9c9d-4504ba7f8f7e,23,0.575,40,0.7391304347826086,0.2857142857142857,-0.45341614906832295
d28615a1-1203-43ea-9c9d-4504ba7f8f7e,30,0.75,40,0.2857142857142857,1.0,0.7142857142857143
d28615a1-1203-43ea-9c9d-4504ba7f8f7e,34,0.85,40,1.0,0.3333333333333333,-0.6666666666666667
d2a044aa-5390-4d78-9813-732e36658fe2,37,0.925,40,1.0,0.3333333333333333,-0.6666666666666667
d2a97ea4-439c-4435-aa63-f9b302020dac,6,0.16666666666666666,36,1.0,0.6,-0.4
d2b2c31e-d076-47ec-b0d5-cef1c4aeaff4,4,0.18181818181818182,22,1.0,0.0,-1.0
d2b2c31e-d076-47ec-b0d5-cef1c4aeaff4,7,0.3181818181818182,22,0.0,0.8181818181818182,0.8181818181818182
d2b2c31e-d076-47ec-b0d5-cef1c4aeaff4,18,0.8181818181818182,22,0.8181818181818182,0.0,-0.8181818181818182
d2b797b7-5a59-4c98-b109-149e969bcfe9,12,0.5217391304347826,23,0.9166666666666666,0.0,-0.9166666666666666
d2b797b7-5a59-4c98-b109-149e969bcfe9,15,0.6521739130434783,23,0.0,0.875,0.875
d2c86b2a-e18c-4cae-bb6c-ed3870116129,11,0.275,40,0.8181818181818182,0.4827586206896552,-0.33542319749216304
d2d354d1-80e0-47d9-9aee-0fd47ac2d9b8,8,0.3333333333333333,24,0.875,0.375,-0.5
d2d37946-4dba-494b-acf4-54a661cf1331,30,0.75,40,0.9666666666666667,0.6,-0.3666666666666667
d2de3695-02e1-48f5-8d84-ce42b2272f8f,17,0.425,40,0.7647058823529411,0.0,-0.7647058823529411
d2de3695-02e1-48f5-8d84-ce42b2272f8f,20,0.5,40,0.0,0.9,0.9
d2f94c01-e555-4715-8e38-80ece5a79326,7,0.3181818181818182,22,0.7142857142857143,0.0,-0.7142857142857143
d2f94c01-e555-4715-8e38-80ece5a79326,15,0.6818181818181818,22,0.0,0.5714285714285714,0.5714285714285714
d2fd6d72-d95d-479d-8cae-da496a0d5baf,3,0.17647058823529413,17,0.6666666666666666,0.0,-0.6666666666666666
d2fd6d72-d95d-479d-8cae-da496a0d5baf,6,0.35294117647058826,17,0.0,0.8181818181818182,0.8181818181818182
d31fb6d3-8087-4900-8a17-e53768e93232,18,0.782608695652174,23,0.8333333333333334,0.2,-0.6333333333333333
d322b5c0-74cd-4e2e-9556-4271262e065a,36,0.9,40,0.8333333333333334,0.25,-0.5833333333333334
d326a04f-c41d-460c-81c6-49b49bcdfd73,40,0.8,50,0.9,0.2,-0.7
d32b37c1-dbd2-4f7a-b55b-56a5899a2545,3,0.075,40,1.0,0.0,-1.0
d32b37c1-dbd2-4f7a-b55b-56a5899a2545,7,0.175,40,0.0,0.6,0.6
d32b37c1-dbd2-4f7a-b55b-56a5899a2545,22,0.55,40,0.6,0.2777777777777778,-0.3222222222222222
d33de716-5636-43ac-8d61-dbacf3a374c8,6,0.15,40,0.6666666666666666,0.0,-0.6666666666666666
d33de716-5636-43ac-8d61-dbacf3a374c8,9,0.225,40,0.0,0.8181818181818182,0.8181818181818182
d33de716-5636-43ac-8d61-dbacf3a374c8,20,0.5,40,0.8181818181818182,0.16666666666666666,-0.6515151515151516
d33de716-5636-43ac-8d61-dbacf3a374c8,26,0.65,40,0.16666666666666666,0.7142857142857143,0.5476190476190477
d3462c50-707e-4aba-9861-86e2cadfc695,10,0.2777777777777778,36,0.8,0.25,-0.55
d3462c50-707e-4aba-9861-86e2cadfc695,18,0.5,36,0.25,0.8333333333333334,0.5833333333333334
d351891f-5047-46ac-956f-9d9cd8f8dafa,39,0.8666666666666667,45,1.0,0.5,-0.5
d365d4fd-7eeb-4f17-a8c2-4544c96fc50d,17,0.7083333333333334,24,1.0,0.2857142857142857,-0.7142857142857143
d36d9310-67ea-4b94-9a08-dc91dfe76955,25,0.625,40,0.88,0.25,-0.63
d36d9310-67ea-4b94-9a08-dc91dfe76955,33,0.825,40,0.25,1.0,0.75
d36d9310-67ea-4b94-9a08-dc91dfe76955,37,0.925,40,1.0,0.3333333333333333,-0.6666666666666667
d37ec81d-63e2-4367-91df-b5c865c55bd1,30,0.6,50,0.8666666666666667,0.0,-0.8666666666666667
d37ec81d-63e2-4367-91df-b5c865c55bd1,33,0.66,50,0.0,0.6666666666666666,0.6666666666666666
d37ec81d-63e2-4367-91df-b5c865c55bd1,39,0.78,50,0.6666666666666666,0.09090909090909091,-0.5757575757575757
d39b3991-260d-478e-9549-b03b5f70305a,15,0.36585365853658536,41,0.26666666666666666,0.8571428571428571,0.5904761904761904
d39b3991-260d-478e-9549-b03b5f70305a,22,0.5365853658536586,41,0.8571428571428571,0.0,-0.8571428571428571
d39b3991-260d-478e-9549-b03b5f70305a,25,0.6097560975609756,41,0.0,0.75,0.75
d39d9987-89f4-4cfd-b1e7-e0e31bada4e7,27,0.6,45,0.8518518518518519,0.4444444444444444,-0.40740740740740744
d3a53f06-49b1-40b3-be92-d56e6ef26ce0,41,0.82,50,0.36585365853658536,0.7777777777777778,0.41192411924119243
d3ae664a-a4f4-4915-9ddb-d43fe64d776c,20,0.7142857142857143,28,0.7,0.2,-0.49999999999999994
d3ae664a-a4f4-4915-9ddb-d43fe64d776c,25,0.8928571428571429,28,0.2,1.0,0.8
d3ae6f1b-e119-4a97-8d00-d72af50d850b,3,0.13043478260869565,23,0.6666666666666666,0.15,-0.5166666666666666
d3be8910-2d77-4942-8854-719c519089cf,11,0.6470588235294118,17,0.2727272727272727,1.0,0.7272727272727273
d3be8910-2d77-4942-8854-719c519089cf,14,0.8235294117647058,17,1.0,0.3333333333333333,-0.6666666666666667
d3c33067-f79d-47b4-ba98-30cbde921cce,7,0.175,40,0.8571428571428571,0.16666666666666666,-0.6904761904761905
d3c33067-f79d-47b4-ba98-30cbde921cce,13,0.325,40,0.16666666666666666,0.7407407407407407,0.5740740740740741
d3c5c392-3b62-42d0-9035-26d70da48907,11,0.3055555555555556,36,0.7272727272727273,0.0,-0.7272727272727273
d3c5c392-3b62-42d0-9035-26d70da48907,14,0.3888888888888889,36,0.0,0.9090909090909091,0.9090909090909091
d3dcbba3-9d34-4b82-968d-0af210358298,3,0.16666666666666666,18,0.6666666666666666,0.125,-0.5416666666666666
d3dcbba3-9d34-4b82-968d-0af210358298,11,0.6111111111111112,18,0.125,0.7142857142857143,0.5892857142857143
d3e5e945-238e-4ea7-983f-73f2f0d4c3ad,27,0.675,40,0.7037037037037037,0.15384615384615385,-0.5498575498575499
d3eaa280-5c50-4654-8d2e-fccd4b7ac9e0,17,0.425,40,0.7647058823529411,0.25,-0.5147058823529411
d3eaa280-5c50-4654-8d2e-fccd4b7ac9e0,21,0.525,40,0.25,1.0,0.75
d3eaa280-5c50-4654-8d2e-fccd4b7ac9e0,31,0.775,40,1.0,0.4444444444444444,-0.5555555555555556
d429d776-7b35-450c-8774-7dd002fd14b4,23,0.6052631578947368,38,0.8695652173913043,0.0,-0.8695652173913043
d429d776-7b35-450c-8774-7dd002fd14b4,27,0.7105263157894737,38,0.0,0.8181818181818182,0.8181818181818182
d42ccc20-2b0f-4378-a3e8-108af66cfa6d,36,0.72,50,0.9722222222222222,0.5714285714285714,-0.4007936507936508
d42ebea8-0ba1-4532-bc3e-8bf5369eb4d2,41,0.9111111111111111,45,0.7073170731707317,0.25,-0.45731707317073167
d43db630-621c-4a84-9eeb-69c7578dcaca,5,0.1388888888888889,36,0.8,0.25,-0.55
d43db630-621c-4a84-9eeb-69c7578dcaca,13,0.3611111111111111,36,0.25,1.0,0.75
d43db630-621c-4a84-9eeb-69c7578dcaca,17,0.4722222222222222,36,1.0,0.0,-1.0
d43db630-621c-4a84-9eeb-69c7578dcaca,20,0.5555555555555556,36,0.0,0.6875,0.6875
d4542b4b-b6a7-4b9d-a26f-f7bc57fa34e6,7,0.15555555555555556,45,0.8571428571428571,0.0,-0.8571428571428571
d4542b4b-b6a7-4b9d-a26f-f7bc57fa34e6,10,0.2222222222222222,45,0.0,0.6875,0.6875
d4542b4b-b6a7-4b9d-a26f-f7bc57fa34e6,26,0.5777777777777777,45,0.6875,0.2631578947368421,-0.4243421052631579
d463f69a-c807-41e3-a630-6e88e529bea2,11,0.4782608695652174,23,0.6363636363636364,0.14285714285714285,-0.4935064935064935
d463f69a-c807-41e3-a630-6e88e529bea2,18,0.782608695652174,23,0.14285714285714285,1.0,0.8571428571428572
d493baba-a751-48a5-8ac0-da7c72f79375,29,0.6304347826086957,46,0.9310344827586207,0.29411764705882354,-0.6369168356997972
d498dbc4-c5fb-4f9c-84fe-e8274ecb16a0,24,0.48,50,0.6666666666666666,0.125,-0.5416666666666666
d498dbc4-c5fb-4f9c-84fe-e8274ecb16a0,32,0.64,50,0.125,0.6428571428571429,0.5178571428571429
d498dbc4-c5fb-4f9c-84fe-e8274ecb16a0,46,0.92,50,0.6428571428571429,0.0,-0.6428571428571429
d4afd372-b33a-40c7-b99a-72222704f81e,8,0.34782608695652173,23,1.0,0.0,-1.0
d4afd372-b33a-40c7-b99a-72222704f81e,16,0.6956521739130435,23,0.0,0.42857142857142855,0.42857142857142855
d4be4f8b-495e-4cb7-9646-20891ba29eec,6,0.20689655172413793,29,0.3333333333333333,0.875,0.5416666666666667
d4be4f8b-495e-4cb7-9646-20891ba29eec,14,0.4827586206896552,29,0.875,0.3333333333333333,-0.5416666666666667
d4be4f8b-495e-4cb7-9646-20891ba29eec,23,0.7931034482758621,29,0.3333333333333333,0.8333333333333334,0.5
d4c0e185-af64-4a18-a789-ab9d646cad99,4,0.1,40,1.0,0.25,-0.75
d4c0e185-af64-4a18-a789-ab9d646cad99,8,0.2,40,0.25,0.90625,0.65625
d4c3660c-c224-4075-a91b-d922ebdda3e4,13,0.5652173913043478,23,0.6923076923076923,0.0,-0.6923076923076923
d4c3660c-c224-4075-a91b-d922ebdda3e4,19,0.8260869565217391,23,0.0,0.5,0.5
d4df156f-8638-4791-a734-b3711b4e47dc,6,0.15384615384615385,39,0.3333333333333333,0.8181818181818182,0.4848484848484849
d4df156f-8638-4791-a734-b3711b4e47dc,17,0.4358974358974359,39,0.8181818181818182,0.0,-0.8181818181818182
d4df156f-8638-4791-a734-b3711b4e47dc,21,0.5384615384615384,39,0.0,0.5555555555555556,0.5555555555555556
d4ebda2b-daaa-48df-8be1-d82aeee6a574,10,0.3448275862068966,29,0.8,0.0,-0.8
d4ebda2b-daaa-48df-8be1-d82aeee6a574,13,0.4482758620689655,29,0.0,0.6875,0.6875
d4fc6688-e1e6-4cf3-b8a5-ec88c4644c28,3,0.125,24,0.6666666666666666,0.0,-0.6666666666666666
d4fc6688-e1e6-4cf3-b8a5-ec88c4644c28,11,0.4583333333333333,24,0.0,0.8333333333333334,0.8333333333333334
d4fc6688-e1e6-4cf3-b8a5-ec88c4644c28,17,0.7083333333333334,24,0.8333333333333334,0.0,-0.8333333333333334
d50028a5-0a8f-41fe-95c0-aa48b291f31a,19,0.8260869565217391,23,1.0,0.5,-0.5
d502e8cd-fe86-484d-a750-1439b67bb105,26,0.52,50,0.9615384615384616,0.0,-0.9615384615384616
d502e8cd-fe86-484d-a750-1439b67bb105,30,0.6,50,0.0,0.8,0.8
d506b685-e357-4e52-a64b-746a687627f3,18,0.45,40,0.8333333333333334,0.25,-0.5833333333333334
d506b685-e357-4e52-a64b-746a687627f3,26,0.65,40,0.25,1.0,0.75
d506b685-e357-4e52-a64b-746a687627f3,30,0.75,40,1.0,0.3,-0.7
d515fcca-9d4f-439a-8ee4-1f9760d1c10f,22,0.4888888888888889,45,0.9090909090909091,0.2608695652173913,-0.6482213438735178
d53eeadb-e1b7-4ea2-9c8f-0e282a4e6f6b,32,0.7111111111111111,45,0.5,0.07692307692307693,-0.4230769230769231
d545cc05-6a95-4487-b1d1-a5d7795810b6,19,0.8260869565217391,23,0.6842105263157895,0.25,-0.4342105263157895
d546d86f-8662-4070-81c7-7bb608b08d21,5,0.29411764705882354,17,1.0,0.25,-0.75
d546d86f-8662-4070-81c7-7bb608b08d21,13,0.7647058823529411,17,0.25,1.0,0.75
d55405dc-c926-407f-9ede-357720a3ff04,14,0.7777777777777778,18,0.9285714285714286,0.5,-0.4285714285714286
d5598cda-2af9-4950-a982-71d894e2c599,9,0.25,36,0.8888888888888888,0.0,-0.8888888888888888
d5598cda-2af9-4950-a982-71d894e2c599,12,0.3333333333333333,36,0.0,0.7857142857142857,0.7857142857142857
d5598cda-2af9-4950-a982-71d894e2c599,26,0.7222222222222222,36,0.7857142857142857,0.0,-0.7857142857142857
d5598cda-2af9-4950-a982-71d894e2c599,30,0.8333333333333334,36,0.0,1.0,1.0
d5618dbb-27a6-488c-a223-9eae166b2835,22,0.4782608695652174,46,0.8636363636363636,0.2222222222222222,-0.6414141414141414
d5618dbb-27a6-488c-a223-9eae166b2835,40,0.8695652173913043,46,0.2222222222222222,0.6666666666666666,0.4444444444444444
d5669bfd-3d4e-48d7-95d4-5dadd0aff43c,7,0.3888888888888889,18,1.0,0.6363636363636364,-0.36363636363636365
d56a1f27-cba2-4cc2-aad8-5bf4910ef04d,38,0.76,50,0.9736842105263158,0.0,-0.9736842105263158
d56a1f27-cba2-4cc2-aad8-5bf4910ef04d,41,0.82,50,0.0,0.8888888888888888,0.8888888888888888
d570d539-fde5-4dbc-9a0f-952d729f1e7f,14,0.5833333333333334,24,0.9285714285714286,0.3,-0.6285714285714286
d572c3c9-bebd-4c3d-a21b-187493a58fa3,11,0.2391304347826087,46,0.2727272727272727,1.0,0.7272727272727273
d572c3c9-bebd-4c3d-a21b-187493a58fa3,15,0.32608695652173914,46,1.0,0.0,-1.0
d572c3c9-bebd-4c3d-a21b-187493a58fa3,20,0.43478260869565216,46,0.0,1.0,1.0
d572c3c9-bebd-4c3d-a21b-187493a58fa3,24,0.5217391304347826,46,1.0,0.2857142857142857,-0.7142857142857143
d572c3c9-bebd-4c3d-a21b-187493a58fa3,31,0.6739130434782609,46,0.2857142857142857,0.8,0.5142857142857143
d5886688-b413-45b2-9d0b-8128221a65a6,16,0.32,50,0.875,0.35294117647058826,-0.5220588235294117
d58feb00-f53e-4b7d-9b36-ad64aab8bf48,9,0.391304347826087,23,0.5555555555555556,0.125,-0.4305555555555556
d58feb00-f53e-4b7d-9b36-ad64aab8bf48,17,0.7391304347826086,23,0.125,1.0,0.875
d58feb00-f53e-4b7d-9b36-ad64aab8bf48,20,0.8695652173913043,23,1.0,0.0,-1.0
d599e48c-c261-4369-82f4-4ce7b98ad465,36,0.72,50,0.0,0.5714285714285714,0.5714285714285714
d5a14e5a-f2d1-4b3d-bd77-4f2d3798886c,9,0.21428571428571427,42,0.7777777777777778,0.30303030303030304,-0.47474747474747475
d5ae9c77-383f-4127-95af-bf1f1ea13802,4,0.17391304347826086,23,1.0,0.47368421052631576,-0.5263157894736843
d5b30e32-b4d8-4b7c-a599-49603519dbac,45,0.9,50,0.9111111111111111,0.4,-0.5111111111111111
d5b389c6-ed8c-45ad-90d3-f68acabd3e4a,8,0.36363636363636365,22,1.0,0.21428571428571427,-0.7857142857142857
d5bdf70f-f44a-4b1e-8a67-e603314e2287,44,0.88,50,0.9318181818181818,0.3333333333333333,-0.5984848484848484
d5c6259f-0410-42d4-8747-0f6ebed44cf6,20,0.5,40,0.85,0.375,-0.475
d5c6259f-0410-42d4-8747-0f6ebed44cf6,28,0.7,40,0.375,1.0,0.625
d5d0d06a-e3fe-44d8-b7b7-e7ea6a95f3be,39,0.9285714285714286,42,0.9487179487179487,0.3333333333333333,-0.6153846153846154
d5dd36a8-7a03-4515-b89f-7d1607c8aca4,11,0.4782608695652174,23,0.9090909090909091,0.5833333333333334,-0.3257575757575757
d5eeb7ed-7854-4d75-afed-7ce3c30e68b1,18,0.36,50,0.7777777777777778,0.0,-0.7777777777777778
d5eeb7ed-7854-4d75-afed-7ce3c30e68b1,21,0.42,50,0.0,0.8571428571428571,0.8571428571428571
d5eeb7ed-7854-4d75-afed-7ce3c30e68b1,28,0.56,50,0.8571428571428571,0.0,-0.8571428571428571
d5eeb7ed-7854-4d75-afed-7ce3c30e68b1,32,0.64,50,0.0,0.8888888888888888,0.8888888888888888
d5f04593-6493-437e-916b-ff4b4603be5a,17,0.4473684210526316,38,1.0,0.5714285714285714,-0.4285714285714286
d5f04593-6493-437e-916b-ff4b4603be5a,24,0.631578947368421,38,0.5714285714285714,0.07142857142857142,-0.5
d5fa5886-ac54-4ef2-a501-4e7343668b88,25,0.6410256410256411,39,0.64,1.0,0.36
d5fa5886-ac54-4ef2-a501-4e7343668b88,35,0.8974358974358975,39,1.0,0.25,-0.75
d60ada9a-3496-4b4a-993f-bd8171ae640e,10,0.21739130434782608,46,0.9,0.3888888888888889,-0.5111111111111111
d61fe1b9-2f5b-4c89-9606-14ad0a78609c,47,0.94,50,0.9361702127659575,0.3333333333333333,-0.6028368794326242
d63231f9-6408-4cfb-82f5-da9a415ca74c,3,0.17647058823529413,17,0.6666666666666666,0.0,-0.6666666666666666
d63231f9-6408-4cfb-82f5-da9a415ca74c,7,0.4117647058823529,17,0.0,0.8,0.8
d6432415-2cce-4ef7-ad55-59a7c0c85a00,19,0.8260869565217391,23,0.9473684210526315,0.25,-0.6973684210526315
d64a0037-dcc3-46e3-bded-eb373ed76396,19,0.475,40,0.8421052631578947,0.0,-0.8421052631578947
d64a0037-dcc3-46e3-bded-eb373ed76396,23,0.575,40,0.0,0.5882352941176471,0.5882352941176471
d64f33a2-4022-4b4c-9183-bc1dd77dfea7,12,0.24,50,0.9166666666666666,0.375,-0.5416666666666666
d64f33a2-4022-4b4c-9183-bc1dd77dfea7,44,0.88,50,0.375,0.8333333333333334,0.45833333333333337
d65d6b1b-d6cb-4e3f-ae86-a8dce0e6c524,26,0.6190476190476191,42,1.0,0.0,-1.0
d65d6b1b-d6cb-4e3f-ae86-a8dce0e6c524,29,0.6904761904761905,42,0.0,0.6923076923076923,0.6923076923076923
d660ed93-77f7-461e-a837-8e63a1a3819e,3,0.06521739130434782,46,0.3333333333333333,0.8837209302325582,0.5503875968992249
d671f282-4127-480f-9379-1f58ef3dfab8,5,0.1724137931034483,29,0.6,1.0,0.4
d68e0808-5ca4-4c50-a601-1077dc109e14,14,0.6363636363636364,22,0.9285714285714286,0.25,-0.6785714285714286
d68e0808-5ca4-4c50-a601-1077dc109e14,18,0.8181818181818182,22,0.25,1.0,0.75
d690347c-427b-432f-a06d-7ca3e59d0e11,39,0.78,50,0.02564102564102564,0.7272727272727273,0.7016317016317016
d690d488-83a3-454e-9048-99155c50425f,19,0.5277777777777778,36,0.7368421052631579,0.0,-0.7368421052631579
d690d488-83a3-454e-9048-99155c50425f,22,0.6111111111111112,36,0.0,1.0,1.0
d690d488-83a3-454e-9048-99155c50425f,25,0.6944444444444444,36,1.0,0.0,-1.0
d690d488-83a3-454e-9048-99155c50425f,32,0.8888888888888888,36,0.0,0.75,0.75
d6a10921-4e1f-4fb7-ac53-effed802ae64,36,0.9,40,0.9444444444444444,0.25,-0.6944444444444444
d6a137a8-8266-4e72-bd10-1ca57216cfd6,6,0.12,50,0.16666666666666666,1.0,0.8333333333333334
d6a137a8-8266-4e72-bd10-1ca57216cfd6,12,0.24,50,1.0,0.3,-0.7
d6a137a8-8266-4e72-bd10-1ca57216cfd6,32,0.64,50,0.3,0.6666666666666666,0.36666666666666664
d6a927eb-ad90-4515-a2f6-94d07a663e48,10,0.2777777777777778,36,1.0,0.0,-1.0
d6a927eb-ad90-4515-a2f6-94d07a663e48,13,0.3611111111111111,36,0.0,0.9565217391304348,0.9565217391304348
d6bf569f-6228-4387-a31c-b29ea0dda198,8,0.2222222222222222,36,0.875,0.25,-0.625
d6bf569f-6228-4387-a31c-b29ea0dda198,12,0.3333333333333333,36,0.25,0.9583333333333334,0.7083333333333334
d6cdb014-384e-4141-8e21-b2e398b695a3,3,0.16666666666666666,18,0.0,1.0,1.0
d6cdb014-384e-4141-8e21-b2e398b695a3,8,0.4444444444444444,18,1.0,0.3,-0.7
d6db55f2-d7d5-4e97-9733-18451c9ddd0d,7,0.3888888888888889,18,1.0,0.5454545454545454,-0.4545454545454546
d6ec73e4-a80f-43f6-bfe3-b7692b7d391b,9,0.391304347826087,23,0.4444444444444444,0.7857142857142857,0.3412698412698413
d7013818-0e64-4630-adff-3ff3ddc17922,9,0.25,36,1.0,0.35714285714285715,-0.6428571428571428
d7013818-0e64-4630-adff-3ff3ddc17922,23,0.6388888888888888,36,0.35714285714285715,0.7692307692307693,0.4120879120879121
d723d7c1-2d85-4e43-9b2a-edfb47837c10,11,0.3055555555555556,36,1.0,0.3333333333333333,-0.6666666666666667
d723d7c1-2d85-4e43-9b2a-edfb47837c10,17,0.4722222222222222,36,0.3333333333333333,0.8421052631578947,0.5087719298245614
d73273c1-731b-42a4-81cc-02e29e6dd88d,12,0.3333333333333333,36,1.0,0.6666666666666666,-0.33333333333333337
d7343c06-2784-4d71-b1ba-193885c9232c,35,0.7608695652173914,46,0.9142857142857143,0.5454545454545454,-0.36883116883116884
d742cc14-46e6-40e2-a41f-df404e4466df,32,0.7619047619047619,42,0.90625,0.6,-0.30625
d748a420-2485-4356-bb63-f5d27712b5ab,15,0.3,50,0.9333333333333333,0.2857142857142857,-0.6476190476190476
d748a420-2485-4356-bb63-f5d27712b5ab,22,0.44,50,0.2857142857142857,0.8928571428571429,0.6071428571428572
d76e4e1f-9584-4e0e-9150-ece7b353e717,5,0.1724137931034483,29,1.0,0.3333333333333333,-0.6666666666666667
d76e4e1f-9584-4e0e-9150-ece7b353e717,11,0.3793103448275862,29,0.3333333333333333,0.8888888888888888,0.5555555555555556
d76e4e1f-9584-4e0e-9150-ece7b353e717,20,0.6896551724137931,29,0.8888888888888888,0.16666666666666666,-0.7222222222222222
d76e4e1f-9584-4e0e-9150-ece7b353e717,26,0.896551724137931,29,0.16666666666666666,1.0,0.8333333333333334
d782d6b0-15d1-49fd-9903-92b295277543,24,0.6,40,0.875,0.5625,-0.3125
d7853a2a-6951-45fc-ba4b-713d5f64618d,9,0.2,45,1.0,0.55,-0.44999999999999996
d7853a2a-6951-45fc-ba4b-713d5f64618d,29,0.6444444444444445,45,0.55,0.1875,-0.36250000000000004
d7c240fb-a8cc-4209-8bc5-22ac65726b2d,4,0.18181818181818182,22,0.0,1.0,1.0
d7c240fb-a8cc-4209-8bc5-22ac65726b2d,7,0.3181818181818182,22,1.0,0.26666666666666666,-0.7333333333333334
d7c49aac-1034-458f-8026-afd5caa18ff6,9,0.5294117647058824,17,0.2222222222222222,1.0,0.7777777777777778
d7c49aac-1034-458f-8026-afd5caa18ff6,14,0.8235294117647058,17,1.0,0.0,-1.0
d7d14c7a-5c51-47b0-a222-16f4814d2ab3,3,0.13043478260869565,23,1.0,0.3076923076923077,-0.6923076923076923
d7d14c7a-5c51-47b0-a222-16f4814d2ab3,16,0.6956521739130435,23,0.3076923076923077,0.8571428571428571,0.5494505494505494
d7e79231-8a04-4981-9912-0b06b9b9f548,4,0.2222222222222222,18,0.5,0.9285714285714286,0.4285714285714286
d7ec6382-49ff-45d9-9e3f-61f8a3632f47,29,0.6304347826086957,46,0.7931034482758621,0.2857142857142857,-0.5073891625615764
d7ec6382-49ff-45d9-9e3f-61f8a3632f47,43,0.9347826086956522,46,0.2857142857142857,1.0,0.7142857142857143
d8147d07-5e2c-43a2-a6b3-23b0da40ab13,45,0.9,50,0.9333333333333333,0.4,-0.5333333333333333
d815c6fd-22d5-4e88-96f1-2de1201390f6,5,0.1724137931034483,29,0.6,0.1,-0.5
d815c6fd-22d5-4e88-96f1-2de1201390f6,15,0.5172413793103449,29,0.1,0.6428571428571429,0.5428571428571429
d8263a37-19de-47af-824a-00adb46c66cf,10,0.2777777777777778,36,0.7,0.15789473684210525,-0.5421052631578946
d8263a37-19de-47af-824a-00adb46c66cf,29,0.8055555555555556,36,0.15789473684210525,0.7142857142857143,0.5563909774436091
d8480b7b-aa88-4100-8a36-5445d2976022,34,0.8292682926829268,41,0.9411764705882353,0.14285714285714285,-0.7983193277310925
d85f3702-e0d5-490e-8c11-2d30ed6b5d9c,23,0.6052631578947368,38,0.7391304347826086,0.0,-0.7391304347826086
d85f3702-e0d5-490e-8c11-2d30ed6b5d9c,26,0.6842105263157895,38,0.0,0.9166666666666666,0.9166666666666666
d860f60b-f3d6-4c23-893f-561562ccd8a0,4,0.16666666666666666,24,1.0,0.45454545454545453,-0.5454545454545454
d860f60b-f3d6-4c23-893f-561562ccd8a0,15,0.625,24,0.45454545454545453,1.0,0.5454545454545454
d860f60b-f3d6-4c23-893f-561562ccd8a0,19,0.7916666666666666,24,1.0,0.2,-0.8
d87200c4-fa9e-4f7c-aee9-335d9e2ba404,18,0.36,50,0.9444444444444444,0.3333333333333333,-0.6111111111111112
d87200c4-fa9e-4f7c-aee9-335d9e2ba404,27,0.54,50,0.3333333333333333,0.8947368421052632,0.5614035087719298
d87200c4-fa9e-4f7c-aee9-335d9e2ba404,46,0.92,50,0.8947368421052632,0.25,-0.6447368421052632
d8739e8a-d722-4606-92e7-7762a9268702,22,0.55,40,0.5454545454545454,0.0,-0.5454545454545454
d8739e8a-d722-4606-92e7-7762a9268702,25,0.625,40,0.0,1.0,1.0
d8739e8a-d722-4606-92e7-7762a9268702,29,0.725,40,1.0,0.2727272727272727,-0.7272727272727273
d87cc215-14d5-4469-b656-8fa190926676,3,0.06,50,1.0,0.0851063829787234,-0.9148936170212766
d8917609-636f-4089-8ea0-2879ff7699ef,23,0.7931034482758621,29,0.8695652173913043,0.0,-0.8695652173913043
d89dba40-0f15-48eb-8353-ee4b4133c422,14,0.6086956521739131,23,1.0,0.4,-0.6
d89dba40-0f15-48eb-8353-ee4b4133c422,19,0.8260869565217391,23,0.4,1.0,0.6
d8be3fb0-a6eb-4196-913b-10f12827f25f,47,0.94,50,0.8723404255319149,0.0,-0.8723404255319149
d8c7381f-9822-4163-a8a5-87593edc2781,35,0.875,40,0.8857142857142857,0.4,-0.48571428571428565
d8e145e6-6bd9-4d0f-871a-c826c8e64318,10,0.5882352941176471,17,0.4,0.8571428571428571,0.4571428571428571
d8e7ea81-27ac-46bd-b738-72e271ecc459,4,0.13793103448275862,29,0.0,0.6,0.6
d8e7ea81-27ac-46bd-b738-72e271ecc459,19,0.6551724137931034,29,0.6,0.0,-0.6
d8e7ea81-27ac-46bd-b738-72e271ecc459,26,0.896551724137931,29,0.0,1.0,1.0
d8ed6acd-4e14-4e52-b9ac-e870e93e31a0,21,0.5,42,1.0,0.6666666666666666,-0.33333333333333337
d9087a25-53a7-4e80-8e93-e36ce6dd8db9,16,0.34782608695652173,46,0.75,0.0,-0.75
d9087a25-53a7-4e80-8e93-e36ce6dd8db9,19,0.41304347826086957,46,0.0,0.7777777777777778,0.7777777777777778
d9087a25-53a7-4e80-8e93-e36ce6dd8db9,28,0.6086956521739131,46,0.7777777777777778,0.35714285714285715,-0.42063492063492064
d9087a25-53a7-4e80-8e93-e36ce6dd8db9,42,0.9130434782608695,46,0.35714285714285715,1.0,0.6428571428571428
d91eb68d-1ea0-4640-9307-d53ebc43f57c,13,0.2826086956521739,46,0.8461538461538461,0.3333333333333333,-0.5128205128205128
d91eb68d-1ea0-4640-9307-d53ebc43f57c,25,0.5434782608695652,46,0.3333333333333333,0.8571428571428571,0.5238095238095237
d921b0e6-baf5-4178-beb7-fec1196449b3,3,0.16666666666666666,18,0.6666666666666666,0.0,-0.6666666666666666
d921b0e6-baf5-4178-beb7-fec1196449b3,8,0.4444444444444444,18,0.0,0.5,0.5
d92221b0-68ef-4eb2-8320-3630c0e3fb5e,3,0.07894736842105263,38,0.3333333333333333,0.9714285714285714,0.638095238095238
d934ae36-14d8-49b6-a545-0e0f861b7b55,3,0.17647058823529413,17,1.0,0.0,-1.0
d944b8c1-5ac0-43ab-a5bd-945d599fb274,21,0.7241379310344828,29,1.0,0.125,-0.875
d94a8036-fc00-4208-816a-98f9f07b4bb6,3,0.17647058823529413,17,0.3333333333333333,0.9285714285714286,0.5952380952380953
d9559304-7bd5-4f2b-b5c3-c704f7278d4f,6,0.3333333333333333,18,0.8333333333333334,0.16666666666666666,-0.6666666666666667
d95d3402-bc10-402a-ac7d-980519b21119,33,0.66,50,1.0,0.5294117647058824,-0.47058823529411764
d95fc537-47b8-4ab5-b0fe-23c933812029,11,0.3055555555555556,36,1.0,0.3333333333333333,-0.6666666666666667
d95fc537-47b8-4ab5-b0fe-23c933812029,17,0.4722222222222222,36,0.3333333333333333,1.0,0.6666666666666667
d95fc537-47b8-4ab5-b0fe-23c933812029,21,0.5833333333333334,36,1.0,0.0,-1.0
d95fc537-47b8-4ab5-b0fe-23c933812029,24,0.6666666666666666,36,0.0,1.0,1.0
d95fc537-47b8-4ab5-b0fe-23c933812029,28,0.7777777777777778,36,1.0,0.25,-0.75
d95fc537-47b8-4ab5-b0fe-23c933812029,32,0.8888888888888888,36,0.25,1.0,0.75
d961d9b0-16f3-404f-a2ba-7d4dbf18f9a6,20,0.8695652173913043,23,0.85,0.0,-0.85
d982658f-7031-4613-b55a-445bfaf7eb69,3,0.17647058823529413,17,0.3333333333333333,0.9285714285714286,0.5952380952380953
d9ac0273-5e60-416e-8584-fc018e20f5a4,4,0.16666666666666666,24,0.25,1.0,0.75
d9ac0273-5e60-416e-8584-fc018e20f5a4,17,0.7083333333333334,24,1.0,0.2857142857142857,-0.7142857142857143
d9b95eae-edd9-496e-b29c-44fcaad9bd38,19,0.8636363636363636,22,0.8421052631578947,0.3333333333333333,-0.5087719298245614
d9ca147a-5932-48f1-90f8-aed6acf99a2d,8,0.2222222222222222,36,1.0,0.10714285714285714,-0.8928571428571429
d9d4fd4f-3708-4f21-9556-61f96d8fbd40,12,0.5217391304347826,23,1.0,0.5454545454545454,-0.4545454545454546
d9d5ae03-bd55-4e34-93cb-ebbe1acb5cea,7,0.175,40,0.8571428571428571,0.0,-0.8571428571428571
d9d5ae03-bd55-4e34-93cb-ebbe1acb5cea,10,0.25,40,0.0,0.9666666666666667,0.9666666666666667
d9ed0738-f584-466c-a9b7-8650ff6fa8de,25,0.625,40,0.88,0.0,-0.88
d9ed0738-f584-466c-a9b7-8650ff6fa8de,28,0.7,40,0.0,0.9166666666666666,0.9166666666666666
d9f3e8e0-ff05-4076-86c6-10a3cf10bfbb,5,0.125,40,0.4,0.9428571428571428,0.5428571428571428
da161fb5-356a-479a-8b76-f6d7edf9418e,4,0.17391304347826086,23,0.0,1.0,1.0
da161fb5-356a-479a-8b76-f6d7edf9418e,8,0.34782608695652173,23,1.0,0.3333333333333333,-0.6666666666666667
da1d71d1-9fe6-41a0-9db1-f4679e2a4aa3,3,0.17647058823529413,17,1.0,0.375,-0.625
da1d71d1-9fe6-41a0-9db1-f4679e2a4aa3,11,0.6470588235294118,17,0.375,1.0,0.625
da25944c-ef05-408a-8d7d-de859e498cd5,5,0.2777777777777778,18,0.0,0.5,0.5
da25944c-ef05-408a-8d7d-de859e498cd5,13,0.7222222222222222,18,0.5,0.0,-0.5
da2f55a0-03ec-4750-9ce9-b4c0e4e76707,6,0.15,40,0.3333333333333333,0.9032258064516129,0.5698924731182795
da2f55a0-03ec-4750-9ce9-b4c0e4e76707,37,0.925,40,0.9032258064516129,0.3333333333333333,-0.5698924731182795
da4ac3d8-d1ef-4eb3-9482-c2b8eb075a77,11,0.275,40,0.7272727272727273,0.16666666666666666,-0.5606060606060607
da4ac3d8-d1ef-4eb3-9482-c2b8eb075a77,17,0.425,40,0.16666666666666666,1.0,0.8333333333333334
da4ac3d8-d1ef-4eb3-9482-c2b8eb075a77,20,0.5,40,1.0,0.2222222222222222,-0.7777777777777778
da4ac3d8-d1ef-4eb3-9482-c2b8eb075a77,29,0.725,40,0.2222222222222222,0.8181818181818182,0.595959595959596
da6937db-69ef-4624-927b-3146526f44de,6,0.2608695652173913,23,0.16666666666666666,1.0,0.8333333333333334
da6937db-69ef-4624-927b-3146526f44de,9,0.391304347826087,23,1.0,0.25,-0.75
da6937db-69ef-4624-927b-3146526f44de,17,0.7391304347826086,23,0.25,1.0,0.75
da6937db-69ef-4624-927b-3146526f44de,20,0.8695652173913043,23,1.0,0.3333333333333333,-0.6666666666666667
da7e8954-005e-4ff6-998b-ef2287e31633,18,0.75,24,0.9444444444444444,0.0,-0.9444444444444444
da7e8954-005e-4ff6-998b-ef2287e31633,21,0.875,24,0.0,1.0,1.0
da7f7199-52d7-4d25-b16b-05edf229b5e3,4,0.08333333333333333,48,0.75,0.0,-0.75
da7f7199-52d7-4d25-b16b-05edf229b5e3,8,0.16666666666666666,48,0.0,1.0,1.0
da7f7199-52d7-4d25-b16b-05edf229b5e3,11,0.22916666666666666,48,1.0,0.2857142857142857,-0.7142857142857143
da7f7199-52d7-4d25-b16b-05edf229b5e3,18,0.375,48,0.2857142857142857,1.0,0.7142857142857143
da7f7199-52d7-4d25-b16b-05edf229b5e3,26,0.5416666666666666,48,1.0,0.23076923076923078,-0.7692307692307692
da7f7199-52d7-4d25-b16b-05edf229b5e3,39,0.8125,48,0.23076923076923078,0.8888888888888888,0.658119658119658
da80c6ab-387a-431d-8dd3-233a4190ddcd,19,0.4523809523809524,42,0.7368421052631579,0.0,-0.7368421052631579
da80c6ab-387a-431d-8dd3-233a4190ddcd,23,0.5476190476190477,42,0.0,0.8,0.8
da80c6ab-387a-431d-8dd3-233a4190ddcd,33,0.7857142857142857,42,0.8,0.2222222222222222,-0.5777777777777778
da87fb6e-9dff-47b1-ac7a-9c89863a0aa8,9,0.23684210526315788,38,0.6666666666666666,0.0,-0.6666666666666666
da87fb6e-9dff-47b1-ac7a-9c89863a0aa8,14,0.3684210526315789,38,0.0,0.7,0.7
da87fb6e-9dff-47b1-ac7a-9c89863a0aa8,24,0.631578947368421,38,0.7,0.0,-0.7
da87fb6e-9dff-47b1-ac7a-9c89863a0aa8,28,0.7368421052631579,38,0.0,0.8,0.8
da95f030-7597-42da-b622-c88b0d2c57a6,3,0.06,50,0.6666666666666666,0.0,-0.6666666666666666
da95f030-7597-42da-b622-c88b0d2c57a6,9,0.18,50,0.0,1.0,1.0
da95f030-7597-42da-b622-c88b0d2c57a6,12,0.24,50,1.0,0.13157894736842105,-0.868421052631579
dac92b5c-39e8-4a95-a8b7-1b9e0622e820,16,0.4,40,1.0,0.4,-0.6
dac92b5c-39e8-4a95-a8b7-1b9e0622e820,21,0.525,40,0.4,0.9285714285714286,0.5285714285714286
dac92b5c-39e8-4a95-a8b7-1b9e0622e820,35,0.875,40,0.9285714285714286,0.4,-0.5285714285714286
daefa25d-1134-4935-b7f4-a21567fe876b,12,0.3,40,0.6666666666666666,0.0,-0.6666666666666666
daefa25d-1134-4935-b7f4-a21567fe876b,15,0.375,40,0.0,0.875,0.875
daefa25d-1134-4935-b7f4-a21567fe876b,23,0.575,40,0.875,0.23529411764705882,-0.6397058823529411
dafd2f5f-3bd8-46a9-9330-1442bba63d21,33,0.825,40,0.7878787878787878,0.42857142857142855,-0.3593073593073593
db0782e6-451b-4993-a18a-f7141d3da79d,6,0.16666666666666666,36,0.8333333333333334,0.2222222222222222,-0.6111111111111112
db0782e6-451b-4993-a18a-f7141d3da79d,15,0.4166666666666667,36,0.2222222222222222,1.0,0.7777777777777778
db0782e6-451b-4993-a18a-f7141d3da79d,20,0.5555555555555556,36,1.0,0.1,-0.9
db0782e6-451b-4993-a18a-f7141d3da79d,30,0.8333333333333334,36,0.1,1.0,0.9
db0782e6-451b-4993-a18a-f7141d3da79d,33,0.9166666666666666,36,1.0,0.0,-1.0
db12f9a8-1a61-4756-9ad0-7f66afb9019b,38,0.9047619047619048,42,0.9210526315789473,0.0,-0.9210526315789473
db22dd5f-37ee-4b11-8753-7594cbc58066,20,0.5263157894736842,38,0.65,1.0,0.35
db2be9f9-292d-4eba-bec8-e582ee2d8123,11,0.2894736842105263,38,0.8181818181818182,0.0,-0.8181818181818182
db2be9f9-292d-4eba-bec8-e582ee2d8123,14,0.3684210526315789,38,0.0,0.875,0.875
db43c2b8-7610-4ec5-ab5c-b005066528f3,12,0.3,40,0.9166666666666666,0.0,-0.9166666666666666
db43c2b8-7610-4ec5-ab5c-b005066528f3,15,0.375,40,0.0,0.84,0.84
db4cf564-fd06-4184-8a9e-ea7b69d36847,3,0.06521739130434782,46,0.0,0.9069767441860465,0.9069767441860465
db724cac-214d-45d8-82f4-5825dc570e39,5,0.11904761904761904,42,0.8,0.2,-0.6000000000000001
db724cac-214d-45d8-82f4-5825dc570e39,10,0.23809523809523808,42,0.2,1.0,0.8
db724cac-214d-45d8-82f4-5825dc570e39,20,0.47619047619047616,42,1.0,0.25,-0.75
db724cac-214d-45d8-82f4-5825dc570e39,24,0.5714285714285714,42,0.25,1.0,0.75
db724cac-214d-45d8-82f4-5825dc570e39,28,0.6666666666666666,42,1.0,0.35714285714285715,-0.6428571428571428
db735c0e-8a37-4ea1-87dc-4270d34a240a,22,0.7586206896551724,29,0.9545454545454546,0.42857142857142855,-0.525974025974026
db8a79d6-a7ef-4809-8f5c-f81c597c9654,7,0.2413793103448276,29,1.0,0.631578947368421,-0.368421052631579
db8a79d6-a7ef-4809-8f5c-f81c597c9654,26,0.896551724137931,29,0.631578947368421,0.0,-0.631578947368421
dbb459ee-d94b-4a82-a718-09afeaeb4a00,12,0.3,40,0.8333333333333334,0.28,-0.5533333333333333
dbb459ee-d94b-4a82-a718-09afeaeb4a00,37,0.925,40,0.28,1.0,0.72
dbb953ac-1ebb-442e-84cf-74e6e5f5f323,5,0.13157894736842105,38,1.0,0.3333333333333333,-0.6666666666666667
dbb953ac-1ebb-442e-84cf-74e6e5f5f323,14,0.3684210526315789,38,0.3333333333333333,0.875,0.5416666666666667
dbefd98a-347f-4c42-8470-d9b15c1764b9,37,0.8809523809523809,42,0.972972972972973,0.4,-0.572972972972973
dbf9fa40-0989-41d8-9d86-69c61c34ba0f,12,0.3,40,1.0,0.5,-0.5
dc0e4f21-5963-49d0-a01a-40d63a337610,17,0.425,40,0.29411764705882354,0.8,0.5058823529411764
dc0e4f21-5963-49d0-a01a-40d63a337610,22,0.55,40,0.8,0.05555555555555555,-0.7444444444444445
dc198e59-419b-4b56-b500-f5e1a06ebab3,17,0.7391304347826086,23,0.9411764705882353,0.0,-0.9411764705882353
dc4dc166-f04c-4f77-8cc0-74d3f99e2eb2,13,0.26,50,0.23076923076923078,0.7647058823529411,0.5339366515837103
dc4dc166-f04c-4f77-8cc0-74d3f99e2eb2,30,0.6,50,0.7647058823529411,0.0,-0.7647058823529411
dc4dc166-f04c-4f77-8cc0-74d3f99e2eb2,33,0.66,50,0.0,0.8888888888888888,0.8888888888888888
dc4dc166-f04c-4f77-8cc0-74d3f99e2eb2,42,0.84,50,0.8888888888888888,0.25,-0.6388888888888888
dc5a0aa2-fe63-4e0b-bdfc-c07e5f302bc8,31,0.7380952380952381,42,0.7419354838709677,0.0,-0.7419354838709677
dc5a0aa2-fe63-4e0b-bdfc-c07e5f302bc8,34,0.8095238095238095,42,0.0,0.75,0.75
dc6f4e99-4dad-4018-83cf-feaf547fe384,33,0.7333333333333333,45,0.6363636363636364,0.25,-0.38636363636363635
dc70d994-0648-4593-9762-75ad8efbfb02,20,0.4444444444444444,45,0.3,1.0,0.7
dc70d994-0648-4593-9762-75ad8efbfb02,24,0.5333333333333333,45,1.0,0.1111111111111111,-0.8888888888888888
dc70d994-0648-4593-9762-75ad8efbfb02,42,0.9333333333333333,45,0.1111111111111111,0.6666666666666666,0.5555555555555556
dc752ad3-db32-4985-b59c-4a74c2bf6a56,20,0.4,50,0.95,0.3333333333333333,-0.6166666666666667
dc752ad3-db32-4985-b59c-4a74c2bf6a56,29,0.58,50,0.3333333333333333,0.7619047619047619,0.42857142857142855
dc77f48d-e00b-4e8c-a957-cbf2fa585956,9,0.225,40,0.6666666666666666,0.0,-0.6666666666666666
dc77f48d-e00b-4e8c-a957-cbf2fa585956,14,0.35,40,0.0,0.5,0.5
dc889493-6f8a-40f1-870d-198298dabdff,9,0.23076923076923078,39,0.1111111111111111,1.0,0.8888888888888888
dc889493-6f8a-40f1-870d-198298dabdff,12,0.3076923076923077,39,1.0,0.26666666666666666,-0.7333333333333334
dc889493-6f8a-40f1-870d-198298dabdff,27,0.6923076923076923,39,0.26666666666666666,1.0,0.7333333333333334
dca0876b-24bc-4503-beae-3e2d9543aeb3,30,0.6,50,0.9,0.2857142857142857,-0.6142857142857143
dca0876b-24bc-4503-beae-3e2d9543aeb3,37,0.74,50,0.2857142857142857,0.9230769230769231,0.6373626373626374
dcab6636-eff9-4f21-b515-16730382da09,3,0.16666666666666666,18,1.0,0.3333333333333333,-0.6666666666666667
dcab6636-eff9-4f21-b515-16730382da09,6,0.3333333333333333,18,0.3333333333333333,1.0,0.6666666666666667
dcb0e08e-721c-4483-90a7-028c83d398e9,12,0.2608695652173913,46,0.4166666666666667,1.0,0.5833333333333333
dcb0e08e-721c-4483-90a7-028c83d398e9,20,0.43478260869565216,46,1.0,0.0,-1.0
dcb0e08e-721c-4483-90a7-028c83d398e9,27,0.5869565217391305,46,0.0,1.0,1.0
dcb0e08e-721c-4483-90a7-028c83d398e9,31,0.6739130434782609,46,1.0,0.125,-0.875
dcb0e08e-721c-4483-90a7-028c83d398e9,39,0.8478260869565217,46,0.125,1.0,0.875
dcb0e08e-721c-4483-90a7-028c83d398e9,43,0.9347826086956522,46,1.0,0.0,-1.0
dcb39d9c-f434-4415-8a6d-defc5a6d1213,37,0.74,50,0.972972972972973,0.5384615384615384,-0.4345114345114346
dcb7efa8-b0e7-4804-90f8-7dbf4b4d94e2,25,0.5,50,0.04,0.7647058823529411,0.7247058823529411
dcb7efa8-b0e7-4804-90f8-7dbf4b4d94e2,42,0.84,50,0.7647058823529411,0.0,-0.7647058823529411
dcb7efa8-b0e7-4804-90f8-7dbf4b4d94e2,46,0.92,50,0.0,0.75,0.75
dcb8fb5e-b211-4286-bb4b-1eedfd6aa92b,4,0.08333333333333333,48,1.0,0.4772727272727273,-0.5227272727272727
dcbb3086-107c-4b37-a6c3-941c8db552a9,4,0.23529411764705882,17,0.5,0.9230769230769231,0.42307692307692313
dcbcd248-83db-49bd-bb4c-b05439c22535,36,0.9230769230769231,39,0.9166666666666666,0.3333333333333333,-0.5833333333333333
dce9287b-6ddf-4b82-aed1-d8af2620783f,5,0.2777777777777778,18,0.8,0.0,-0.8
dce9287b-6ddf-4b82-aed1-d8af2620783f,8,0.4444444444444444,18,0.0,0.9,0.9
dcf8b20e-1a6c-4785-9dac-0d8aa6ffa182,3,0.13043478260869565,23,1.0,0.3076923076923077,-0.6923076923076923
dcf8b20e-1a6c-4785-9dac-0d8aa6ffa182,16,0.6956521739130435,23,0.3076923076923077,0.8571428571428571,0.5494505494505494
dd0225f1-c0af-4fb3-893d-f14a5938a317,20,0.5,40,1.0,0.6470588235294118,-0.3529411764705882
dd0225f1-c0af-4fb3-893d-f14a5938a317,37,0.925,40,0.6470588235294118,0.0,-0.6470588235294118
dd02a081-7b90-4ea2-be59-a614198f6d16,5,0.1388888888888889,36,1.0,0.25,-0.75
dd02a081-7b90-4ea2-be59-a614198f6d16,13,0.3611111111111111,36,0.25,1.0,0.75
dd02a081-7b90-4ea2-be59-a614198f6d16,17,0.4722222222222222,36,1.0,0.16666666666666666,-0.8333333333333334
dd02a081-7b90-4ea2-be59-a614198f6d16,23,0.6388888888888888,36,0.16666666666666666,1.0,0.8333333333333334
dd02a081-7b90-4ea2-be59-a614198f6d16,28,0.7777777777777778,36,1.0,0.0,-1.0
dd02a081-7b90-4ea2-be59-a614198f6d16,32,0.8888888888888888,36,0.0,0.75,0.75
dd0665ce-7a45-4bbe-b679-7d7242a2f41a,6,0.3333333333333333,18,1.0,0.25,-0.75
dd0665ce-7a45-4bbe-b679-7d7242a2f41a,10,0.5555555555555556,18,0.25,0.875,0.625
dd2e1629-ecf1-4af2-add1-932c1229d3cc,3,0.06521739130434782,46,0.3333333333333333,0.9090909090909091,0.5757575757575757
dd2e1629-ecf1-4af2-add1-932c1229d3cc,14,0.30434782608695654,46,0.9090909090909091,0.0,-0.9090909090909091
dd2e1629-ecf1-4af2-add1-932c1229d3cc,17,0.3695652173913043,46,0.0,0.7931034482758621,0.7931034482758621
dd423137-674d-48c2-ac6c-112b6fd53695,3,0.07142857142857142,42,1.0,0.4358974358974359,-0.5641025641025641
dd44bf92-ce7f-4974-9eae-e6fa3b299e87,24,0.6,40,0.625,0.0,-0.625
dd44bf92-ce7f-4974-9eae-e6fa3b299e87,32,0.8,40,0.0,0.625,0.625
dd5581f0-002c-48f2-b08a-6356ca5cddd9,47,0.94,50,0.9361702127659575,0.3333333333333333,-0.6028368794326242
dd562e25-3352-40db-86ba-14451d4e5f3a,32,0.7272727272727273,44,0.75,0.16666666666666666,-0.5833333333333334
dd5d1987-154f-408f-a199-1d7657e3a336,27,0.75,36,0.9629629629629629,0.25,-0.7129629629629629
dd5d1987-154f-408f-a199-1d7657e3a336,31,0.8611111111111112,36,0.25,1.0,0.75
dd63faca-2d58-4c3f-a6c7-b753267b846c,42,0.9333333333333333,45,0.8571428571428571,0.3333333333333333,-0.5238095238095237
dd7f7f48-e8ea-47f4-b006-a15ed6f3c690,12,0.5,24,0.6666666666666666,0.0,-0.6666666666666666
dd7f7f48-e8ea-47f4-b006-a15ed6f3c690,15,0.625,24,0.0,1.0,1.0
dd7f7f48-e8ea-47f4-b006-a15ed6f3c690,18,0.75,24,1.0,0.3333333333333333,-0.6666666666666667
dd87fe7a-f151-4196-851f-de8309952c3e,3,0.125,24,1.0,0.2,-0.8
dd87fe7a-f151-4196-851f-de8309952c3e,8,0.3333333333333333,24,0.2,0.625,0.425
ddb07eb6-6376-4bb9-8601-34420f3246c7,12,0.3,40,0.9166666666666666,0.1,-0.8166666666666667
ddb07eb6-6376-4bb9-8601-34420f3246c7,22,0.55,40,0.1,1.0,0.9
ddb07eb6-6376-4bb9-8601-34420f3246c7,25,0.625,40,1.0,0.26666666666666666,-0.7333333333333334
ddd015bc-914d-45a1-ac45-cb8d0528b52e,4,0.2222222222222222,18,0.75,0.0,-0.75
ddd015bc-914d-45a1-ac45-cb8d0528b52e,7,0.3888888888888889,18,0.0,0.6363636363636364,0.6363636363636364
ddf6e63f-cf53-4cdf-85eb-a30f780916e9,15,0.3,50,0.26666666666666666,1.0,0.7333333333333334
ddf6e63f-cf53-4cdf-85eb-a30f780916e9,18,0.36,50,1.0,0.0,-1.0
ddf6e63f-cf53-4cdf-85eb-a30f780916e9,27,0.54,50,0.0,0.6428571428571429,0.6428571428571429
ddf6e63f-cf53-4cdf-85eb-a30f780916e9,41,0.82,50,0.6428571428571429,0.1111111111111111,-0.5317460317460319
de1aa982-aa0e-4cae-877c-174d82375437,8,0.2222222222222222,36,0.875,0.26666666666666666,-0.6083333333333334
de1aa982-aa0e-4cae-877c-174d82375437,23,0.6388888888888888,36,0.26666666666666666,1.0,0.7333333333333334
de1aa982-aa0e-4cae-877c-174d82375437,26,0.7222222222222222,36,1.0,0.0,-1.0
de1aa982-aa0e-4cae-877c-174d82375437,29,0.8055555555555556,36,0.0,0.7142857142857143,0.7142857142857143
de1d4c2a-df36-4944-b60d-952bde3fc024,15,0.6521739130434783,23,0.6,0.0,-0.6
de1d4c2a-df36-4944-b60d-952bde3fc024,19,0.8260869565217391,23,0.0,0.75,0.75
de34f45a-1060-433e-b7ed-3543b9e447a8,24,0.5853658536585366,41,0.9166666666666666,0.0,-0.9166666666666666
de34f45a-1060-433e-b7ed-3543b9e447a8,27,0.6585365853658537,41,0.0,1.0,1.0
de34f45a-1060-433e-b7ed-3543b9e447a8,38,0.926829268292683,41,1.0,0.3333333333333333,-0.6666666666666667
de3fdc1c-733f-4b26-bf9c-962fdb3f3c83,5,0.22727272727272727,22,1.0,0.23076923076923078,-0.7692307692307692
de3fdc1c-733f-4b26-bf9c-962fdb3f3c83,18,0.8181818181818182,22,0.23076923076923078,0.75,0.5192307692307692
de4a3519-76a4-455e-b5ed-095eed03273b,6,0.2608695652173913,23,0.6666666666666666,0.0,-0.6666666666666666
de4a3519-76a4-455e-b5ed-095eed03273b,15,0.6521739130434783,23,0.0,1.0,1.0
de4a3519-76a4-455e-b5ed-095eed03273b,18,0.782608695652174,23,1.0,0.0,-1.0
de63ce48-db16-4102-90fa-beec482384b4,6,0.25,24,0.8333333333333334,0.25,-0.5833333333333334
de63ce48-db16-4102-90fa-beec482384b4,10,0.4166666666666667,24,0.25,1.0,0.75
de63ce48-db16-4102-90fa-beec482384b4,20,0.8333333333333334,24,1.0,0.5,-0.5
de894ffd-40ef-4753-9040-be2e849937bc,26,0.896551724137931,29,0.7307692307692307,0.0,-0.7307692307692307
de9524ca-77fe-4986-98cf-d26c5b6ef1bf,36,0.8,45,0.7222222222222222,0.0,-0.7222222222222222
de9524ca-77fe-4986-98cf-d26c5b6ef1bf,39,0.8666666666666667,45,0.0,0.8333333333333334,0.8333333333333334
de9a555f-df9f-4c38-9e9a-0cbea25fe8cd,37,0.925,40,1.0,0.3333333333333333,-0.6666666666666667
dea04299-e2be-41a5-8a94-23383c74f2df,9,0.5,18,0.7777777777777778,0.0,-0.7777777777777778
dea04299-e2be-41a5-8a94-23383c74f2df,14,0.7777777777777778,18,0.0,0.75,0.75
dead07bb-ec89-47c6-a06c-db8366880644,5,0.20833333333333334,24,0.4,0.875,0.475
dead07bb-ec89-47c6-a06c-db8366880644,13,0.5416666666666666,24,0.875,0.0,-0.875
dead07bb-ec89-47c6-a06c-db8366880644,16,0.6666666666666666,24,0.0,1.0,1.0
dead07bb-ec89-47c6-a06c-db8366880644,20,0.8333333333333334,24,1.0,0.25,-0.75
dead3301-7823-4988-bbd3-ccf77f4d3ae8,30,0.6521739130434783,46,0.6666666666666666,0.9375,0.27083333333333337
debbaa47-f317-41ad-a0b0-75852892e43d,6,0.35294117647058826,17,1.0,0.0,-1.0
debbaa47-f317-41ad-a0b0-75852892e43d,10,0.5882352941176471,17,0.0,0.7142857142857143,0.7142857142857143
dec96f09-cd83-4db9-98ea-61ff1e579bdb,28,0.6086956521739131,46,0.7142857142857143,0.0,-0.7142857142857143
dec96f09-cd83-4db9-98ea-61ff1e579bdb,32,0.6956521739130435,46,0.0,0.9285714285714286,0.9285714285714286
deccd2b9-b01c-4b4d-a141-d9bb728d42a8,26,0.6190476190476191,42,0.9230769230769231,0.5,-0.42307692307692313
dee3ee5d-863a-4b3f-98c6-20ffc9973524,10,0.5555555555555556,18,1.0,0.5,-0.5
dee6c010-315c-4de6-98b9-368356b64695,14,0.3888888888888889,36,0.8571428571428571,0.0,-0.8571428571428571
dee6c010-315c-4de6-98b9-368356b64695,18,0.5,36,0.0,0.75,0.75
dee6c010-315c-4de6-98b9-368356b64695,26,0.7222222222222222,36,0.75,0.0,-0.75
dee6c010-315c-4de6-98b9-368356b64695,32,0.8888888888888888,36,0.0,0.75,0.75
def06d8b-c576-44db-9768-b28b8ca5bce4,45,0.9,50,0.9555555555555556,0.2,-0.7555555555555555
def79dc0-655d-400e-a579-7982fea21ce2,11,0.24444444444444444,45,0.9090909090909091,0.0,-0.9090909090909091
def79dc0-655d-400e-a579-7982fea21ce2,14,0.3111111111111111,45,0.0,0.9354838709677419,0.9354838709677419
df0a433f-2b69-4d59-b13b-8c2c6a033d3d,17,0.37777777777777777,45,0.8823529411764706,0.0,-0.8823529411764706
df0a433f-2b69-4d59-b13b-8c2c6a033d3d,21,0.4666666666666667,45,0.0,0.625,0.625
df122dd1-cf15-4737-8c05-877ce3585890,10,0.43478260869565216,23,1.0,0.46153846153846156,-0.5384615384615384
df1f088c-d097-489f-9fab-0013b28b227a,5,0.21739130434782608,23,0.8,0.1111111111111111,-0.6888888888888889
df26b9f2-9876-49db-a57b-a1ed94ce311c,18,0.782608695652174,23,0.9444444444444444,0.4,-0.5444444444444444
df3cbe18-f2f8-45cc-a521-9f9493629a2b,20,0.8333333333333334,24,0.95,0.25,-0.7
df4e6fbe-1341-4fd5-aadd-83f73f37ad8c,23,0.7931034482758621,29,0.8260869565217391,0.16666666666666666,-0.6594202898550725
df52c380-e157-4ef1-a8f9-8e3bc9c0769e,9,0.25,36,0.8888888888888888,0.3333333333333333,-0.5555555555555556
df52c380-e157-4ef1-a8f9-8e3bc9c0769e,18,0.5,36,0.3333333333333333,1.0,0.6666666666666667
df52c380-e157-4ef1-a8f9-8e3bc9c0769e,22,0.6111111111111112,36,1.0,0.35714285714285715,-0.6428571428571428
df608430-f062-45af-a276-f89152835742,9,0.25,36,1.0,0.25,-0.75
df608430-f062-45af-a276-f89152835742,13,0.3611111111111111,36,0.25,1.0,0.75
df64a628-a333-4401-8d58-40c84c72529c,17,0.34,50,0.5294117647058824,0.0,-0.5294117647058824
df64a628-a333-4401-8d58-40c84c72529c,22,0.44,50,0.0,0.7142857142857143,0.7142857142857143
df65cdcb-06f0-456d-936a-42ebe0c1009b,24,0.6,40,0.875,0.0,-0.875
df65cdcb-06f0-456d-936a-42ebe0c1009b,28,0.7,40,0.0,1.0,1.0
df65cdcb-06f0-456d-936a-42ebe0c1009b,31,0.775,40,1.0,0.0,-1.0
df65cdcb-06f0-456d-936a-42ebe0c1009b,35,0.875,40,0.0,0.6,0.6
df86d50b-a215-4354-803b-8d9142932e01,3,0.16666666666666666,18,1.0,0.42857142857142855,-0.5714285714285714
df86d50b-a215-4354-803b-8d9142932e01,10,0.5555555555555556,18,0.42857142857142855,1.0,0.5714285714285714
df86d50b-a215-4354-803b-8d9142932e01,14,0.7777777777777778,18,1.0,0.25,-0.75
df949dac-466d-429a-b838-edb9734a021f,8,0.34782608695652173,23,1.0,0.4,-0.6
dfc8ab6f-6599-49e3-ac5c-a97b35e00170,5,0.1111111111111111,45,0.8,0.225,-0.5750000000000001
dfd11ce4-fb7a-4c01-a80c-80c634f359c4,5,0.13157894736842105,38,0.8,0.0,-0.8
dfd11ce4-fb7a-4c01-a80c-80c634f359c4,8,0.21052631578947367,38,0.0,0.9166666666666666,0.9166666666666666
dfd11ce4-fb7a-4c01-a80c-80c634f359c4,20,0.5263157894736842,38,0.9166666666666666,0.2,-0.7166666666666666
dfd11ce4-fb7a-4c01-a80c-80c634f359c4,25,0.6578947368421053,38,0.2,1.0,0.8
dfd11ce4-fb7a-4c01-a80c-80c634f359c4,35,0.9210526315789473,38,1.0,0.3333333333333333,-0.6666666666666667
dff5750e-b2df-4296-9cf9-54993c3e5ad1,10,0.4166666666666667,24,0.7,0.16666666666666666,-0.5333333333333333
dff5750e-b2df-4296-9cf9-54993c3e5ad1,16,0.6666666666666666,24,0.16666666666666666,0.75,0.5833333333333334
dff9264a-d2ef-4572-a716-1a6a4d7b1464,5,0.13157894736842105,38,1.0,0.0,-1.0
dff9264a-d2ef-4572-a716-1a6a4d7b1464,8,0.21052631578947367,38,0.0,0.8333333333333334,0.8333333333333334
dff9264a-d2ef-4572-a716-1a6a4d7b1464,20,0.5263157894736842,38,0.8333333333333334,0.16666666666666666,-0.6666666666666667
dff9264a-d2ef-4572-a716-1a6a4d7b1464,26,0.6842105263157895,38,0.16666666666666666,0.75,0.5833333333333334
dffc3828-7d1f-46c0-9246-02f0a8e2c5d0,9,0.25,36,0.8888888888888888,0.0,-0.8888888888888888
dffc3828-7d1f-46c0-9246-02f0a8e2c5d0,13,0.3611111111111111,36,0.0,0.8695652173913043,0.8695652173913043
dfff2e2d-0201-473d-b97f-c3be5cf25392,34,0.7391304347826086,46,0.7352941176470589,0.4166666666666667,-0.3186274509803922
dfff800e-ebf5-4e98-9000-77acb8212c29,13,0.30952380952380953,42,0.6153846153846154,0.1724137931034483,-0.44297082228116713
e0272adc-53a4-4365-9e8f-64a91c03e130,14,0.28,50,0.7857142857142857,0.26666666666666666,-0.519047619047619
e0272adc-53a4-4365-9e8f-64a91c03e130,29,0.58,50,0.26666666666666666,0.7619047619047619,0.4952380952380952
e039e086-9d8f-48a0-b4b0-04b22025fca7,29,0.6304347826086957,46,0.6551724137931034,0.9411764705882353,0.28600405679513186
e05299cd-dce0-409a-af03-42f5b2bc3b3c,23,0.6388888888888888,36,0.8695652173913043,0.0,-0.8695652173913043
e0715474-f267-464f-a087-7f55c21b89ae,14,0.28,50,0.7857142857142857,0.2727272727272727,-0.512987012987013
e0715474-f267-464f-a087-7f55c21b89ae,36,0.72,50,0.2727272727272727,0.8571428571428571,0.5844155844155844
e0715474-f267-464f-a087-7f55c21b89ae,43,0.86,50,0.8571428571428571,0.2857142857142857,-0.5714285714285714
e091bd48-5feb-4fa1-8d13-7703b0547205,12,0.6666666666666666,18,0.75,0.3333333333333333,-0.4166666666666667
e0acf66a-d344-4803-a2c9-1c64b9a63c1e,6,0.20689655172413793,29,1.0,0.391304347826087,-0.6086956521739131
e0fc2c5c-42b9-47f9-a7de-3eb914e0cd00,14,0.8235294117647058,17,0.7857142857142857,0.0,-0.7857142857142857
e0ff0d3f-5e06-48bb-a5e1-1fb7bcf33000,13,0.7222222222222222,18,0.5384615384615384,0.0,-0.5384615384615384
e108c797-73a0-4881-b4ef-5513598e9456,6,0.3333333333333333,18,1.0,0.0,-1.0
e108c797-73a0-4881-b4ef-5513598e9456,10,0.5555555555555556,18,0.0,0.5,0.5
e10b0112-e982-4352-98fa-9eae7a502fb9,5,0.1,50,1.0,0.5777777777777777,-0.4222222222222223
e10e2c8f-a11f-43de-9bff-27d9e528b19c,19,0.6551724137931034,29,0.6842105263157895,0.2,-0.4842105263157895
e10e4c14-13a2-4581-9ec0-6d2554126e4c,4,0.16666666666666666,24,1.0,0.55,-0.44999999999999996
e117ae2b-cc9d-4880-a383-f7d6715e8f66,17,0.3695652173913043,46,0.7647058823529411,0.23076923076923078,-0.5339366515837103
e117ae2b-cc9d-4880-a383-f7d6715e8f66,30,0.6521739130434783,46,0.23076923076923078,0.875,0.6442307692307692
e158c242-3413-493f-95bb-6f133460f167,3,0.13043478260869565,23,0.3333333333333333,1.0,0.6666666666666667
e158c242-3413-493f-95bb-6f133460f167,6,0.2608695652173913,23,1.0,0.0,-1.0
e158c242-3413-493f-95bb-6f133460f167,9,0.391304347826087,23,0.0,1.0,1.0
e158c242-3413-493f-95bb-6f133460f167,12,0.5217391304347826,23,1.0,0.18181818181818182,-0.8181818181818181
e164b106-16cc-44db-b864-53a64a9064f6,5,0.20833333333333334,24,0.6,0.0,-0.6
e164b106-16cc-44db-b864-53a64a9064f6,9,0.375,24,0.0,0.75,0.75
e164b106-16cc-44db-b864-53a64a9064f6,21,0.875,24,0.75,0.0,-0.75
e184f500-69d0-4a4a-bef2-10fc5fdbad47,6,0.13043478260869565,46,0.6666666666666666,0.0,-0.6666666666666666
e184f500-69d0-4a4a-bef2-10fc5fdbad47,9,0.1956521739130435,46,0.0,0.8378378378378378,0.8378378378378378
e19cb18f-f007-4ccc-9f5e-c379c4ddca94,20,0.6896551724137931,29,0.85,0.3333333333333333,-0.5166666666666666
e1e0d629-8703-478f-9154-1b6fb8630d54,10,0.2777777777777778,36,1.0,0.5,-0.5
e1e0d629-8703-478f-9154-1b6fb8630d54,18,0.5,36,0.5,0.05555555555555555,-0.4444444444444444
e1e34a75-74ab-42fb-a798-e2debaba2c45,3,0.13043478260869565,23,1.0,0.11764705882352941,-0.8823529411764706
e1e34a75-74ab-42fb-a798-e2debaba2c45,20,0.8695652173913043,23,0.11764705882352941,0.6666666666666666,0.5490196078431372
e1e4a540-dbec-4f58-a9d8-60baec023643,22,0.5238095238095238,42,0.9545454545454546,0.35,-0.6045454545454546
e1e7448e-6433-4336-9885-bae18062e108,15,0.8333333333333334,18,1.0,0.3333333333333333,-0.6666666666666667
e1f104c8-2d9c-479b-b256-8f6438d71bea,3,0.16666666666666666,18,1.0,0.25,-0.75
e1f104c8-2d9c-479b-b256-8f6438d71bea,7,0.3888888888888889,18,0.25,0.9090909090909091,0.6590909090909091
e1fb986f-e433-45e3-bf37-d766ae87e453,11,0.3793103448275862,29,0.7272727272727273,0.2777777777777778,-0.4494949494949495
e2034c46-22db-492e-b462-0a98db818e74,13,0.3611111111111111,36,0.6153846153846154,0.21739130434782608,-0.39799331103678937
e21157f8-61af-4e54-8164-98d4d4a4a878,14,0.8235294117647058,17,0.8571428571428571,0.3333333333333333,-0.5238095238095237
e2119c30-cc5f-44ec-856f-072bd633291e,29,0.6444444444444445,45,0.7241379310344828,0.25,-0.47413793103448276
e21d5396-79ad-4280-a395-874905772b75,3,0.06,50,0.3333333333333333,0.8947368421052632,0.5614035087719298
e21d5396-79ad-4280-a395-874905772b75,41,0.82,50,0.8947368421052632,0.5555555555555556,-0.3391812865497076
e228a8bf-df50-4bb1-b2ab-212859afe951,5,0.20833333333333334,24,0.6,0.0,-0.6
e228a8bf-df50-4bb1-b2ab-212859afe951,11,0.4583333333333333,24,0.0,0.6923076923076923,0.6923076923076923
e22c8b27-0293-40b5-b4ed-007882757950,15,0.4166666666666667,36,0.9333333333333333,0.5238095238095238,-0.4095238095238095
e234ed5d-f6de-4fc8-9414-229a916d7650,18,0.8181818181818182,22,0.9444444444444444,0.25,-0.6944444444444444
e2467325-a243-4b1c-a340-d94fdc02ad36,24,0.5217391304347826,46,0.7083333333333334,0.0,-0.7083333333333334
e2467325-a243-4b1c-a340-d94fdc02ad36,29,0.6304347826086957,46,0.0,0.8571428571428571,0.8571428571428571
e2467325-a243-4b1c-a340-d94fdc02ad36,36,0.782608695652174,46,0.8571428571428571,0.3,-0.5571428571428572
e252d7c9-300b-4e95-9b7a-63da0a4627db,7,0.18421052631578946,38,0.2857142857142857,1.0,0.7142857142857143
e252d7c9-300b-4e95-9b7a-63da0a4627db,10,0.2631578947368421,38,1.0,0.16666666666666666,-0.8333333333333334
e252d7c9-300b-4e95-9b7a-63da0a4627db,16,0.42105263157894735,38,0.16666666666666666,0.8181818181818182,0.6515151515151516
e252d7c9-300b-4e95-9b7a-63da0a4627db,27,0.7105263157894737,38,0.8181818181818182,0.36363636363636365,-0.4545454545454546
e253fb90-e636-4ebe-b543-67440f35b8bc,10,0.5882352941176471,17,0.8,0.2857142857142857,-0.5142857142857143
e255e91f-c9d1-4d10-8f87-a82e6522e59c,4,0.08,50,1.0,0.2391304347826087,-0.7608695652173914
e2566a37-4c7c-4a8e-a918-301e2eb930a9,26,0.6190476190476191,42,0.9615384615384616,0.3125,-0.6490384615384616
e26e2eaf-81ba-49d6-af4b-1542b1d0d8e4,8,0.2222222222222222,36,1.0,0.4444444444444444,-0.5555555555555556
e26e2eaf-81ba-49d6-af4b-1542b1d0d8e4,17,0.4722222222222222,36,0.4444444444444444,0.7894736842105263,0.3450292397660819
e2be7ecf-f82e-496b-9dba-5fb19a1ddd22,30,0.75,40,0.7,0.3,-0.39999999999999997
e2c5e5df-a141-4136-97e2-2c117a9bebe9,9,0.1956521739130435,46,0.6666666666666666,0.2,-0.4666666666666666
e2c5e5df-a141-4136-97e2-2c117a9bebe9,19,0.41304347826086957,46,0.2,0.8333333333333334,0.6333333333333333
e2c5e5df-a141-4136-97e2-2c117a9bebe9,37,0.8043478260869565,46,0.8333333333333334,0.16666666666666666,-0.6666666666666667
e2c5e5df-a141-4136-97e2-2c117a9bebe9,43,0.9347826086956522,46,0.16666666666666666,1.0,0.8333333333333334
e2c6f7a9-d278-40c9-a002-56c1cec5fd85,9,0.2,45,0.8888888888888888,0.5277777777777778,-0.36111111111111105
e2d00841-1cf5-4a21-b4c5-fd7f204a94af,7,0.4117647058823529,17,0.42857142857142855,0.9,0.4714285714285715
e2d4c555-6906-41f8-b789-8f839162ac6d,19,0.5277777777777778,36,0.15789473684210525,0.8,0.6421052631578947
e2d4c555-6906-41f8-b789-8f839162ac6d,24,0.6666666666666666,36,0.8,0.0,-0.8
e2d4c555-6906-41f8-b789-8f839162ac6d,27,0.75,36,0.0,1.0,1.0
e2d9c7cc-033a-47ab-a4f9-c9c4317a57d9,8,0.17391304347826086,46,0.875,0.0,-0.875
e2d9c7cc-033a-47ab-a4f9-c9c4317a57d9,11,0.2391304347826087,46,0.0,0.8285714285714286,0.8285714285714286
e2db076e-a0d7-47ae-95a9-d598a4d7bdde,9,0.225,40,0.8888888888888888,0.4838709677419355,-0.40501792114695334
e2de211b-12b4-4227-a51d-4472504a1c44,9,0.225,40,0.8888888888888888,0.25,-0.6388888888888888
e2de211b-12b4-4227-a51d-4472504a1c44,21,0.525,40,0.25,1.0,0.75
e2de211b-12b4-4227-a51d-4472504a1c44,29,0.725,40,1.0,0.5454545454545454,-0.4545454545454546
e2fb84f4-cff4-496f-9039-60f706f855b8,6,0.3333333333333333,18,1.0,0.2857142857142857,-0.7142857142857143
e2fb84f4-cff4-496f-9039-60f706f855b8,13,0.7222222222222222,18,0.2857142857142857,1.0,0.7142857142857143
e308297d-7dc3-4a94-808c-31374a2c062c,14,0.7777777777777778,18,0.7142857142857143,0.25,-0.4642857142857143
e310b09f-086b-47e1-b3ac-5ec67f85f257,7,0.25,28,0.8571428571428571,0.25,-0.6071428571428571
e310b09f-086b-47e1-b3ac-5ec67f85f257,11,0.39285714285714285,28,0.25,1.0,0.75
e31ae82c-562e-42df-9e1f-adbb48102f1d,4,0.14285714285714285,28,0.0,1.0,1.0
e31ae82c-562e-42df-9e1f-adbb48102f1d,14,0.5,28,1.0,0.25,-0.75
e31ae82c-562e-42df-9e1f-adbb48102f1d,18,0.6428571428571429,28,0.25,1.0,0.75
e31ae82c-562e-42df-9e1f-adbb48102f1d,25,0.8928571428571429,28,1.0,0.3333333333333333,-0.6666666666666667
e321d6bf-901d-4da8-ab7d-a80fcac498c8,5,0.1388888888888889,36,0.8,0.0,-0.8
e321d6bf-901d-4da8-ab7d-a80fcac498c8,8,0.2222222222222222,36,0.0,1.0,1.0
e321d6bf-901d-4da8-ab7d-a80fcac498c8,11,0.3055555555555556,36,1.0,0.12,-0.88
e345ab7b-182c-49a8-b95a-3ef8c1ae5cb6,40,0.8,50,0.95,0.6,-0.35
e34d934c-8886-4694-9cfa-6fe89f89cefd,10,0.2777777777777778,36,1.0,0.5,-0.5
e34d934c-8886-4694-9cfa-6fe89f89cefd,22,0.6111111111111112,36,0.5,0.8571428571428571,0.3571428571428571
e352180c-6f6c-4bd7-a97e-d75032c0d706,39,0.78,50,0.20512820512820512,1.0,0.7948717948717949
e352180c-6f6c-4bd7-a97e-d75032c0d706,42,0.84,50,1.0,0.125,-0.875
e37b639c-2714-4032-b0af-a40301b2d53e,3,0.06818181818181818,44,0.3333333333333333,0.9545454545454546,0.6212121212121213
e37b639c-2714-4032-b0af-a40301b2d53e,25,0.5681818181818182,44,0.9545454545454546,0.5263157894736842,-0.4282296650717704
e3d9b9f3-0416-4839-9452-d864661573c8,3,0.16666666666666666,18,0.6666666666666666,0.125,-0.5416666666666666
e3d9b9f3-0416-4839-9452-d864661573c8,11,0.6111111111111112,18,0.125,0.7142857142857143,0.5892857142857143
e3e19198-e468-415f-af3b-72baddd5e8ee,25,0.625,40,0.92,0.3333333333333333,-0.5866666666666667
e3e19198-e468-415f-af3b-72baddd5e8ee,31,0.775,40,0.3333333333333333,1.0,0.6666666666666667
e3e4db7d-0c39-4d8b-ba94-34a8e70d80bf,13,0.7222222222222222,18,0.9230769230769231,0.2,-0.7230769230769232
e41a5600-f34f-4bab-808a-639b0a20e6e2,9,0.5294117647058824,17,0.1111111111111111,0.5,0.3888888888888889
e42eade7-88c7-4aa2-a91f-1aac8ed77721,6,0.16666666666666666,36,1.0,0.09090909090909091,-0.9090909090909091
e42eade7-88c7-4aa2-a91f-1aac8ed77721,17,0.4722222222222222,36,0.09090909090909091,1.0,0.9090909090909091
e42eade7-88c7-4aa2-a91f-1aac8ed77721,21,0.5833333333333334,36,1.0,0.0,-1.0
e42eade7-88c7-4aa2-a91f-1aac8ed77721,24,0.6666666666666666,36,0.0,0.6666666666666666,0.6666666666666666
e4468e7c-784e-44ab-a15a-25ebdee2e069,9,0.4090909090909091,22,1.0,0.25,-0.75
e4468e7c-784e-44ab-a15a-25ebdee2e069,13,0.5909090909090909,22,0.25,0.8888888888888888,0.6388888888888888
e45dabd4-d69d-40b1-9f3e-c6aa74d7e671,9,0.391304347826087,23,0.7777777777777778,0.14285714285714285,-0.6349206349206349
e4738926-014a-4fff-a922-b85707d22f73,6,0.3333333333333333,18,0.0,1.0,1.0
e47c6625-8df6-4527-9804-2567d1769200,7,0.3181818181818182,22,1.0,0.42857142857142855,-0.5714285714285714
e47c6625-8df6-4527-9804-2567d1769200,14,0.6363636363636364,22,0.42857142857142855,0.875,0.44642857142857145
e47e40ac-49eb-403c-b306-7fe5023a371e,11,0.5,22,0.8181818181818182,0.09090909090909091,-0.7272727272727273
e49047f2-9f50-473c-ad9f-ddcb4f78a17a,25,0.8928571428571429,28,0.84,0.3333333333333333,-0.5066666666666666
e49572a2-8d4f-40e7-910a-d58f5d6c001c,4,0.2222222222222222,18,0.5,1.0,0.5
e49572a2-8d4f-40e7-910a-d58f5d6c001c,9,0.5,18,1.0,0.0,-1.0
e49572a2-8d4f-40e7-910a-d58f5d6c001c,12,0.6666666666666666,18,0.0,1.0,1.0
e49efc10-771a-40ff-99e6-430ca90b6cac,15,0.39473684210526316,38,0.26666666666666666,1.0,0.7333333333333334
e49efc10-771a-40ff-99e6-430ca90b6cac,18,0.47368421052631576,38,1.0,0.2727272727272727,-0.7272727272727273
e49efc10-771a-40ff-99e6-430ca90b6cac,29,0.7631578947368421,38,0.2727272727272727,1.0,0.7272727272727273
e49efc10-771a-40ff-99e6-430ca90b6cac,32,0.8421052631578947,38,1.0,0.0,-1.0
e49fdb18-38b2-4aab-8b30-6f410ea2b20f,25,0.625,40,0.72,0.0,-0.72
e49fdb18-38b2-4aab-8b30-6f410ea2b20f,28,0.7,40,0.0,1.0,1.0
e49fdb18-38b2-4aab-8b30-6f410ea2b20f,32,0.8,40,1.0,0.25,-0.75
e49fdb18-38b2-4aab-8b30-6f410ea2b20f,36,0.9,40,0.25,1.0,0.75
e4b44aba-fac9-4307-bc00-5f351ee608da,15,0.8333333333333334,18,0.13333333333333333,0.6666666666666666,0.5333333333333333
e4b5aa79-7ef3-4ef5-99d3-7afad68bde92,10,0.2222222222222222,45,1.0,0.53125,-0.46875
e4b5aa79-7ef3-4ef5-99d3-7afad68bde92,42,0.9333333333333333,45,0.53125,0.0,-0.53125
e4dba455-4d65-4982-9094-a1c824e561c1,8,0.16,50,0.75,0.19047619047619047,-0.5595238095238095
e4df8103-d103-46a4-858f-200ab2eeba12,30,0.6,50,0.8333333333333334,0.0,-0.8333333333333334
e4df8103-d103-46a4-858f-200ab2eeba12,33,0.66,50,0.0,0.7058823529411765,0.7058823529411765
e4e2de0c-e71d-4b35-8609-acabd3235563,26,0.65,40,0.6153846153846154,0.16666666666666666,-0.4487179487179488
e4e2de0c-e71d-4b35-8609-acabd3235563,32,0.8,40,0.16666666666666666,1.0,0.8333333333333334
e4e2de0c-e71d-4b35-8609-acabd3235563,37,0.925,40,1.0,0.3333333333333333,-0.6666666666666667
e4eca874-ca07-4a8f-bb91-04c4024db73b,33,0.7857142857142857,42,0.8787878787878788,0.2222222222222222,-0.6565656565656566
e502f35d-b54d-4a2d-ac87-3fec3951dc8c,21,0.5,42,0.8571428571428571,0.3888888888888889,-0.4682539682539682
e502f35d-b54d-4a2d-ac87-3fec3951dc8c,39,0.9285714285714286,42,0.3888888888888889,1.0,0.6111111111111112
e511aa01-70cb-48a6-8a2d-0d57960862be,46,0.92,50,0.8913043478260869,0.25,-0.6413043478260869
e51f75e4-d7ab-48ab-b9b5-b12f7b1d5639,20,0.8695652173913043,23,0.9,0.3333333333333333,-0.5666666666666667
e5443191-2414-42c8-bb43-66e9136a00fb,14,0.3111111111111111,45,0.7857142857142857,0.16666666666666666,-0.6190476190476191
e5443191-2414-42c8-bb43-66e9136a00fb,26,0.5777777777777777,45,0.16666666666666666,0.75,0.5833333333333334
e5443191-2414-42c8-bb43-66e9136a00fb,34,0.7555555555555555,45,0.75,0.18181818181818182,-0.5681818181818181
e544601a-5c38-4895-ae52-d227d8a6a2d3,22,0.6111111111111112,36,0.9090909090909091,0.42857142857142855,-0.4805194805194805
e55b334d-5ca6-40e7-b4e9-e96244c15c81,6,0.35294117647058826,17,0.5,1.0,0.5
e55d8e67-cfe6-41ac-9a0f-ac5d4f24f357,17,0.4473684210526316,38,0.0,1.0,1.0
e55d8e67-cfe6-41ac-9a0f-ac5d4f24f357,20,0.5263157894736842,38,1.0,0.16666666666666666,-0.8333333333333334
e56628e6-c9a6-43c3-bf2d-6202e1587201,36,0.9,40,0.9444444444444444,0.5,-0.4444444444444444
e572eee0-8225-4b79-a3d9-7d9dd8663615,21,0.4666666666666667,45,1.0,0.5833333333333334,-0.41666666666666663
e57b2531-9e78-4e42-8bab-361c2b191ffd,3,0.13043478260869565,23,1.0,0.4,-0.6
e587bd1f-8636-4dbe-8796-d0a5bfba299e,10,0.43478260869565216,23,0.9,0.5384615384615384,-0.3615384615384616
e593c717-9828-414b-9960-791fb7fe6eb7,6,0.2608695652173913,23,1.0,0.0,-1.0
e593c717-9828-414b-9960-791fb7fe6eb7,9,0.391304347826087,23,0.0,1.0,1.0
e593c717-9828-414b-9960-791fb7fe6eb7,12,0.5217391304347826,23,1.0,0.18181818181818182,-0.8181818181818181
e5ab582b-7e54-422d-945a-43e244e6393c,6,0.3333333333333333,18,1.0,0.25,-0.75
e5ab582b-7e54-422d-945a-43e244e6393c,10,0.5555555555555556,18,0.25,1.0,0.75
e5ab582b-7e54-422d-945a-43e244e6393c,14,0.7777777777777778,18,1.0,0.0,-1.0
e5d143d8-d913-4915-b782-5565a6647933,8,0.47058823529411764,17,0.625,1.0,0.375
e5e12276-46ed-4c4f-ae4e-8aa8ae6ef078,7,0.3888888888888889,18,0.7142857142857143,0.2857142857142857,-0.4285714285714286
e5e12276-46ed-4c4f-ae4e-8aa8ae6ef078,14,0.7777777777777778,18,0.2857142857142857,1.0,0.7142857142857143
e5e87757-f05a-4b68-9c04-e48cd8b62e71,13,0.5416666666666666,24,0.8461538461538461,0.0,-0.8461538461538461
e5e87757-f05a-4b68-9c04-e48cd8b62e71,16,0.6666666666666666,24,0.0,0.875,0.875
e5f94a75-5533-4ed3-a472-2a25d3c093b7,4,0.13793103448275862,29,0.75,0.0,-0.75
e5f94a75-5533-4ed3-a472-2a25d3c093b7,8,0.27586206896551724,29,0.0,0.8571428571428571,0.8571428571428571
e5f94a75-5533-4ed3-a472-2a25d3c093b7,22,0.7586206896551724,29,0.8571428571428571,0.2857142857142857,-0.5714285714285714
e6074c68-a6cc-4633-8f98-c5483acc8b07,11,0.22,50,0.36363636363636365,0.9375,0.5738636363636364
e6074c68-a6cc-4633-8f98-c5483acc8b07,27,0.54,50,0.9375,0.0,-0.9375
e6074c68-a6cc-4633-8f98-c5483acc8b07,31,0.62,50,0.0,0.8421052631578947,0.8421052631578947
e607aea7-b02b-4d1e-88ec-04dcea58fc14,5,0.2777777777777778,18,0.8,0.25,-0.55
e607aea7-b02b-4d1e-88ec-04dcea58fc14,9,0.5,18,0.25,0.8888888888888888,0.6388888888888888
e6152d36-903d-4661-83f7-8369911b878a,7,0.15217391304347827,46,0.7142857142857143,0.0,-0.7142857142857143
e6152d36-903d-4661-83f7-8369911b878a,11,0.2391304347826087,46,0.0,1.0,1.0
e6152d36-903d-4661-83f7-8369911b878a,14,0.30434782608695654,46,1.0,0.34375,-0.65625
e6289012-ba68-40ff-914d-5792a693fb54,16,0.4444444444444444,36,0.875,0.0,-0.875
e6289012-ba68-40ff-914d-5792a693fb54,19,0.5277777777777778,36,0.0,1.0,1.0
e6289012-ba68-40ff-914d-5792a693fb54,29,0.8055555555555556,36,1.0,0.5714285714285714,-0.4285714285714286
e661522f-e91e-4512-9f6f-6c339d7821bd,12,0.2857142857142857,42,0.5833333333333334,0.26666666666666666,-0.3166666666666667
e6638db9-b0e8-4f6a-b774-a6ae869b1d28,3,0.16666666666666666,18,1.0,0.06666666666666667,-0.9333333333333333
e66b7392-f080-4517-bc85-ef828ff5e428,8,0.17391304347826086,46,0.5,1.0,0.5
e66b7392-f080-4517-bc85-ef828ff5e428,14,0.30434782608695654,46,1.0,0.4,-0.6
e66b7392-f080-4517-bc85-ef828ff5e428,34,0.7391304347826086,46,0.4,1.0,0.6
e66b7392-f080-4517-bc85-ef828ff5e428,38,0.8260869565217391,46,1.0,0.0,-1.0
e66b7392-f080-4517-bc85-ef828ff5e428,41,0.8913043478260869,46,0.0,0.8,0.8
e679ea33-ddb7-405b-b716-9b6409ab9151,11,0.2682926829268293,41,1.0,0.6,-0.4
e679ea33-ddb7-405b-b716-9b6409ab9151,36,0.8780487804878049,41,0.6,0.0,-0.6
e68a6c6b-f8c3-400e-9336-666a83911b32,15,0.5172413793103449,29,1.0,0.2,-0.8
e68a6c6b-f8c3-400e-9336-666a83911b32,20,0.6896551724137931,29,0.2,0.7777777777777778,0.5777777777777777
e6922777-5ca9-4d2d-a060-c1e2f05aa1ff,19,0.8636363636363636,22,0.8947368421052632,0.3333333333333333,-0.5614035087719298
e6925ad2-28a2-4380-adf9-c08444994323,19,0.4318181818181818,44,0.8947368421052632,0.4117647058823529,-0.48297213622291024
e6925ad2-28a2-4380-adf9-c08444994323,36,0.8181818181818182,44,0.4117647058823529,1.0,0.5882352941176471
e6945b9d-1b19-4a74-ad3e-c784f9c11508,22,0.44,50,0.9545454545454546,0.0,-0.9545454545454546
e6945b9d-1b19-4a74-ad3e-c784f9c11508,25,0.5,50,0.0,0.92,0.92
e6b2d635-7d1b-435d-9202-2367853aba9d,15,0.625,24,0.0,0.8,0.8
e6b2d635-7d1b-435d-9202-2367853aba9d,20,0.8333333333333334,24,0.8,0.25,-0.55
e6b69fb5-2e37-45c1-b3bf-5f606114ec3d,3,0.17647058823529413,17,0.3333333333333333,1.0,0.6666666666666667
e6b69fb5-2e37-45c1-b3bf-5f606114ec3d,8,0.47058823529411764,17,1.0,0.0,-1.0
e6b69fb5-2e37-45c1-b3bf-5f606114ec3d,11,0.6470588235294118,17,0.0,0.8333333333333334,0.8333333333333334
e6c1a6c8-0fae-47bf-8d9f-350f67c173bf,6,0.12,50,0.3333333333333333,0.8636363636363636,0.5303030303030303
e6c2b468-ce80-40f5-be15-24a1ef72f1ea,27,0.54,50,0.8518518518518519,0.43478260869565216,-0.4170692431561997
e6d1322a-4372-4c34-97b4-dc7eca24ad02,27,0.675,40,0.8148148148148148,0.46153846153846156,-0.3532763532763532
e6e9481a-047c-4cad-ba5c-8599c6d58d9b,10,0.2631578947368421,38,0.6,0.21428571428571427,-0.3857142857142857
e6ebadd1-77e7-4b66-8874-746a327ccaac,3,0.125,24,1.0,0.18181818181818182,-0.8181818181818181
e6ebadd1-77e7-4b66-8874-746a327ccaac,14,0.5833333333333334,24,0.18181818181818182,1.0,0.8181818181818181
e6ebadd1-77e7-4b66-8874-746a327ccaac,19,0.7916666666666666,24,1.0,0.2,-0.8
e6f02583-3fa8-4cfe-a875-98ccbc40f1dc,9,0.25,36,1.0,0.25,-0.75
e6f02583-3fa8-4cfe-a875-98ccbc40f1dc,13,0.3611111111111111,36,0.25,0.9130434782608695,0.6630434782608695
e6f15cec-c7ca-443a-905b-df93a151add5,28,0.6829268292682927,41,0.9642857142857143,0.25,-0.7142857142857143
e6f15cec-c7ca-443a-905b-df93a151add5,32,0.7804878048780488,41,0.25,0.8888888888888888,0.6388888888888888
e6fef295-e1af-4953-95ba-1a949c663676,12,0.3076923076923077,39,1.0,0.0,-1.0
e6fef295-e1af-4953-95ba-1a949c663676,15,0.38461538461538464,39,0.0,1.0,1.0
e6fef295-e1af-4953-95ba-1a949c663676,32,0.8205128205128205,39,1.0,0.0,-1.0
e6fef295-e1af-4953-95ba-1a949c663676,36,0.9230769230769231,39,0.0,1.0,1.0
e7090490-c6b5-4651-9aff-e7da5e577e87,5,0.1111111111111111,45,0.8,0.0,-0.8
e7090490-c6b5-4651-9aff-e7da5e577e87,9,0.2,45,0.0,0.7857142857142857,0.7857142857142857
e7090490-c6b5-4651-9aff-e7da5e577e87,23,0.5111111111111111,45,0.7857142857142857,0.09090909090909091,-0.6948051948051948
e70d8353-4397-456d-9b28-0d48e8cbfdf1,16,0.5517241379310345,29,0.3125,1.0,0.6875
e70d8353-4397-456d-9b28-0d48e8cbfdf1,19,0.6551724137931034,29,1.0,0.2,-0.8
e717068a-efcd-41e2-8eb7-278a437ccdbc,11,0.22,50,0.9090909090909091,0.0,-0.9090909090909091
e717068a-efcd-41e2-8eb7-278a437ccdbc,14,0.28,50,0.0,1.0,1.0
e717068a-efcd-41e2-8eb7-278a437ccdbc,17,0.34,50,1.0,0.0,-1.0
e717068a-efcd-41e2-8eb7-278a437ccdbc,20,0.4,50,0.0,0.9259259259259259,0.9259259259259259
e717068a-efcd-41e2-8eb7-278a437ccdbc,47,0.94,50,0.9259259259259259,0.3333333333333333,-0.5925925925925926
e744d9ae-3e0d-432f-b69f-971f33486139,7,0.15555555555555556,45,0.7142857142857143,0.3333333333333333,-0.380952380952381
e744d9ae-3e0d-432f-b69f-971f33486139,25,0.5555555555555556,45,0.3333333333333333,0.0,-0.3333333333333333
e744d9ae-3e0d-432f-b69f-971f33486139,40,0.8888888888888888,45,0.0,0.6,0.6
e750ada6-e397-44dd-aeed-57c0a19a4c2e,8,0.2222222222222222,36,0.875,0.25,-0.625
e750ada6-e397-44dd-aeed-57c0a19a4c2e,12,0.3333333333333333,36,0.25,0.9583333333333334,0.7083333333333334
e75e2c36-92f5-47cf-aada-d4ab44084084,15,0.8333333333333334,18,0.0,0.6666666666666666,0.6666666666666666
e77a8542-63de-44ae-a0f4-e480263554ea,23,0.7931034482758621,29,0.8695652173913043,0.0,-0.8695652173913043
e77a8542-63de-44ae-a0f4-e480263554ea,26,0.896551724137931,29,0.0,0.6666666666666666,0.6666666666666666
e77ec0aa-b5a9-4ea4-9547-869c32dd7480,11,0.4782608695652174,23,0.9090909090909091,0.3333333333333333,-0.5757575757575757
e7962304-d8dc-4b17-a5c8-245726df86e0,18,0.45,40,0.6111111111111112,0.0,-0.6111111111111112
e7962304-d8dc-4b17-a5c8-245726df86e0,23,0.575,40,0.0,1.0,1.0
e7962304-d8dc-4b17-a5c8-245726df86e0,26,0.65,40,1.0,0.2857142857142857,-0.7142857142857143
e79e167e-0a1e-4f21-9b89-07c36e75def4,29,0.725,40,0.896551724137931,0.0,-0.896551724137931
e79e167e-0a1e-4f21-9b89-07c36e75def4,33,0.825,40,0.0,1.0,1.0
e79ef268-572b-4521-9782-675e148dbb35,5,0.17857142857142858,28,1.0,0.5652173913043478,-0.4347826086956522
e7a52043-338e-4480-a700-8cfbab254070,36,0.782608695652174,46,0.8055555555555556,0.0,-0.8055555555555556
e7a52043-338e-4480-a700-8cfbab254070,39,0.8478260869565217,46,0.0,0.7142857142857143,0.7142857142857143
e7ac69b3-b193-4cd5-8d41-c6d1d46d9bb6,8,0.2222222222222222,36,0.75,0.0,-0.75
e7ac69b3-b193-4cd5-8d41-c6d1d46d9bb6,11,0.3055555555555556,36,0.0,1.0,1.0
e7ac69b3-b193-4cd5-8d41-c6d1d46d9bb6,15,0.4166666666666667,36,1.0,0.3333333333333333,-0.6666666666666667
e7ac69b3-b193-4cd5-8d41-c6d1d46d9bb6,30,0.8333333333333334,36,0.3333333333333333,1.0,0.6666666666666667
e7b66715-322b-4512-af75-d2a37e92e3c3,5,0.29411764705882354,17,0.4,0.9166666666666666,0.5166666666666666
e7d51dbf-565c-4b31-9b74-125491eff759,25,0.5,50,0.96,0.25,-0.71
e7d51dbf-565c-4b31-9b74-125491eff759,29,0.58,50,0.25,1.0,0.75
e7d51dbf-565c-4b31-9b74-125491eff759,47,0.94,50,1.0,0.3333333333333333,-0.6666666666666667
e7d692b6-8bab-4f5c-a994-65acdc694335,16,0.32,50,0.875,0.3333333333333333,-0.5416666666666667
e7d692b6-8bab-4f5c-a994-65acdc694335,25,0.5,50,0.3333333333333333,1.0,0.6666666666666667
e7d692b6-8bab-4f5c-a994-65acdc694335,28,0.56,50,1.0,0.0,-1.0
e7d692b6-8bab-4f5c-a994-65acdc694335,32,0.64,50,0.0,1.0,1.0
e7d692b6-8bab-4f5c-a994-65acdc694335,40,0.8,50,1.0,0.4,-0.6
e7e883ac-79db-43a4-a7be-c74f336fc796,19,0.6551724137931034,29,0.6842105263157895,0.0,-0.6842105263157895
e7e883ac-79db-43a4-a7be-c74f336fc796,23,0.7931034482758621,29,0.0,0.6666666666666666,0.6666666666666666
e7eb26ed-7358-4297-882b-9dc2f0b69198,17,0.40476190476190477,42,0.8235294117647058,0.45454545454545453,-0.3689839572192513
e7eb26ed-7358-4297-882b-9dc2f0b69198,39,0.9285714285714286,42,0.45454545454545453,1.0,0.5454545454545454
e7efeb74-8838-4248-b19f-9d848882ac56,9,0.18,50,1.0,0.6585365853658537,-0.3414634146341463
e828d6d4-bb09-40fe-a201-d3172fb68383,45,0.9,50,0.8888888888888888,0.4,-0.4888888888888888
e8291e70-4050-4d1a-8f1e-9ae0fe6e8c45,6,0.16666666666666666,36,1.0,0.3333333333333333,-0.6666666666666667
e833c842-5788-41e7-a0cd-f5418a8f27e9,28,0.56,50,0.9642857142857143,0.6818181818181818,-0.28246753246753253
e84f648d-095d-4b11-adb4-568447181ab1,37,0.925,40,0.8918918918918919,0.3333333333333333,-0.5585585585585586
e862fe0d-367d-4f2e-b01f-e12060d31dcc,6,0.3333333333333333,18,0.5,1.0,0.5
e862fe0d-367d-4f2e-b01f-e12060d31dcc,11,0.6111111111111112,18,1.0,0.2857142857142857,-0.7142857142857143
e86ef700-37dc-4122-ac71-cd6f31c95fb6,3,0.075,40,1.0,0.0,-1.0
e86ef700-37dc-4122-ac71-cd6f31c95fb6,6,0.15,40,0.0,0.7407407407407407,0.7407407407407407
e86ef700-37dc-4122-ac71-cd6f31c95fb6,33,0.825,40,0.7407407407407407,0.0,-0.7407407407407407
e86ef700-37dc-4122-ac71-cd6f31c95fb6,36,0.9,40,0.0,1.0,1.0
e873db8f-e968-4853-9775-d1af00637cb7,8,0.4444444444444444,18,0.75,0.0,-0.75
e873db8f-e968-4853-9775-d1af00637cb7,12,0.6666666666666666,18,0.0,0.8333333333333334,0.8333333333333334
e88019f4-1f83-4d07-adf9-cccbb9dd0781,4,0.13793103448275862,29,0.75,0.2222222222222222,-0.5277777777777778
e88019f4-1f83-4d07-adf9-cccbb9dd0781,13,0.4482758620689655,29,0.2222222222222222,1.0,0.7777777777777778
e88019f4-1f83-4d07-adf9-cccbb9dd0781,20,0.6896551724137931,29,1.0,0.4444444444444444,-0.5555555555555556
e88b0373-0d55-4e51-85e5-5f13a90fed57,6,0.12,50,0.8333333333333334,0.375,-0.45833333333333337
e88b0373-0d55-4e51-85e5-5f13a90fed57,22,0.44,50,0.375,0.0,-0.375
e898eb37-584f-4935-82db-44e6e5874a57,19,0.38,50,0.6842105263157895,0.0,-0.6842105263157895
e898eb37-584f-4935-82db-44e6e5874a57,23,0.46,50,0.0,1.0,1.0
e898eb37-584f-4935-82db-44e6e5874a57,29,0.58,50,1.0,0.18181818181818182,-0.8181818181818181
e898eb37-584f-4935-82db-44e6e5874a57,40,0.8,50,0.18181818181818182,1.0,0.8181818181818181
e898eb37-584f-4935-82db-44e6e5874a57,46,0.92,50,1.0,0.25,-0.75
e8ab4132-3cfc-4613-be83-5e1f427fbaac,17,0.34,50,0.7647058823529411,0.0,-0.7647058823529411
e8ab4132-3cfc-4613-be83-5e1f427fbaac,22,0.44,50,0.0,0.6071428571428571,0.6071428571428571
e8b57567-5d9d-40eb-aa20-c3dda3b6e6fe,22,0.7857142857142857,28,0.7727272727272727,0.0,-0.7727272727272727
e8b57567-5d9d-40eb-aa20-c3dda3b6e6fe,25,0.8928571428571429,28,0.0,0.6666666666666666,0.6666666666666666
e8b838b5-169a-4cb4-982a-b3dae5669f7f,4,0.2222222222222222,18,0.5,0.9285714285714286,0.4285714285714286
e8bc8f61-3ea0-4528-b295-d0e105bb3a90,18,0.8181818181818182,22,1.0,0.0,-1.0
e8d581e8-4729-4aa0-82fd-a9aa07b06bfc,10,0.2777777777777778,36,0.9,0.2608695652173913,-0.6391304347826088
e8d581e8-4729-4aa0-82fd-a9aa07b06bfc,33,0.9166666666666666,36,0.2608695652173913,1.0,0.7391304347826086
e8e52f46-02f8-41cc-a309-1199b753f250,21,0.875,24,1.0,0.0,-1.0
e8ef4824-54c6-4d47-97cd-47d7becb9d76,18,0.45,40,0.9444444444444444,0.0,-0.9444444444444444
e8ef4824-54c6-4d47-97cd-47d7becb9d76,21,0.525,40,0.0,0.9230769230769231,0.9230769230769231
e8ef4824-54c6-4d47-97cd-47d7becb9d76,34,0.85,40,0.9230769230769231,0.3333333333333333,-0.5897435897435899
e9057878-0825-4529-a7f8-e5c26c48e6cb,7,0.19444444444444445,36,0.42857142857142855,1.0,0.5714285714285714
e90b6b68-72b8-4b27-91a3-080b218b2f04,24,0.48,50,0.9583333333333334,0.18181818181818182,-0.7765151515151516
e90b6b68-72b8-4b27-91a3-080b218b2f04,35,0.7,50,0.18181818181818182,1.0,0.8181818181818181
e90b6b68-72b8-4b27-91a3-080b218b2f04,38,0.76,50,1.0,0.3333333333333333,-0.6666666666666667
e90d4141-e181-42d1-99a2-0783cac4e995,42,0.9333333333333333,45,0.8809523809523809,0.3333333333333333,-0.5476190476190477
e9316898-7f2e-4adb-8bc7-bb81b8d21db9,6,0.13333333333333333,45,0.8333333333333334,0.1875,-0.6458333333333334
e9316898-7f2e-4adb-8bc7-bb81b8d21db9,22,0.4888888888888889,45,0.1875,0.8181818181818182,0.6306818181818182
e9316898-7f2e-4adb-8bc7-bb81b8d21db9,33,0.7333333333333333,45,0.8181818181818182,0.0,-0.8181818181818182
e9316898-7f2e-4adb-8bc7-bb81b8d21db9,36,0.8,45,0.0,0.6666666666666666,0.6666666666666666
e9430e24-7ed3-4d20-9c40-96aca7edfaca,14,0.6086956521739131,23,0.7857142857142857,0.0,-0.7857142857142857
e9430e24-7ed3-4d20-9c40-96aca7edfaca,17,0.7391304347826086,23,0.0,1.0,1.0
e952980f-d033-481c-ba7b-138e7af2e7d3,34,0.8095238095238095,42,0.9117647058823529,0.5,-0.4117647058823529
e95628f8-df72-4161-8c90-3d22e695e7e4,9,0.25,36,0.8888888888888888,0.25,-0.6388888888888888
e95628f8-df72-4161-8c90-3d22e695e7e4,13,0.3611111111111111,36,0.25,0.9130434782608695,0.6630434782608695
e958cf60-74c4-4db1-87fb-5190e361f109,3,0.125,24,0.6666666666666666,0.07692307692307693,-0.5897435897435896
e958cf60-74c4-4db1-87fb-5190e361f109,16,0.6666666666666666,24,0.07692307692307693,1.0,0.9230769230769231
e958cf60-74c4-4db1-87fb-5190e361f109,20,0.8333333333333334,24,1.0,0.0,-1.0
e95a9477-dfe5-46c6-8416-81da215486a8,5,0.22727272727272727,22,1.0,0.0,-1.0
e95a9477-dfe5-46c6-8416-81da215486a8,8,0.36363636363636365,22,0.0,0.8571428571428571,0.8571428571428571
e95dd94f-81aa-49a3-a264-29e403caa606,20,0.47619047619047616,42,1.0,0.6818181818181818,-0.31818181818181823
e961f209-9899-491e-a8d9-f151d6b186b5,5,0.20833333333333334,24,1.0,0.3333333333333333,-0.6666666666666667
e961f209-9899-491e-a8d9-f151d6b186b5,11,0.4583333333333333,24,0.3333333333333333,0.8333333333333334,0.5
e961f209-9899-491e-a8d9-f151d6b186b5,17,0.7083333333333334,24,0.8333333333333334,0.0,-0.8333333333333334
e961f209-9899-491e-a8d9-f151d6b186b5,21,0.875,24,0.0,0.6666666666666666,0.6666666666666666
e96d10ad-cbe8-4a4e-9686-46d74cafd554,21,0.42,50,0.8095238095238095,0.5517241379310345,-0.25779967159277506
e98ccf5f-1d77-48df-929a-c6fd72b76897,18,0.782608695652174,23,0.8888888888888888,0.2,-0.6888888888888889
e994380d-9646-4ad9-8599-427126197343,6,0.13333333333333333,45,0.6666666666666666,0.0,-0.6666666666666666
e994380d-9646-4ad9-8599-427126197343,11,0.24444444444444444,45,0.0,0.5882352941176471,0.5882352941176471
e9bd748a-a90f-42d8-931c-e53bcfe78720,7,0.19444444444444445,36,1.0,0.42857142857142855,-0.5714285714285714
e9bd748a-a90f-42d8-931c-e53bcfe78720,14,0.3888888888888889,36,0.42857142857142855,1.0,0.5714285714285714
e9bd748a-a90f-42d8-931c-e53bcfe78720,27,0.75,36,1.0,0.0,-1.0
e9bd748a-a90f-42d8-931c-e53bcfe78720,30,0.8333333333333334,36,0.0,1.0,1.0
e9dc6a7c-d215-4df6-89b5-5cf20d72ddeb,21,0.7241379310344828,29,0.9047619047619048,0.0,-0.9047619047619048
e9dc6a7c-d215-4df6-89b5-5cf20d72ddeb,24,0.8275862068965517,29,0.0,0.8,0.8
e9df840b-571a-4095-83b0-2c65076ba557,18,0.4090909090909091,44,0.7777777777777778,0.23076923076923078,-0.5470085470085471
e9e00393-5b37-4aad-867e-1f14118dc8a4,25,0.625,40,0.84,0.5333333333333333,-0.30666666666666664
e9e36fc8-aa27-461c-950b-9176f4c3e540,17,0.4722222222222222,36,0.8235294117647058,0.0,-0.8235294117647058
e9e36fc8-aa27-461c-950b-9176f4c3e540,22,0.6111111111111112,36,0.0,0.5,0.5
e9e44844-5b2c-4f33-81df-0aec72a97daf,14,0.8235294117647058,17,0.8571428571428571,0.3333333333333333,-0.5238095238095237
e9f45724-38bf-494d-bfb8-937025034612,16,0.4444444444444444,36,0.8125,0.25,-0.5625
e9f45724-38bf-494d-bfb8-937025034612,28,0.7777777777777778,36,0.25,1.0,0.75
e9f5330c-0b3f-426c-89a3-077303695a92,7,0.19444444444444445,36,0.7142857142857143,0.09090909090909091,-0.6233766233766234
e9f5330c-0b3f-426c-89a3-077303695a92,18,0.5,36,0.09090909090909091,0.7777777777777778,0.6868686868686869
e9f5330c-0b3f-426c-89a3-077303695a92,27,0.75,36,0.7777777777777778,0.3333333333333333,-0.4444444444444445
ea0feb51-6b5f-48fc-bdb9-1a3e72236e3a,6,0.25,24,0.8333333333333334,0.125,-0.7083333333333334
ea0feb51-6b5f-48fc-bdb9-1a3e72236e3a,14,0.5833333333333334,24,0.125,0.6,0.475
ea11d006-3bef-4ffc-996d-b6b07041f0db,30,0.8333333333333334,36,1.0,0.3333333333333333,-0.6666666666666667
ea2875dc-8d52-4796-893a-3c6261228076,6,0.35294117647058826,17,1.0,0.2,-0.8
ea2875dc-8d52-4796-893a-3c6261228076,11,0.6470588235294118,17,0.2,1.0,0.8
ea2b5f62-38e1-4a9c-8ba0-851788d8d232,5,0.1,50,0.4,1.0,0.6
ea2b5f62-38e1-4a9c-8ba0-851788d8d232,28,0.56,50,1.0,0.25,-0.75
ea2b5f62-38e1-4a9c-8ba0-851788d8d232,32,0.64,50,0.25,0.8888888888888888,0.6388888888888888
ea2b5f62-38e1-4a9c-8ba0-851788d8d232,41,0.82,50,0.8888888888888888,0.0,-0.8888888888888888
ea2b5f62-38e1-4a9c-8ba0-851788d8d232,46,0.92,50,0.0,0.75,0.75
ea2dc7bd-d4df-4654-8dd4-628f0a20cfc4,7,0.175,40,0.2857142857142857,1.0,0.7142857142857143
ea2dc7bd-d4df-4654-8dd4-628f0a20cfc4,10,0.25,40,1.0,0.26666666666666666,-0.7333333333333334
ea35139f-f8d6-4ba4-be2c-99fe1045e2f5,10,0.5555555555555556,18,0.9,0.5,-0.4
ea353e3b-ce62-4fc7-9c5f-dfe503aae48a,26,0.6190476190476191,42,0.7692307692307693,0.2,-0.5692307692307692
ea353e3b-ce62-4fc7-9c5f-dfe503aae48a,36,0.8571428571428571,42,0.2,0.6666666666666666,0.4666666666666666
ea5ef6a6-9fac-4901-a6e3-03d66b8c90a8,9,0.5294117647058824,17,0.1111111111111111,1.0,0.8888888888888888
ea5ef6a6-9fac-4901-a6e3-03d66b8c90a8,14,0.8235294117647058,17,1.0,0.0,-1.0
ea6246f4-788e-4685-b762-fdd44dbf87aa,29,0.58,50,0.9310344827586207,0.25,-0.6810344827586207
ea6246f4-788e-4685-b762-fdd44dbf87aa,33,0.66,50,0.25,0.8823529411764706,0.6323529411764706
ea62910d-cfdd-4a4c-9101-973538f2f6d3,3,0.06666666666666667,45,1.0,0.0,-1.0
ea62910d-cfdd-4a4c-9101-973538f2f6d3,8,0.17777777777777778,45,0.0,0.9166666666666666,0.9166666666666666
ea62910d-cfdd-4a4c-9101-973538f2f6d3,20,0.4444444444444444,45,0.9166666666666666,0.0,-0.9166666666666666
ea62910d-cfdd-4a4c-9101-973538f2f6d3,23,0.5111111111111111,45,0.0,0.8636363636363636,0.8636363636363636
ea996331-22a1-43a0-b737-d3107400524b,5,0.2777777777777778,18,0.8,0.3333333333333333,-0.46666666666666673
ea996331-22a1-43a0-b737-d3107400524b,11,0.6111111111111112,18,0.3333333333333333,1.0,0.6666666666666667
eaa22c84-efd1-4ea8-9465-5f37d89060d7,7,0.30434782608695654,23,1.0,0.25,-0.75
eaa90c7a-4fd7-495b-aa72-6ee5419973d8,26,0.65,40,0.7307692307692307,0.35714285714285715,-0.3736263736263736
ead4b9e1-d043-4f79-859f-cdd0257d55ba,8,0.27586206896551724,29,0.875,0.0,-0.875
ead4b9e1-d043-4f79-859f-cdd0257d55ba,15,0.5172413793103449,29,0.0,1.0,1.0
ead4b9e1-d043-4f79-859f-cdd0257d55ba,18,0.6206896551724138,29,1.0,0.0,-1.0
ead4b9e1-d043-4f79-859f-cdd0257d55ba,23,0.7931034482758621,29,0.0,0.5,0.5
ead4cde4-abe3-4886-a404-ec056ccba1d6,17,0.7391304347826086,23,0.8823529411764706,0.5,-0.38235294117647056
eae47325-773a-43e0-89fc-a206ca514920,11,0.2894736842105263,38,0.6363636363636364,1.0,0.36363636363636365
eaf683e3-3e2f-4849-8c51-c71441d1dace,3,0.10344827586206896,29,0.0,0.6153846153846154,0.6153846153846154
eaf683e3-3e2f-4849-8c51-c71441d1dace,16,0.5517241379310345,29,0.6153846153846154,0.0,-0.6153846153846154
eaf683e3-3e2f-4849-8c51-c71441d1dace,24,0.8275862068965517,29,0.0,0.8,0.8
eafaf887-6795-4b58-bb98-a93f0810fcbb,4,0.23529411764705882,17,1.0,0.0,-1.0
eafaf887-6795-4b58-bb98-a93f0810fcbb,7,0.4117647058823529,17,0.0,1.0,1.0
eafaf887-6795-4b58-bb98-a93f0810fcbb,13,0.7647058823529411,17,1.0,0.0,-1.0
eaff4604-788d-4acb-8cac-048974a5dbeb,5,0.2777777777777778,18,0.8,0.2222222222222222,-0.5777777777777778
eaff4604-788d-4acb-8cac-048974a5dbeb,14,0.7777777777777778,18,0.2222222222222222,1.0,0.7777777777777778
eb18a364-446d-4c54-a862-3ac43b5eb741,10,0.2631578947368421,38,0.9,0.125,-0.775
eb18a364-446d-4c54-a862-3ac43b5eb741,18,0.47368421052631576,38,0.125,0.5555555555555556,0.4305555555555556
eb18a364-446d-4c54-a862-3ac43b5eb741,27,0.7105263157894737,38,0.5555555555555556,0.0,-0.5555555555555556
eb2c8419-07db-485a-9579-fbaf1cdd34ff,4,0.09523809523809523,42,1.0,0.0,-1.0
eb2c8419-07db-485a-9579-fbaf1cdd34ff,7,0.16666666666666666,42,0.0,0.5238095238095238,0.5238095238095238
eb2c8419-07db-485a-9579-fbaf1cdd34ff,28,0.6666666666666666,42,0.5238095238095238,1.0,0.47619047619047616
eb2c8419-07db-485a-9579-fbaf1cdd34ff,35,0.8333333333333334,42,1.0,0.2857142857142857,-0.7142857142857143
eb4cd4e1-a1df-43ef-81e0-1dff671486d9,12,0.3,40,1.0,0.5333333333333333,-0.4666666666666667
eb4cd4e1-a1df-43ef-81e0-1dff671486d9,27,0.675,40,0.5333333333333333,0.0,-0.5333333333333333
eb5330af-6e49-47d6-b260-0219f3143a14,36,0.9,40,0.9166666666666666,0.25,-0.6666666666666666
eb6d295b-503b-419f-918c-c8f1372e935e,35,0.7954545454545454,44,0.9142857142857143,0.5555555555555556,-0.3587301587301587
eb7a84e8-3396-43b2-befb-34e13d06bff6,10,0.43478260869565216,23,0.8,0.0,-0.8
eb7a84e8-3396-43b2-befb-34e13d06bff6,13,0.5652173913043478,23,0.0,1.0,1.0
eb7a84e8-3396-43b2-befb-34e13d06bff6,17,0.7391304347826086,23,1.0,0.16666666666666666,-0.8333333333333334
eb811e99-c609-46ed-9cf1-d22f59ab481c,25,0.8620689655172413,29,0.72,0.25,-0.47
eb87f848-24b2-40ca-93d3-0cf6163db6c5,14,0.5,28,0.9285714285714286,0.0,-0.9285714285714286
eb87f848-24b2-40ca-93d3-0cf6163db6c5,17,0.6071428571428571,28,0.0,0.8181818181818182,0.8181818181818182
eb8f4dd4-5918-4445-85be-e36ecfa41268,6,0.20689655172413793,29,1.0,0.2727272727272727,-0.7272727272727273
eb8f4dd4-5918-4445-85be-e36ecfa41268,17,0.5862068965517241,29,0.2727272727272727,1.0,0.7272727272727273
eb8f4dd4-5918-4445-85be-e36ecfa41268,20,0.6896551724137931,29,1.0,0.16666666666666666,-0.8333333333333334
eb8f4dd4-5918-4445-85be-e36ecfa41268,26,0.896551724137931,29,0.16666666666666666,1.0,0.8333333333333334
ebb786c2-d015-428e-adcd-07b9063f7486,17,0.34,50,0.7058823529411765,0.22727272727272727,-0.4786096256684492
ebb786c2-d015-428e-adcd-07b9063f7486,39,0.78,50,0.22727272727272727,0.7272727272727273,0.5
ebf8d448-4eae-4116-8ea7-b658e5c77730,23,0.575,40,1.0,0.23529411764705882,-0.7647058823529411
ec053057-fa4b-4915-b6eb-872190e68742,5,0.1724137931034483,29,1.0,0.3333333333333333,-0.6666666666666667
ec0563b5-55ab-4f41-865c-04ed010b1ae8,39,0.8478260869565217,46,0.7948717948717948,0.0,-0.7948717948717948
ec0563b5-55ab-4f41-865c-04ed010b1ae8,42,0.9130434782608695,46,0.0,1.0,1.0
ec073940-0b3e-485b-a2c9-858b42d58cc5,6,0.16666666666666666,36,1.0,0.0,-1.0
ec073940-0b3e-485b-a2c9-858b42d58cc5,9,0.25,36,0.0,0.6666666666666666,0.6666666666666666
ec0be8ca-2688-4717-b4a9-d3f3b7d717d2,27,0.675,40,0.8148148148148148,0.0,-0.8148148148148148
ec0be8ca-2688-4717-b4a9-d3f3b7d717d2,34,0.85,40,0.0,0.5,0.5
ec0e076d-2e6f-4f38-ba48-7ce127da17a4,31,0.6888888888888889,45,0.8709677419354839,0.2857142857142857,-0.5852534562211982
ec137a00-7a4a-429f-8f7a-849737aa2133,10,0.43478260869565216,23,0.2,1.0,0.8
ec137a00-7a4a-429f-8f7a-849737aa2133,13,0.5652173913043478,23,1.0,0.2,-0.8
ec290a5b-45af-462b-95cc-e6c38f4a6cb4,18,0.391304347826087,46,0.6111111111111112,1.0,0.38888888888888884
ec290a5b-45af-462b-95cc-e6c38f4a6cb4,36,0.782608695652174,46,1.0,0.25,-0.75
ec290a5b-45af-462b-95cc-e6c38f4a6cb4,40,0.8695652173913043,46,0.25,0.8333333333333334,0.5833333333333334
ec50b270-776a-46cb-abdc-ce38ba19d4ed,16,0.7272727272727273,22,0.9375,0.3333333333333333,-0.6041666666666667
ec51b6ed-826e-4b8b-afb6-3b5d53581383,6,0.16666666666666666,36,0.8333333333333334,0.3333333333333333,-0.5
ec51b6ed-826e-4b8b-afb6-3b5d53581383,18,0.5,36,0.3333333333333333,0.8333333333333334,0.5
ec51b6ed-826e-4b8b-afb6-3b5d53581383,24,0.6666666666666666,36,0.8333333333333334,0.0,-0.8333333333333334
ec51b6ed-826e-4b8b-afb6-3b5d53581383,27,0.75,36,0.0,1.0,1.0
ec51b6ed-826e-4b8b-afb6-3b5d53581383,31,0.8611111111111112,36,1.0,0.2,-0.8
ec5979bb-d91a-4700-992e-fdda753d71f5,11,0.4782608695652174,23,0.8181818181818182,0.0,-0.8181818181818182
ec5979bb-d91a-4700-992e-fdda753d71f5,14,0.6086956521739131,23,0.0,0.8888888888888888,0.8888888888888888
ec6ead40-24dd-441e-9067-b73072a7cdd1,16,0.4,40,0.875,0.2916666666666667,-0.5833333333333333
ec74d17f-bf96-4108-85d7-f791eb7c2ae3,3,0.16666666666666666,18,0.3333333333333333,1.0,0.6666666666666667
ec74d17f-bf96-4108-85d7-f791eb7c2ae3,6,0.3333333333333333,18,1.0,0.08333333333333333,-0.9166666666666666
ec796e31-a26c-40eb-9202-6a472c1396fb,8,0.2,40,0.75,0.1111111111111111,-0.6388888888888888
ec796e31-a26c-40eb-9202-6a472c1396fb,17,0.425,40,0.1111111111111111,0.6086956521739131,0.497584541062802
ec9482a4-7b1e-4c88-bc79-d3eceb2bea16,14,0.6363636363636364,22,0.7857142857142857,0.0,-0.7857142857142857
ec9482a4-7b1e-4c88-bc79-d3eceb2bea16,17,0.7727272727272727,22,0.0,0.8,0.8
ecb8a072-36ce-4ea6-92a1-0a0e24c0f86a,4,0.17391304347826086,23,0.25,1.0,0.75
ecb8a072-36ce-4ea6-92a1-0a0e24c0f86a,8,0.34782608695652173,23,1.0,0.18181818181818182,-0.8181818181818181
ecb8a072-36ce-4ea6-92a1-0a0e24c0f86a,19,0.8260869565217391,23,0.18181818181818182,1.0,0.8181818181818181
ecd805ee-167d-4f73-8039-6805e4d48a27,8,0.2222222222222222,36,0.625,0.17857142857142858,-0.4464285714285714
ecee89b3-7103-4fcc-b7e2-fb21421c2665,9,0.225,40,0.7777777777777778,0.0,-0.7777777777777778
ecee89b3-7103-4fcc-b7e2-fb21421c2665,13,0.325,40,0.0,1.0,1.0
ecee89b3-7103-4fcc-b7e2-fb21421c2665,19,0.475,40,1.0,0.0,-1.0
ecee89b3-7103-4fcc-b7e2-fb21421c2665,29,0.725,40,0.0,0.8571428571428571,0.8571428571428571
ecee89b3-7103-4fcc-b7e2-fb21421c2665,36,0.9,40,0.8571428571428571,0.25,-0.6071428571428571
ed0e417c-ab3c-4184-944d-1b0b5eb9c16c,41,0.82,50,0.9512195121951219,0.0,-0.9512195121951219
ed0e417c-ab3c-4184-944d-1b0b5eb9c16c,45,0.9,50,0.0,0.6,0.6
ed103f04-58e5-4cc2-8638-0e6eb0ae1e46,14,0.8235294117647058,17,0.8571428571428571,0.3333333333333333,-0.5238095238095237
ed3cf5ab-7eaf-47fa-a03a-93babf94ab0a,3,0.13043478260869565,23,0.6666666666666666,0.0,-0.6666666666666666
ed3cf5ab-7eaf-47fa-a03a-93babf94ab0a,7,0.30434782608695654,23,0.0,1.0,1.0
ed3cf5ab-7eaf-47fa-a03a-93babf94ab0a,12,0.5217391304347826,23,1.0,0.45454545454545453,-0.5454545454545454
ed43794e-b2d8-47b3-9107-81ac1493d937,6,0.16666666666666666,36,1.0,0.1,-0.9
ed43794e-b2d8-47b3-9107-81ac1493d937,16,0.4444444444444444,36,0.1,0.6666666666666666,0.5666666666666667
ed43794e-b2d8-47b3-9107-81ac1493d937,25,0.6944444444444444,36,0.6666666666666666,0.0,-0.6666666666666666
ed43794e-b2d8-47b3-9107-81ac1493d937,28,0.7777777777777778,36,0.0,1.0,1.0
ed43794e-b2d8-47b3-9107-81ac1493d937,33,0.9166666666666666,36,1.0,0.3333333333333333,-0.6666666666666667
ed4cf3af-6e5c-4e14-aa8b-d260b5548ab3,9,0.391304347826087,23,0.8888888888888888,0.21428571428571427,-0.6746031746031745
ed5e5578-e0f9-4cef-b9b5-af5f5bb5b563,3,0.06666666666666667,45,0.3333333333333333,0.8571428571428571,0.5238095238095237
ed62e070-f582-439c-a58e-23dc45935824,3,0.13636363636363635,22,1.0,0.0,-1.0
ed62e070-f582-439c-a58e-23dc45935824,6,0.2727272727272727,22,0.0,0.75,0.75
ed62e070-f582-439c-a58e-23dc45935824,10,0.45454545454545453,22,0.75,0.16666666666666666,-0.5833333333333334
ed631d1a-a19a-41ac-86e1-4fd8f67d6752,7,0.25,28,1.0,0.42857142857142855,-0.5714285714285714
ed832bd5-5904-4a5e-a145-049142d72985,15,0.4166666666666667,36,1.0,0.0,-1.0
ed832bd5-5904-4a5e-a145-049142d72985,18,0.5,36,0.0,1.0,1.0
ed832bd5-5904-4a5e-a145-049142d72985,22,0.6111111111111112,36,1.0,0.25,-0.75
ed832bd5-5904-4a5e-a145-049142d72985,26,0.7222222222222222,36,0.25,0.9,0.65
ed9bb7ae-c197-490d-8855-2d87567988f0,9,0.5,18,1.0,0.5555555555555556,-0.4444444444444444
ed9c9309-b331-475a-bd8a-85259684b546,3,0.06,50,0.3333333333333333,1.0,0.6666666666666667
ed9c9309-b331-475a-bd8a-85259684b546,27,0.54,50,1.0,0.5652173913043478,-0.4347826086956522
edad516f-afa5-447a-a2c5-51febc06894a,11,0.3055555555555556,36,1.0,0.44,-0.56
edb5c520-2124-47d8-9430-d960bd577ba8,8,0.2,40,0.75,0.0,-0.75
edb5c520-2124-47d8-9430-d960bd577ba8,16,0.4,40,0.0,0.9090909090909091,0.9090909090909091
edb5c520-2124-47d8-9430-d960bd577ba8,27,0.675,40,0.9090909090909091,0.46153846153846156,-0.4475524475524475
edbc9159-c20d-4500-a433-1631361ae32a,10,0.45454545454545453,22,1.0,0.6666666666666666,-0.33333333333333337
edbe23cd-ae21-4abf-a783-dfb739a4e874,15,0.8333333333333334,18,1.0,0.3333333333333333,-0.6666666666666667
ee11787c-ed61-4f08-b7b6-fc5cea18e9a4,14,0.5833333333333334,24,0.9285714285714286,0.16666666666666666,-0.761904761904762
ee11787c-ed61-4f08-b7b6-fc5cea18e9a4,20,0.8333333333333334,24,0.16666666666666666,1.0,0.8333333333333334
ee163213-0df0-4b87-a3cb-a90002396c1b,28,0.56,50,0.8214285714285714,0.3181818181818182,-0.5032467532467533
ee1f6332-553d-4b3b-b54c-7dda7875371e,15,0.3125,48,0.9333333333333333,0.2,-0.7333333333333334
ee1f6332-553d-4b3b-b54c-7dda7875371e,20,0.4166666666666667,48,0.2,0.8571428571428571,0.657142857142857
ee20cb16-f749-4968-b1da-87c613e1fc0d,5,0.29411764705882354,17,0.6,1.0,0.4
ee41aa3b-32c1-49ad-acf8-3257dc4bf295,9,0.5,18,1.0,0.4444444444444444,-0.5555555555555556
ee5cfc47-7784-4957-9156-92dcecf42fc7,10,0.25,40,0.2,1.0,0.8
ee5cfc47-7784-4957-9156-92dcecf42fc7,13,0.325,40,1.0,0.125,-0.875
ee5cfc47-7784-4957-9156-92dcecf42fc7,21,0.525,40,0.125,0.75,0.625
ee5cfc47-7784-4957-9156-92dcecf42fc7,25,0.625,40,0.75,0.06666666666666667,-0.6833333333333333
ee7f5d8b-3142-4675-874c-e848d2f66b6c,14,0.7777777777777778,18,0.9285714285714286,0.5,-0.4285714285714286
ee8481ff-7ba8-44a4-a078-1029e1ea3608,19,0.38,50,0.8947368421052632,0.2903225806451613,-0.6044142614601018
eec01ec9-0da0-42cb-a440-56894276cde1,10,0.4166666666666667,24,0.5,0.8571428571428571,0.3571428571428571
eec16099-0eb9-4ca7-aa4f-0c03b881a62f,29,0.8055555555555556,36,0.9310344827586207,0.5714285714285714,-0.35960591133004927
eec32903-01bb-46fa-b5e8-44fa81129688,5,0.1724137931034483,29,0.2,1.0,0.8
eec32903-01bb-46fa-b5e8-44fa81129688,10,0.3448275862068966,29,1.0,0.0,-1.0
eec32903-01bb-46fa-b5e8-44fa81129688,15,0.5172413793103449,29,0.0,0.75,0.75
eec32903-01bb-46fa-b5e8-44fa81129688,19,0.6551724137931034,29,0.75,0.1,-0.65
eecac454-2308-45be-9432-16b4e076d56a,3,0.08333333333333333,36,1.0,0.25,-0.75
eecac454-2308-45be-9432-16b4e076d56a,7,0.19444444444444445,36,0.25,1.0,0.75
eecac454-2308-45be-9432-16b4e076d56a,11,0.3055555555555556,36,1.0,0.0,-1.0
eecac454-2308-45be-9432-16b4e076d56a,14,0.3888888888888889,36,0.0,1.0,1.0
eecac454-2308-45be-9432-16b4e076d56a,20,0.5555555555555556,36,1.0,0.375,-0.625
eecac454-2308-45be-9432-16b4e076d56a,28,0.7777777777777778,36,0.375,1.0,0.625
eecac454-2308-45be-9432-16b4e076d56a,31,0.8611111111111112,36,1.0,0.0,-1.0
eecef079-21b2-4934-89a8-93bee46e0cea,8,0.27586206896551724,29,0.5,0.8571428571428571,0.3571428571428571
eecef079-21b2-4934-89a8-93bee46e0cea,22,0.7586206896551724,29,0.8571428571428571,0.0,-0.8571428571428571
eecef079-21b2-4934-89a8-93bee46e0cea,25,0.8620689655172413,29,0.0,0.75,0.75
eed032d6-e6ef-46e6-b0c7-d5eb9e7632b5,19,0.7916666666666666,24,0.0,0.8,0.8
eed11138-23ef-4481-8137-885d20a54a2b,8,0.16,50,0.25,0.9285714285714286,0.6785714285714286
eed11138-23ef-4481-8137-885d20a54a2b,36,0.72,50,0.9285714285714286,0.35714285714285715,-0.5714285714285714
eed9e5ca-4b58-4c7f-b438-2046f005d758,5,0.13157894736842105,38,1.0,0.20689655172413793,-0.7931034482758621
eed9e5ca-4b58-4c7f-b438-2046f005d758,34,0.8947368421052632,38,0.20689655172413793,0.75,0.5431034482758621
eee9cf32-7710-4ee9-9f63-76e3843593ab,12,0.3,40,1.0,0.0,-1.0
eee9cf32-7710-4ee9-9f63-76e3843593ab,17,0.425,40,0.0,0.7058823529411765,0.7058823529411765
eee9cf32-7710-4ee9-9f63-76e3843593ab,34,0.85,40,0.7058823529411765,0.16666666666666666,-0.5392156862745099
eeef5604-c0e8-4945-8d0c-84441a49b2dd,25,0.8928571428571429,28,0.96,0.3333333333333333,-0.6266666666666667
eef76ae9-bd6c-4f65-bd82-cb31236d97be,11,0.3055555555555556,36,1.0,0.5833333333333334,-0.41666666666666663
eef76ae9-bd6c-4f65-bd82-cb31236d97be,23,0.6388888888888888,36,0.5833333333333334,0.0,-0.5833333333333334
eef76ae9-bd6c-4f65-bd82-cb31236d97be,28,0.7777777777777778,36,0.0,0.8,0.8
eef76ae9-bd6c-4f65-bd82-cb31236d97be,33,0.9166666666666666,36,0.8,0.0,-0.8
ef0fdad1-93f7-4720-beba-d85d96c02fc7,12,0.26666666666666666,45,0.8333333333333334,0.0,-0.8333333333333334
ef0fdad1-93f7-4720-beba-d85d96c02fc7,16,0.35555555555555557,45,0.0,0.8275862068965517,0.8275862068965517
ef1a544e-6f4f-410e-8149-17c4a8dad310,35,0.7608695652173914,46,0.8285714285714286,0.45454545454545453,-0.3740259740259741
ef1bd979-e243-4912-8f57-4542bdb3a145,19,0.475,40,0.8421052631578947,0.5238095238095238,-0.31829573934837085
ef36e238-3a1b-43c9-a8b9-a6a38d60472d,16,0.32,50,0.875,0.0,-0.875
ef36e238-3a1b-43c9-a8b9-a6a38d60472d,19,0.38,50,0.0,0.7096774193548387,0.7096774193548387
ef3f3c0b-4bbc-46eb-8f0e-3a28951b7883,19,0.4523809523809524,42,1.0,0.17391304347826086,-0.8260869565217391
ef500e1f-3fb2-4cf9-a2ee-c94a612f5682,20,0.8333333333333334,24,0.95,0.5,-0.44999999999999996
ef54b73a-7ebe-46da-8deb-61cc1557f086,4,0.2222222222222222,18,0.75,0.0,-0.75
ef54b73a-7ebe-46da-8deb-61cc1557f086,8,0.4444444444444444,18,0.0,0.75,0.75
ef54b73a-7ebe-46da-8deb-61cc1557f086,12,0.6666666666666666,18,0.75,0.0,-0.75
ef5955ab-e466-4715-a352-c4a483b707c8,45,0.9,50,0.9111111111111111,0.4,-0.5111111111111111
ef5e10b8-5579-410b-853d-f055c8aab05e,25,0.625,40,0.84,0.4,-0.43999999999999995
ef7b8964-b936-4eee-b7a4-dd5ee1c120c7,3,0.17647058823529413,17,0.0,0.6428571428571429,0.6428571428571429
ef903bcb-e997-42fc-8b28-45dc235cfea6,13,0.26,50,0.6923076923076923,0.0,-0.6923076923076923
ef903bcb-e997-42fc-8b28-45dc235cfea6,16,0.32,50,0.0,0.8181818181818182,0.8181818181818182
ef903bcb-e997-42fc-8b28-45dc235cfea6,27,0.54,50,0.8181818181818182,0.0,-0.8181818181818182
ef903bcb-e997-42fc-8b28-45dc235cfea6,33,0.66,50,0.0,0.7142857142857143,0.7142857142857143
ef903bcb-e997-42fc-8b28-45dc235cfea6,40,0.8,50,0.7142857142857143,0.0,-0.7142857142857143
ef903bcb-e997-42fc-8b28-45dc235cfea6,46,0.92,50,0.0,0.75,0.75
ef989818-d455-4aa0-aac0-c09eeb94993a,10,0.25,40,1.0,0.6666666666666666,-0.33333333333333337
ef989818-d455-4aa0-aac0-c09eeb94993a,28,0.7,40,0.6666666666666666,0.0,-0.6666666666666666
ef989818-d455-4aa0-aac0-c09eeb94993a,32,0.8,40,0.0,1.0,1.0
ef989818-d455-4aa0-aac0-c09eeb94993a,36,0.9,40,1.0,0.25,-0.75
efadb16c-c7cb-4a23-a62e-b7e3fed18fa1,12,0.2727272727272727,44,0.5,0.84375,0.34375
efb41ce4-4e27-4e5d-8098-a0cacfdc3a20,6,0.15789473684210525,38,0.3333333333333333,1.0,0.6666666666666667
efb41ce4-4e27-4e5d-8098-a0cacfdc3a20,14,0.3684210526315789,38,1.0,0.0,-1.0
efb41ce4-4e27-4e5d-8098-a0cacfdc3a20,17,0.4473684210526316,38,0.0,0.5714285714285714,0.5714285714285714
efb41ce4-4e27-4e5d-8098-a0cacfdc3a20,31,0.8157894736842105,38,0.5714285714285714,0.0,-0.5714285714285714
efb6cad9-c214-4164-847e-9e58c09eafde,23,0.575,40,0.782608695652174,0.18181818181818182,-0.6007905138339922
efb6cad9-c214-4164-847e-9e58c09eafde,34,0.85,40,0.18181818181818182,0.6666666666666666,0.4848484848484848
efd1cb3c-5859-42c0-9a72-66463596df3d,5,0.22727272727272727,22,0.8,0.0,-0.8
efdb90d1-4075-4783-8e32-7746d92babbe,7,0.15217391304347827,46,0.8571428571428571,0.0,-0.8571428571428571
efdb90d1-4075-4783-8e32-7746d92babbe,10,0.21739130434782608,46,0.0,0.6666666666666666,0.6666666666666666
efffeed0-c2ef-476d-a019-c7a5d45b8b6a,16,0.6956521739130435,23,0.875,0.2857142857142857,-0.5892857142857143
f0026ea3-c968-46cc-953c-1ae789be5bd3,7,0.19444444444444445,36,1.0,0.375,-0.625
f0026ea3-c968-46cc-953c-1ae789be5bd3,15,0.4166666666666667,36,0.375,1.0,0.625
f0026ea3-c968-46cc-953c-1ae789be5bd3,21,0.5833333333333334,36,1.0,0.0,-1.0
f0026ea3-c968-46cc-953c-1ae789be5bd3,25,0.6944444444444444,36,0.0,0.7272727272727273,0.7272727272727273
f00b4f41-1654-4a4d-a508-4a637e9969dd,35,0.875,40,0.6285714285714286,0.2,-0.42857142857142855
f025f2f1-eac9-45d3-8e38-a5a27c2a7d94,4,0.18181818181818182,22,1.0,0.0,-1.0
f025f2f1-eac9-45d3-8e38-a5a27c2a7d94,7,0.3181818181818182,22,0.0,0.8,0.8
f0377e09-16b6-48bd-ba70-868550c38144,9,0.391304347826087,23,1.0,0.4,-0.6
f0377e09-16b6-48bd-ba70-868550c38144,14,0.6086956521739131,23,0.4,0.8888888888888888,0.4888888888888888
f045d609-5ea6-45d5-a397-e1ed6864ec9e,13,0.5416666666666666,24,0.6153846153846154,0.18181818181818182,-0.4335664335664336
f0621f51-1d3f-49e4-9ce0-aa59dd05e677,12,0.5217391304347826,23,1.0,0.5454545454545454,-0.4545454545454546
f062f53f-35f9-432d-b23c-ff5b640b855d,5,0.2777777777777778,18,0.0,0.9230769230769231,0.9230769230769231
f0705776-b469-4116-a921-b99a1e00f6ff,14,0.6086956521739131,23,0.7857142857142857,0.0,-0.7857142857142857
f0705776-b469-4116-a921-b99a1e00f6ff,17,0.7391304347826086,23,0.0,0.8333333333333334,0.8333333333333334
f0805b4a-6aad-474b-b99d-6c38283c5e99,20,0.8333333333333334,24,0.95,0.25,-0.7
f080f442-ee5f-46f4-bfec-4c8606ee7bf2,35,0.9210526315789473,38,0.34285714285714286,1.0,0.6571428571428571
f084aedd-152d-45c3-9731-386de17652f9,25,0.5,50,0.92,0.0,-0.92
f084aedd-152d-45c3-9731-386de17652f9,28,0.56,50,0.0,0.9545454545454546,0.9545454545454546
f089b7b1-4aa8-422d-9ec8-19e3251b4eb2,12,0.6666666666666666,18,1.0,0.5,-0.5
f0ba7d03-4a95-4573-af7e-090aa94559f9,5,0.2777777777777778,18,1.0,0.375,-0.625
f0ba7d03-4a95-4573-af7e-090aa94559f9,13,0.7222222222222222,18,0.375,1.0,0.625
f0eff854-2a31-43fc-abd3-00c6cf6cb5f5,11,0.22,50,0.0,0.5384615384615384,0.5384615384615384
f0fa971c-3419-4a7e-b62b-201862293666,7,0.2413793103448276,29,0.5714285714285714,1.0,0.4285714285714286
f0fa971c-3419-4a7e-b62b-201862293666,17,0.5862068965517241,29,1.0,0.16666666666666666,-0.8333333333333334
f0fc15a3-d021-456e-98f2-fcd6c3dc35d5,4,0.18181818181818182,22,1.0,0.0,-1.0
f0fc15a3-d021-456e-98f2-fcd6c3dc35d5,8,0.36363636363636365,22,0.0,0.8571428571428571,0.8571428571428571
f10cc070-d539-4404-a905-1ab1c8178a0d,19,0.6551724137931034,29,0.7368421052631579,0.3,-0.43684210526315786
f112b623-dd04-4812-8dbc-9dedd18be692,24,0.5,48,0.875,0.2916666666666667,-0.5833333333333333
f1355931-887a-42d2-808f-bb5dcc333713,15,0.8333333333333334,18,1.0,0.3333333333333333,-0.6666666666666667
f13eaa85-8099-4f4b-9999-00734d23300a,7,0.19444444444444445,36,1.0,0.631578947368421,-0.368421052631579
f13eaa85-8099-4f4b-9999-00734d23300a,26,0.7222222222222222,36,0.631578947368421,0.0,-0.631578947368421
f13eaa85-8099-4f4b-9999-00734d23300a,30,0.8333333333333334,36,0.0,0.8333333333333334,0.8333333333333334
f14b8452-04e3-4389-b096-6404428bdc7e,7,0.30434782608695654,23,0.7142857142857143,0.125,-0.5892857142857143
f15a5230-8042-4661-9bd4-227548348071,21,0.525,40,0.2857142857142857,1.0,0.7142857142857143
f15a5230-8042-4661-9bd4-227548348071,28,0.7,40,1.0,0.4166666666666667,-0.5833333333333333
f177abd1-7141-41be-baa9-886259b26601,5,0.22727272727272727,22,0.2,1.0,0.8
f177abd1-7141-41be-baa9-886259b26601,8,0.36363636363636365,22,1.0,0.0,-1.0
f177abd1-7141-41be-baa9-886259b26601,11,0.5,22,0.0,0.6363636363636364,0.6363636363636364
f198638b-76b1-4dd7-8a34-b8e9bb5dcde7,17,0.4722222222222222,36,0.7647058823529411,0.0,-0.7647058823529411
f198638b-76b1-4dd7-8a34-b8e9bb5dcde7,21,0.5833333333333334,36,0.0,1.0,1.0
f198638b-76b1-4dd7-8a34-b8e9bb5dcde7,25,0.6944444444444444,36,1.0,0.25,-0.75
f198638b-76b1-4dd7-8a34-b8e9bb5dcde7,33,0.9166666666666666,36,0.25,1.0,0.75
f1aab776-a322-45d7-9869-f970d3eaafb5,29,0.725,40,0.034482758620689655,1.0,0.9655172413793104
f1ce6594-3161-4d3c-9c09-e4a7cea89139,18,0.782608695652174,23,1.0,0.0,-1.0
f1d51075-1b45-4bc6-b3b1-6eecc4417ae8,8,0.47058823529411764,17,0.5,0.1111111111111111,-0.3888888888888889
f1f2ae37-0cec-4755-8c86-4566a6eb2fbc,18,0.43902439024390244,41,0.8888888888888888,0.3333333333333333,-0.5555555555555556
f1f2ae37-0cec-4755-8c86-4566a6eb2fbc,24,0.5853658536585366,41,0.3333333333333333,1.0,0.6666666666666667
f1f2ae37-0cec-4755-8c86-4566a6eb2fbc,36,0.8780487804878049,41,1.0,0.4,-0.6
f1f9822e-9f90-4783-8b7b-61fb521ac6cf,3,0.13636363636363635,22,1.0,0.0,-1.0
f1f9822e-9f90-4783-8b7b-61fb521ac6cf,7,0.3181818181818182,22,0.0,0.9090909090909091,0.9090909090909091
f1f9822e-9f90-4783-8b7b-61fb521ac6cf,18,0.8181818181818182,22,0.9090909090909091,0.25,-0.6590909090909091
f2145dc2-ae37-499f-8ade-7640f88dcb8d,13,0.4482758620689655,29,1.0,0.36363636363636365,-0.6363636363636364
f2145dc2-ae37-499f-8ade-7640f88dcb8d,24,0.8275862068965517,29,0.36363636363636365,1.0,0.6363636363636364
f228cb6d-9dda-42f2-b92a-843d56b11215,21,0.45652173913043476,46,0.5714285714285714,0.88,0.3085714285714286
f230b990-e4fd-4d52-9e1d-1d83faed60ce,8,0.4444444444444444,18,0.5,0.9,0.4
f233d21b-457d-4943-99f6-fe590745773e,18,0.45,40,1.0,0.3333333333333333,-0.6666666666666667
f233d21b-457d-4943-99f6-fe590745773e,24,0.6,40,0.3333333333333333,0.9375,0.6041666666666667
f23ae083-7023-4e91-bda8-185502ac6de1,5,0.2777777777777778,18,0.8,0.0,-0.8
f23ae083-7023-4e91-bda8-185502ac6de1,8,0.4444444444444444,18,0.0,1.0,1.0
f23ae083-7023-4e91-bda8-185502ac6de1,14,0.7777777777777778,18,1.0,0.5,-0.5
f26244fb-a437-40c9-b399-3bc626486094,28,0.7777777777777778,36,0.7857142857142857,0.125,-0.6607142857142857
f27b1fef-f9e9-4ea2-ade5-bf2f1f063482,12,0.6666666666666666,18,0.8333333333333334,0.3333333333333333,-0.5
f285e8c4-3216-4bef-9dd0-5dd7aee9809a,29,0.725,40,0.034482758620689655,1.0,0.9655172413793104
f28f8560-42f5-4d00-b31e-0d76353e9162,25,0.5555555555555556,45,0.88,0.0,-0.88
f28f8560-42f5-4d00-b31e-0d76353e9162,29,0.6444444444444445,45,0.0,1.0,1.0
f28f8560-42f5-4d00-b31e-0d76353e9162,33,0.7333333333333333,45,1.0,0.0,-1.0
f28f8560-42f5-4d00-b31e-0d76353e9162,36,0.8,45,0.0,0.6666666666666666,0.6666666666666666
f2a5965d-9593-4981-a93c-53db04b48891,13,0.4642857142857143,28,0.6153846153846154,0.26666666666666666,-0.34871794871794876
f2a76804-10ee-472f-8111-c502bc402fd3,3,0.08333333333333333,36,1.0,0.45454545454545453,-0.5454545454545454
f2a76804-10ee-472f-8111-c502bc402fd3,14,0.3888888888888889,36,0.45454545454545453,0.8636363636363636,0.4090909090909091
f2bc2d35-4af5-4203-9edb-f03f93bd7fba,19,0.6551724137931034,29,0.8947368421052632,0.3,-0.5947368421052632
f2ccd158-ef5b-4509-9d64-0cdae317f073,9,0.23684210526315788,38,1.0,0.16666666666666666,-0.8333333333333334
f2ccd158-ef5b-4509-9d64-0cdae317f073,15,0.39473684210526316,38,0.16666666666666666,1.0,0.8333333333333334
f2ccd158-ef5b-4509-9d64-0cdae317f073,19,0.5,38,1.0,0.0,-1.0
f2ccd158-ef5b-4509-9d64-0cdae317f073,22,0.5789473684210527,38,0.0,0.75,0.75
f2d7b6ee-9db7-4e5e-b682-5a6bf3181174,5,0.20833333333333334,24,1.0,0.0,-1.0
f2d7b6ee-9db7-4e5e-b682-5a6bf3181174,12,0.5,24,0.0,0.5833333333333334,0.5833333333333334
f30f594c-3e5d-4f49-8bc1-575b17d8fc80,28,0.56,50,0.7142857142857143,0.25,-0.4642857142857143
f30f594c-3e5d-4f49-8bc1-575b17d8fc80,40,0.8,50,0.25,0.7,0.44999999999999996
f32260e0-d382-4514-b897-5786198f074a,25,0.625,40,0.68,0.0,-0.68
f32260e0-d382-4514-b897-5786198f074a,29,0.725,40,0.0,0.9090909090909091,0.9090909090909091
f3471233-3828-42b6-8a5f-5ef131795f28,11,0.275,40,1.0,0.15384615384615385,-0.8461538461538461
f3471233-3828-42b6-8a5f-5ef131795f28,37,0.925,40,0.15384615384615385,0.6666666666666666,0.5128205128205128
f3510a8a-8a34-48b4-ba9c-bbcdabe2f8c7,9,0.25,36,0.5555555555555556,0.0,-0.5555555555555556
f3510a8a-8a34-48b4-ba9c-bbcdabe2f8c7,13,0.3611111111111111,36,0.0,0.7391304347826086,0.7391304347826086
f3601e47-107a-4908-a1cb-196bb40b11fd,13,0.7222222222222222,18,1.0,0.6,-0.4
f36606ad-3815-4bb6-a242-a90e267b6cb0,3,0.16666666666666666,18,0.3333333333333333,0.8666666666666667,0.5333333333333334
f381da3e-6ab3-45c2-9d45-935be8e797a4,33,0.7333333333333333,45,0.8484848484848485,0.0,-0.8484848484848485
f381da3e-6ab3-45c2-9d45-935be8e797a4,37,0.8222222222222222,45,0.0,1.0,1.0
f381da3e-6ab3-45c2-9d45-935be8e797a4,40,0.8888888888888888,45,1.0,0.4,-0.6
f3831f9e-2183-4be2-8a15-dca65da0efec,14,0.7777777777777778,18,1.0,0.5,-0.5
f38af204-012a-4023-a5c0-4809da6799c9,41,0.82,50,0.926829268292683,0.3333333333333333,-0.5934959349593496
f3ee8c99-d3fa-42be-92e7-2b69304e22f6,10,0.2222222222222222,45,0.9,0.2727272727272727,-0.6272727272727273
f3ee8c99-d3fa-42be-92e7-2b69304e22f6,21,0.4666666666666667,45,0.2727272727272727,1.0,0.7272727272727273
f3ee8c99-d3fa-42be-92e7-2b69304e22f6,24,0.5333333333333333,45,1.0,0.0,-1.0
f3ee8c99-d3fa-42be-92e7-2b69304e22f6,29,0.6444444444444445,45,0.0,0.6875,0.6875
f3f3a2c4-f982-4b17-95a2-78603cc62ba7,17,0.4722222222222222,36,0.9411764705882353,0.2,-0.7411764705882353
f3f3a2c4-f982-4b17-95a2-78603cc62ba7,22,0.6111111111111112,36,0.2,0.9285714285714286,0.7285714285714286
f3f513b8-e283-4fc2-9e7c-9809cdac0f21,4,0.09523809523809523,42,1.0,0.0,-1.0
f3f513b8-e283-4fc2-9e7c-9809cdac0f21,7,0.16666666666666666,42,0.0,0.7333333333333333,0.7333333333333333
f3f513b8-e283-4fc2-9e7c-9809cdac0f21,22,0.5238095238095238,42,0.7333333333333333,0.0,-0.7333333333333333
f3f513b8-e283-4fc2-9e7c-9809cdac0f21,28,0.6666666666666666,42,0.0,1.0,1.0
f3f513b8-e283-4fc2-9e7c-9809cdac0f21,31,0.7380952380952381,42,1.0,0.2727272727272727,-0.7272727272727273
f414a09e-5d7e-406d-aef9-0057b52e9b48,3,0.17647058823529413,17,1.0,0.42857142857142855,-0.5714285714285714
f414a09e-5d7e-406d-aef9-0057b52e9b48,10,0.5882352941176471,17,0.42857142857142855,1.0,0.5714285714285714
f416ccea-c9bf-4625-bbdf-38577e1dc576,28,0.7777777777777778,36,0.8928571428571429,0.5,-0.3928571428571429
f42332f5-a6cf-4851-a55d-a1b4b7ee2e05,4,0.17391304347826086,23,0.25,1.0,0.75
f42332f5-a6cf-4851-a55d-a1b4b7ee2e05,9,0.391304347826087,23,1.0,0.14285714285714285,-0.8571428571428572
f42332f5-a6cf-4851-a55d-a1b4b7ee2e05,16,0.6956521739130435,23,0.14285714285714285,1.0,0.8571428571428572
f42332f5-a6cf-4851-a55d-a1b4b7ee2e05,19,0.8260869565217391,23,1.0,0.25,-0.75
f42a8440-86cf-4282-a779-cb2a0b131929,21,0.5,42,0.9047619047619048,0.4117647058823529,-0.49299719887955185
f42a8440-86cf-4282-a779-cb2a0b131929,38,0.9047619047619048,42,0.4117647058823529,1.0,0.5882352941176471
f42c28b1-9a0a-44b1-9dae-0632767b0d3a,26,0.7222222222222222,36,0.8076923076923077,0.0,-0.8076923076923077
f42c28b1-9a0a-44b1-9dae-0632767b0d3a,33,0.9166666666666666,36,0.0,1.0,1.0
f42c702d-c77e-4197-8b1d-b81cebe24fcd,11,0.24444444444444444,45,0.9090909090909091,0.4411764705882353,-0.4679144385026738
f4375cb9-96d8-446c-968c-e29cd2287a1d,11,0.4782608695652174,23,1.0,0.25,-0.75
f4416f43-5e65-434d-ada0-93093d37ae17,6,0.2608695652173913,23,0.5,1.0,0.5
f4416f43-5e65-434d-ada0-93093d37ae17,12,0.5217391304347826,23,1.0,0.0,-1.0
f4416f43-5e65-434d-ada0-93093d37ae17,15,0.6521739130434783,23,0.0,1.0,1.0
f44ac9c8-e510-425f-8e49-9eb695e6a5a7,3,0.06666666666666667,45,0.3333333333333333,0.9761904761904762,0.6428571428571428
f45d4c64-a6f6-4ffc-9e87-de790ab20b7d,5,0.2777777777777778,18,1.0,0.23076923076923078,-0.7692307692307692
f48336de-8b57-4d50-924b-0ce86802d21f,35,0.875,40,0.05714285714285714,1.0,0.9428571428571428
f4858d88-82f9-495e-9c75-6a579caa1e90,23,0.5111111111111111,45,0.9565217391304348,0.25,-0.7065217391304348
f4858d88-82f9-495e-9c75-6a579caa1e90,27,0.6,45,0.25,0.7777777777777778,0.5277777777777778
f491d172-1c4b-43f0-86b7-202b0a4eb59a,7,0.4117647058823529,17,0.42857142857142855,0.9,0.4714285714285715
f4954a9c-7e71-4fe5-a6c9-3b3ecf1965c3,6,0.13333333333333333,45,1.0,0.25,-0.75
f4954a9c-7e71-4fe5-a6c9-3b3ecf1965c3,30,0.6666666666666666,45,0.25,1.0,0.75
f4954a9c-7e71-4fe5-a6c9-3b3ecf1965c3,35,0.7777777777777778,45,1.0,0.5,-0.5
f4ba5219-1329-4648-90d2-580531f2fc8e,28,0.7,40,0.0,1.0,1.0
f4c4d3ce-8758-482a-a771-65fd9789659a,20,0.6896551724137931,29,0.65,0.1111111111111111,-0.538888888888889
f4d471f1-ba00-4d5a-be6e-42a069c3a6ed,17,0.425,40,0.5294117647058824,0.05,-0.47941176470588237
f4d471f1-ba00-4d5a-be6e-42a069c3a6ed,37,0.925,40,0.05,0.6666666666666666,0.6166666666666666
f4e12dd8-f81f-4ca6-a463-e4ed09e24b23,18,0.8181818181818182,22,0.8888888888888888,0.25,-0.6388888888888888
f4e81899-0e74-4593-ab47-f5fa014307f4,3,0.08333333333333333,36,0.0,1.0,1.0
f4e81899-0e74-4593-ab47-f5fa014307f4,6,0.16666666666666666,36,1.0,0.0,-1.0
f4e81899-0e74-4593-ab47-f5fa014307f4,11,0.3055555555555556,36,0.0,0.8,0.8
f4e81899-0e74-4593-ab47-f5fa014307f4,16,0.4444444444444444,36,0.8,0.0,-0.8
f4e81899-0e74-4593-ab47-f5fa014307f4,19,0.5277777777777778,36,0.0,0.8571428571428571,0.8571428571428571
f4e81899-0e74-4593-ab47-f5fa014307f4,26,0.7222222222222222,36,0.8571428571428571,0.3,-0.5571428571428572
f4e84469-a2f2-439f-85ab-b01a4c812fb3,7,0.3888888888888889,18,0.5714285714285714,0.0,-0.5714285714285714
f4e84469-a2f2-439f-85ab-b01a4c812fb3,15,0.8333333333333334,18,0.0,0.6666666666666666,0.6666666666666666
f4eaa44a-9b36-402d-a5c1-aeae863cadd9,12,0.2608695652173913,46,0.6666666666666666,0.0,-0.6666666666666666
f4eaa44a-9b36-402d-a5c1-aeae863cadd9,15,0.32608695652173914,46,0.0,0.7692307692307693,0.7692307692307693
f4eaa44a-9b36-402d-a5c1-aeae863cadd9,41,0.8913043478260869,46,0.7692307692307693,0.2,-0.5692307692307692
f4ecf7d4-6591-4bd8-869a-c709dde28106,22,0.5238095238095238,42,0.9545454545454546,0.3,-0.6545454545454545
f4ef367d-617f-4edf-8b06-83ceaff9dd6d,4,0.18181818181818182,22,1.0,0.2857142857142857,-0.7142857142857143
f4ef367d-617f-4edf-8b06-83ceaff9dd6d,11,0.5,22,0.2857142857142857,0.875,0.5892857142857143
f4ef367d-617f-4edf-8b06-83ceaff9dd6d,19,0.8636363636363636,22,0.875,0.3333333333333333,-0.5416666666666667
f4f49038-cb24-4a5d-80ed-694ee2af1d06,10,0.5555555555555556,18,0.4,1.0,0.6
f4f49038-cb24-4a5d-80ed-694ee2af1d06,14,0.7777777777777778,18,1.0,0.0,-1.0
f516716e-1e4c-4276-bd89-32bae50f2772,34,0.8947368421052632,38,1.0,0.5,-0.5
f51e4301-d84a-4b96-97a1-fd6593b3263c,25,0.6578947368421053,38,0.84,0.0,-0.84
f51e4301-d84a-4b96-97a1-fd6593b3263c,32,0.8421052631578947,38,0.0,0.6666666666666666,0.6666666666666666
f5353025-aa79-45b9-95f0-182961a8dcce,18,0.6428571428571429,28,0.8888888888888888,0.3,-0.5888888888888888
f537eebf-2547-440b-abcf-e84bad0ab5a1,7,0.30434782608695654,23,0.8571428571428571,0.375,-0.4821428571428571
f53845d9-dfba-4944-82ab-125c44293c4f,14,0.2916666666666667,48,0.8571428571428571,0.0,-0.8571428571428571
f53845d9-dfba-4944-82ab-125c44293c4f,18,0.375,48,0.0,0.7777777777777778,0.7777777777777778
f53845d9-dfba-4944-82ab-125c44293c4f,27,0.5625,48,0.7777777777777778,0.0,-0.7777777777777778
f53845d9-dfba-4944-82ab-125c44293c4f,31,0.6458333333333334,48,0.0,0.5882352941176471,0.5882352941176471
f53b36c0-dffb-4c74-8a29-c690a6adfb81,16,0.35555555555555557,45,0.8125,0.41379310344827586,-0.39870689655172414
f5624b00-f117-4df7-a4ce-1b53f252773f,3,0.17647058823529413,17,0.6666666666666666,0.0,-0.6666666666666666
f56f7862-fefb-48a5-b587-f641da0558c6,13,0.7222222222222222,18,0.9230769230769231,0.2,-0.7230769230769232
f575ba40-f63b-4620-896c-2df309b97a8a,3,0.13636363636363635,22,0.6666666666666666,0.10526315789473684,-0.5614035087719298
f58b08af-6d96-43b4-aa8f-b1b9c6345e16,12,0.41379310344827586,29,0.4166666666666667,1.0,0.5833333333333333
f58b08af-6d96-43b4-aa8f-b1b9c6345e16,15,0.5172413793103449,29,1.0,0.21428571428571427,-0.7857142857142857
f599a8e2-711f-4724-bb07-9f0f886e0f81,34,0.85,40,0.0,0.6666666666666666,0.6666666666666666
f5a526d1-2721-4004-8190-d53d821a2ef1,4,0.16666666666666666,24,0.5,0.95,0.44999999999999996
f5b7e251-6034-4ca4-99d1-5bad7888b19a,26,0.52,50,0.0,0.5,0.5
f5c16eb9-e39e-427d-881a-758758411a7f,14,0.28,50,0.9285714285714286,0.0,-0.9285714285714286
f5c16eb9-e39e-427d-881a-758758411a7f,18,0.36,50,0.0,0.53125,0.53125
f5cd8fa2-42e6-483b-9027-5a17fa02bc11,9,0.1956521739130435,46,0.7777777777777778,0.0,-0.7777777777777778
f5cd8fa2-42e6-483b-9027-5a17fa02bc11,12,0.2608695652173913,46,0.0,0.875,0.875
f5cd8fa2-42e6-483b-9027-5a17fa02bc11,28,0.6086956521739131,46,0.875,0.0,-0.875
f5cd8fa2-42e6-483b-9027-5a17fa02bc11,31,0.6739130434782609,46,0.0,0.8666666666666667,0.8666666666666667
f5cfdb52-fb31-4b1b-b8e4-5c656360750d,30,0.7142857142857143,42,0.26666666666666666,1.0,0.7333333333333334
f5cfdb52-fb31-4b1b-b8e4-5c656360750d,33,0.7857142857142857,42,1.0,0.1111111111111111,-0.8888888888888888
f5d15319-a007-4a94-aa20-0725b1ad8883,39,0.8478260869565217,46,0.8717948717948718,0.42857142857142855,-0.44322344322344326
f5d23f34-0842-40a4-ba8d-4be8a6d8f4b4,5,0.2777777777777778,18,0.2,0.6923076923076923,0.4923076923076923
f5d54e88-b19c-4324-a622-d9b8d395334c,30,0.75,40,0.9666666666666667,0.4,-0.5666666666666667
f5d54e88-b19c-4324-a622-d9b8d395334c,35,0.875,40,0.4,1.0,0.6
f5ee7b64-6570-4780-a56c-6648d6fd0e3c,24,0.631578947368421,38,0.9583333333333334,0.25,-0.7083333333333334
f5ee7b64-6570-4780-a56c-6648d6fd0e3c,28,0.7368421052631579,38,0.25,0.9,0.65
f5fa0e59-d72e-43eb-901c-5809e3a4aa48,36,0.8181818181818182,44,0.3611111111111111,1.0,0.6388888888888888
f5fa0e59-d72e-43eb-901c-5809e3a4aa48,41,0.9318181818181818,44,1.0,0.0,-1.0
f60ca6b4-2dee-43ed-a30c-dad1e1d44f0e,21,0.5,42,0.9047619047619048,0.2857142857142857,-0.6190476190476191
f6223dd8-ba7b-4828-91c3-7449da762a46,30,0.75,40,0.0,0.8,0.8
f622d68c-684b-440e-b99c-0b2be74a1740,29,0.725,40,0.1724137931034483,0.6363636363636364,0.46394984326018807
f6276766-30fb-4c47-8452-5d042e7c33dc,8,0.34782608695652173,23,0.25,0.75,0.5
f6276766-30fb-4c47-8452-5d042e7c33dc,20,0.8695652173913043,23,0.75,0.0,-0.75
f62e56cf-e07c-4aea-9dae-fdc8cc081965,16,0.32,50,1.0,0.6428571428571429,-0.3571428571428571
f62e56cf-e07c-4aea-9dae-fdc8cc081965,44,0.88,50,0.6428571428571429,0.0,-0.6428571428571429
f636bfc3-5916-48e4-926c-8e2deae6d3bf,12,0.7058823529411765,17,1.0,0.6,-0.4
f63d23ff-1bb1-489e-89f5-f03b5d3a999f,25,0.625,40,0.92,0.6,-0.32000000000000006
f642ac8c-b1e5-4dcf-9243-7fd027b2261d,8,0.2,40,0.25,1.0,0.75
f642ac8c-b1e5-4dcf-9243-7fd027b2261d,12,0.3,40,1.0,0.14285714285714285,-0.8571428571428572
f65ff744-c27c-464f-a271-ab3b07d332cd,11,0.2619047619047619,42,1.0,0.25,-0.75
f65ff744-c27c-464f-a271-ab3b07d332cd,15,0.35714285714285715,42,0.25,1.0,0.75
f65ff744-c27c-464f-a271-ab3b07d332cd,28,0.6666666666666666,42,1.0,0.4,-0.6
f65ff744-c27c-464f-a271-ab3b07d332cd,33,0.7857142857142857,42,0.4,1.0,0.6
f66d4e2f-3886-4c78-8aaf-58b291e8c400,25,0.625,40,0.88,0.2857142857142857,-0.5942857142857143
f66d4e2f-3886-4c78-8aaf-58b291e8c400,32,0.8,40,0.2857142857142857,0.875,0.5892857142857143
f68a3936-6b61-4a40-92cd-0182a8dba7bd,8,0.34782608695652173,23,1.0,0.0,-1.0
f68a3936-6b61-4a40-92cd-0182a8dba7bd,13,0.5652173913043478,23,0.0,1.0,1.0
f68a3936-6b61-4a40-92cd-0182a8dba7bd,16,0.6956521739130435,23,1.0,0.0,-1.0
f68a3936-6b61-4a40-92cd-0182a8dba7bd,19,0.8260869565217391,23,0.0,0.75,0.75
f69a5e3f-bfda-4abf-9b18-57c3b07c70f0,9,0.2,45,1.0,0.25,-0.75
f69a5e3f-bfda-4abf-9b18-57c3b07c70f0,13,0.28888888888888886,45,0.25,0.95,0.7
f69a5e3f-bfda-4abf-9b18-57c3b07c70f0,33,0.7333333333333333,45,0.95,0.25,-0.7
f69a5e3f-bfda-4abf-9b18-57c3b07c70f0,37,0.8222222222222222,45,0.25,1.0,0.75
f69b5656-9df4-4e6c-b4d2-c50f75e1d61e,17,0.7391304347826086,23,0.8823529411764706,0.5,-0.38235294117647056
f6ad6e17-9ab7-49bf-84e6-6b629c7ef738,12,0.24,50,0.25,0.7878787878787878,0.5378787878787878
f6ad6e17-9ab7-49bf-84e6-6b629c7ef738,45,0.9,50,0.7878787878787878,0.2,-0.5878787878787879
f6b8cc80-54ec-424e-845e-5d49ba205998,14,0.5,28,0.9285714285714286,0.5,-0.4285714285714286
f6b8f71e-6225-4633-ac5a-88899237b331,5,0.2777777777777778,18,1.0,0.375,-0.625
f6b8f71e-6225-4633-ac5a-88899237b331,13,0.7222222222222222,18,0.375,1.0,0.625
f6db1cdb-9b4f-4a8b-8723-8d6ab76b9e86,15,0.6818181818181818,22,0.8666666666666667,0.2857142857142857,-0.580952380952381
f6dfc66c-fe0b-400b-bd4d-b8bb9b35b409,5,0.1724137931034483,29,1.0,0.125,-0.875
f6e501f9-445c-47df-9720-33ece89e9f9b,14,0.8235294117647058,17,0.14285714285714285,0.6666666666666666,0.5238095238095237
f7075414-f101-48a9-9300-aef4ec009545,8,0.3333333333333333,24,0.625,1.0,0.375
f70bb3c9-d877-4cc7-9025-c9e84878245c,27,0.7105263157894737,38,0.5925925925925926,0.9090909090909091,0.3164983164983165
f70e2ec6-fe8b-4cee-96b4-6e6617038f5a,8,0.4444444444444444,18,0.875,0.1,-0.775
f7112876-ba6d-423e-b2eb-d4c17d6eb80d,5,0.2777777777777778,18,0.0,1.0,1.0
f7112876-ba6d-423e-b2eb-d4c17d6eb80d,12,0.6666666666666666,18,1.0,0.5,-0.5
f71b00d9-ce18-4c21-93eb-18f56635c9c2,12,0.26666666666666666,45,0.3333333333333333,1.0,0.6666666666666667
f71b00d9-ce18-4c21-93eb-18f56635c9c2,16,0.35555555555555557,45,1.0,0.20689655172413793,-0.7931034482758621
f71fa864-0d2b-4798-b780-57afae91a117,45,0.9,50,0.9333333333333333,0.0,-0.9333333333333333
f72c5517-e084-46c4-957b-0f5531f2ba98,23,0.575,40,0.782608695652174,0.14285714285714285,-0.639751552795031
f72c5517-e084-46c4-957b-0f5531f2ba98,30,0.75,40,0.14285714285714285,0.8,0.6571428571428573
f7337a70-1467-43cb-be4f-89113def423c,18,0.8181818181818182,22,0.05555555555555555,0.75,0.6944444444444444
f738552c-5389-4475-9056-5bd27552e4f0,35,0.7608695652173914,46,0.7428571428571429,0.0,-0.7428571428571429
f738552c-5389-4475-9056-5bd27552e4f0,38,0.8260869565217391,46,0.0,0.75,0.75
f759af63-6653-477b-aa3e-50aa514d521d,34,0.68,50,0.7058823529411765,1.0,0.2941176470588235
f77efa0f-3aac-4d55-a1e8-feedfe8b139e,9,0.25,36,1.0,0.25,-0.75
f77efa0f-3aac-4d55-a1e8-feedfe8b139e,13,0.3611111111111111,36,0.25,1.0,0.75
f77efa0f-3aac-4d55-a1e8-feedfe8b139e,21,0.5833333333333334,36,1.0,0.3333333333333333,-0.6666666666666667
f77efa0f-3aac-4d55-a1e8-feedfe8b139e,27,0.75,36,0.3333333333333333,0.8888888888888888,0.5555555555555556
f79d4ae5-51b3-4646-bf0c-97ecae48acfb,28,0.7,40,0.8928571428571429,0.25,-0.6428571428571429
f7a5b6ab-6958-4e71-bb05-3c201e87e084,4,0.2222222222222222,18,0.75,0.0,-0.75
f7a5b6ab-6958-4e71-bb05-3c201e87e084,8,0.4444444444444444,18,0.0,0.6,0.6
f7a9d75a-fe49-49ee-8223-0ed06a741eda,10,0.23809523809523808,42,0.5,0.0,-0.5
f7a9d75a-fe49-49ee-8223-0ed06a741eda,16,0.38095238095238093,42,0.0,1.0,1.0
f7a9d75a-fe49-49ee-8223-0ed06a741eda,19,0.4523809523809524,42,1.0,0.1,-0.9
f7a9d75a-fe49-49ee-8223-0ed06a741eda,29,0.6904761904761905,42,0.1,1.0,0.9
f7a9d75a-fe49-49ee-8223-0ed06a741eda,33,0.7857142857142857,42,1.0,0.3333333333333333,-0.6666666666666667
f7e7b8a0-1fcd-4c97-a2ba-c94be6abbeb4,11,0.3793103448275862,29,0.5454545454545454,0.9444444444444444,0.398989898989899
f7ed4001-647d-4263-8cdc-b9e3552abeaa,12,0.24,50,0.9166666666666666,0.0,-0.9166666666666666
f7ed4001-647d-4263-8cdc-b9e3552abeaa,15,0.3,50,0.0,0.8125,0.8125
f7ed4001-647d-4263-8cdc-b9e3552abeaa,31,0.62,50,0.8125,0.0,-0.8125
f7ed4001-647d-4263-8cdc-b9e3552abeaa,37,0.74,50,0.0,0.9230769230769231,0.9230769230769231
f7f486da-e3fd-4223-9c0f-eb1dfe946eb0,38,0.8444444444444444,45,0.868421052631579,0.42857142857142855,-0.43984962406015043
f7f8e285-040e-4e73-bb2e-cb01e7321baf,43,0.86,50,0.3023255813953488,1.0,0.6976744186046512
f7f8e285-040e-4e73-bb2e-cb01e7321baf,47,0.94,50,1.0,0.0,-1.0
f818c348-76ea-4e01-b511-68168e4803fa,20,0.8695652173913043,23,0.7,0.0,-0.7
f827cabc-91ff-41d9-8f8b-7944481d1ada,3,0.16666666666666666,18,0.6666666666666666,0.0,-0.6666666666666666
f830b550-d97c-4dc3-80bb-4ad0e55cbd98,29,0.8055555555555556,36,0.8620689655172413,0.0,-0.8620689655172413
f83b4489-e006-4cf9-85fd-5e9b3ac8122e,16,0.38095238095238093,42,0.5625,0.23076923076923078,-0.3317307692307692
f83c390e-14c9-4cb4-95b7-aed9ca2727e5,8,0.1951219512195122,41,0.875,0.48484848484848486,-0.39015151515151514
f852685a-f298-4a14-97cd-b49f15e3b1fd,8,0.36363636363636365,22,0.875,0.3333333333333333,-0.5416666666666667
f852685a-f298-4a14-97cd-b49f15e3b1fd,14,0.6363636363636364,22,0.3333333333333333,0.875,0.5416666666666667
f86b5b22-496c-45e4-afb9-578feb1d9727,31,0.775,40,0.967741935483871,0.5555555555555556,-0.4121863799283154
f87a76b9-9642-486e-8a77-c3edf659dc6a,10,0.35714285714285715,28,0.9,0.1111111111111111,-0.788888888888889
f87a76b9-9642-486e-8a77-c3edf659dc6a,19,0.6785714285714286,28,0.1111111111111111,0.7777777777777778,0.6666666666666667
f87fed4f-19f9-434a-8a25-fef9aa25de62,30,0.6,50,0.7,0.0,-0.7
f87fed4f-19f9-434a-8a25-fef9aa25de62,36,0.72,50,0.0,0.42857142857142855,0.42857142857142855
f8858d4c-501a-4cb4-93cd-8a486b8a39c9,10,0.2631578947368421,38,1.0,0.2857142857142857,-0.7142857142857143
f8858d4c-501a-4cb4-93cd-8a486b8a39c9,17,0.4473684210526316,38,0.2857142857142857,1.0,0.7142857142857143
f8858d4c-501a-4cb4-93cd-8a486b8a39c9,20,0.5263157894736842,38,1.0,0.1,-0.9
f8858d4c-501a-4cb4-93cd-8a486b8a39c9,30,0.7894736842105263,38,0.1,0.625,0.525
f892ca00-d467-452a-b0db-351838b5b23f,3,0.06666666666666667,45,1.0,0.1111111111111111,-0.8888888888888888
f892ca00-d467-452a-b0db-351838b5b23f,12,0.26666666666666666,45,0.1111111111111111,0.6666666666666666,0.5555555555555556
f89c9b28-87d3-4568-918d-101a80ecbb9c,17,0.7391304347826086,23,0.9411764705882353,0.5,-0.4411764705882353
f8a772f7-3fb8-44d7-90e3-b3b969c7e5a1,7,0.2916666666666667,24,0.8571428571428571,0.25,-0.6071428571428571
f8a772f7-3fb8-44d7-90e3-b3b969c7e5a1,15,0.625,24,0.25,1.0,0.75
f8ad57be-1121-472e-b7f9-9d73691c3fd2,8,0.2222222222222222,36,1.0,0.3333333333333333,-0.6666666666666667
f8ad57be-1121-472e-b7f9-9d73691c3fd2,14,0.3888888888888889,36,0.3333333333333333,0.9375,0.6041666666666667
f8ad57be-1121-472e-b7f9-9d73691c3fd2,30,0.8333333333333334,36,0.9375,0.16666666666666666,-0.7708333333333334
f8bd422f-a02e-416f-8ac4-fcb83a5c2961,5,0.2777777777777778,18,1.0,0.3333333333333333,-0.6666666666666667
f8bd422f-a02e-416f-8ac4-fcb83a5c2961,8,0.4444444444444444,18,0.3333333333333333,1.0,0.6666666666666667
f8dcbb4c-db8b-4f39-a8fd-9f8b74ef53e6,20,0.6896551724137931,29,1.0,0.5555555555555556,-0.4444444444444444
f90f6169-4a76-4a61-91c3-38615ea82804,15,0.4166666666666667,36,1.0,0.3333333333333333,-0.6666666666666667
f90f6169-4a76-4a61-91c3-38615ea82804,30,0.8333333333333334,36,0.3333333333333333,1.0,0.6666666666666667
f90f6169-4a76-4a61-91c3-38615ea82804,33,0.9166666666666666,36,1.0,0.0,-1.0
f918e86a-170f-44de-9121-63c18bbd63d3,17,0.3695652173913043,46,0.7647058823529411,0.0,-0.7647058823529411
f918e86a-170f-44de-9121-63c18bbd63d3,20,0.43478260869565216,46,0.0,0.7692307692307693,0.7692307692307693
f91e7f9c-3d06-4f90-b21f-39331df73bdf,15,0.8333333333333334,18,0.5333333333333333,0.0,-0.5333333333333333
f93780aa-9180-4196-8d58-b1170cf669a8,15,0.4166666666666667,36,0.8666666666666667,0.0,-0.8666666666666667
f93780aa-9180-4196-8d58-b1170cf669a8,18,0.5,36,0.0,0.9444444444444444,0.9444444444444444
f946a7be-d43b-4531-906b-50c21e5ddbb9,32,0.7111111111111111,45,0.3125,0.9230769230769231,0.6105769230769231
f958457c-c1ea-4c4c-b0ad-3196e9b1189e,10,0.2222222222222222,45,1.0,0.6571428571428571,-0.34285714285714286
f96c5642-929b-47c2-a4f2-ba838b0e4d53,3,0.06,50,1.0,0.0,-1.0
f96c5642-929b-47c2-a4f2-ba838b0e4d53,6,0.12,50,0.0,0.717948717948718,0.717948717948718
f96c5642-929b-47c2-a4f2-ba838b0e4d53,45,0.9,50,0.717948717948718,0.2,-0.5179487179487179
f98075a7-95a1-4278-b244-6b3090ae7de6,5,0.29411764705882354,17,1.0,0.4,-0.6
f98075a7-95a1-4278-b244-6b3090ae7de6,10,0.5882352941176471,17,0.4,1.0,0.6
f9845c40-7da2-4747-9aa1-42786155cc81,9,0.25,36,0.8888888888888888,0.25,-0.6388888888888888
f9845c40-7da2-4747-9aa1-42786155cc81,13,0.3611111111111111,36,0.25,0.9,0.65
f9845c40-7da2-4747-9aa1-42786155cc81,33,0.9166666666666666,36,0.9,0.3333333333333333,-0.5666666666666667
f9a4f586-9361-4f69-999a-153c34b66bc2,4,0.18181818181818182,22,1.0,0.0,-1.0
f9a4f586-9361-4f69-999a-153c34b66bc2,10,0.45454545454545453,22,0.0,0.75,0.75
f9a4f586-9361-4f69-999a-153c34b66bc2,14,0.6363636363636364,22,0.75,0.25,-0.5
f9a999aa-68d9-4efa-80b3-e9fd21834b81,11,0.4782608695652174,23,1.0,0.0,-1.0
f9a999aa-68d9-4efa-80b3-e9fd21834b81,17,0.7391304347826086,23,0.0,1.0,1.0
f9ac79d0-d79f-420d-b1e6-94fe454de139,9,0.2,45,0.2222222222222222,0.9444444444444444,0.7222222222222222
f9b01c96-a5e6-474b-89f8-8908116ec099,6,0.35294117647058826,17,0.3333333333333333,0.7272727272727273,0.393939393939394
f9b80a94-7966-4adc-a89c-42a7133cb6f7,4,0.08,50,0.75,0.08823529411764706,-0.6617647058823529
f9b80a94-7966-4adc-a89c-42a7133cb6f7,38,0.76,50,0.08823529411764706,0.8,0.711764705882353
f9b80a94-7966-4adc-a89c-42a7133cb6f7,43,0.86,50,0.8,0.14285714285714285,-0.6571428571428573
f9c446a8-75c1-4a09-8cea-1a1e946b812c,17,0.5862068965517241,29,1.0,0.6666666666666666,-0.33333333333333337
f9ce0824-57b9-480e-9d99-14843ab4f4fb,34,0.7391304347826086,46,0.9411764705882353,0.5,-0.4411764705882353
f9ce0824-57b9-480e-9d99-14843ab4f4fb,40,0.8695652173913043,46,0.5,0.0,-0.5
f9daf4e0-78bb-416e-b60d-e546b8873c4a,8,0.4444444444444444,18,1.0,0.6,-0.4
f9de6fc3-579e-4083-bb29-7b957985036e,13,0.7647058823529411,17,0.7692307692307693,0.25,-0.5192307692307693
f9df86ab-cc8b-44d4-b970-4ba73075971d,7,0.19444444444444445,36,0.5714285714285714,0.13793103448275862,-0.4334975369458128
f9e23f40-e57e-404a-a9af-1f7e28f0245d,20,0.47619047619047616,42,1.0,0.6363636363636364,-0.36363636363636365
f9f88e4f-1cb9-4c0c-b52e-4c784cbc5dac,3,0.06666666666666667,45,0.3333333333333333,0.8571428571428571,0.5238095238095237
f9f9a17c-026d-41d3-94ad-a5fbcbe2dc19,19,0.5277777777777778,36,1.0,0.6470588235294118,-0.3529411764705882
f9fefaaf-f880-4070-b503-4fd682910bef,8,0.2222222222222222,36,0.875,0.3333333333333333,-0.5416666666666667
f9fefaaf-f880-4070-b503-4fd682910bef,20,0.5555555555555556,36,0.3333333333333333,0.8125,0.4791666666666667
fa06c784-4f6b-477d-98c5-017167cbe94a,16,0.5517241379310345,29,0.625,0.23076923076923078,-0.3942307692307692
fa338cfe-06a6-4bd2-aa39-5e62709e6e5f,5,0.2777777777777778,18,0.0,0.9,0.9
fa338cfe-06a6-4bd2-aa39-5e62709e6e5f,15,0.8333333333333334,18,0.9,0.3333333333333333,-0.5666666666666667
fa350fff-fa4c-435e-bf2b-c90bea2e3297,13,0.7647058823529411,17,0.9230769230769231,0.25,-0.6730769230769231
fa465c2f-0dd1-4cc4-9994-8258d1f1c970,3,0.07894736842105263,38,0.3333333333333333,0.8857142857142857,0.5523809523809524
fa6b189b-6c0c-486e-9c6d-470a8f0f479c,18,0.4090909090909091,44,0.7777777777777778,0.0,-0.7777777777777778
fa6b189b-6c0c-486e-9c6d-470a8f0f479c,21,0.4772727272727273,44,0.0,1.0,1.0
fa6b189b-6c0c-486e-9c6d-470a8f0f479c,25,0.5681818181818182,44,1.0,0.15384615384615385,-0.8461538461538461
fa6b189b-6c0c-486e-9c6d-470a8f0f479c,38,0.8636363636363636,44,0.15384615384615385,1.0,0.8461538461538461
fa6b189b-6c0c-486e-9c6d-470a8f0f479c,41,0.9318181818181818,44,1.0,0.0,-1.0
fa7be3d8-9fbe-4193-aed9-1ad8b0dc86d2,22,0.7586206896551724,29,1.0,0.42857142857142855,-0.5714285714285714
fa875f5c-7f98-41c0-8e5a-33c50844aa50,21,0.7241379310344828,29,0.9047619047619048,0.25,-0.6547619047619048
fa8cee85-6d5c-4d63-8d67-06702a503d92,11,0.5,22,1.0,0.42857142857142855,-0.5714285714285714
fa8cee85-6d5c-4d63-8d67-06702a503d92,18,0.8181818181818182,22,0.42857142857142855,1.0,0.5714285714285714
fa9ced28-c030-4cad-8916-4c40d06c1a25,18,0.36,50,0.7777777777777778,0.2222222222222222,-0.5555555555555556
fa9ced28-c030-4cad-8916-4c40d06c1a25,27,0.54,50,0.2222222222222222,1.0,0.7777777777777778
fa9ced28-c030-4cad-8916-4c40d06c1a25,31,0.62,50,1.0,0.0,-1.0
fa9ced28-c030-4cad-8916-4c40d06c1a25,36,0.72,50,0.0,0.7142857142857143,0.7142857142857143
faaf17b3-f60c-4ecb-bd7c-8ca06aa5e056,14,0.35,40,0.9285714285714286,0.0,-0.9285714285714286
faaf17b3-f60c-4ecb-bd7c-8ca06aa5e056,17,0.425,40,0.0,0.8695652173913043,0.8695652173913043
fabba6bf-1b3d-4373-9eba-01257f979524,20,0.7142857142857143,28,0.8,0.125,-0.675
fb141efe-20db-46ef-8f2d-6c203f74cd6a,7,0.175,40,0.0,1.0,1.0
fb141efe-20db-46ef-8f2d-6c203f74cd6a,10,0.25,40,1.0,0.26666666666666666,-0.7333333333333334
fb19111f-a16e-4700-8100-97433b2b23c6,5,0.1724137931034483,29,0.8,0.0,-0.8
fb19111f-a16e-4700-8100-97433b2b23c6,8,0.27586206896551724,29,0.0,0.7619047619047619,0.7619047619047619
fb36175e-f02f-4980-93be-5c0a2e8133d7,10,0.43478260869565216,23,0.7,0.0,-0.7
fb36175e-f02f-4980-93be-5c0a2e8133d7,13,0.5652173913043478,23,0.0,0.8,0.8
fb4bc91b-b0b2-45e2-8c0a-98c7be59fa16,9,0.25,36,0.8888888888888888,0.0,-0.8888888888888888
fb4bc91b-b0b2-45e2-8c0a-98c7be59fa16,12,0.3333333333333333,36,0.0,0.75,0.75
fb4d7678-daa1-4743-89b9-ec61bf4fde34,9,0.4090909090909091,22,1.0,0.3076923076923077,-0.6923076923076923
fb52e53d-fa72-4383-a89e-313f4af22c24,9,0.25,36,0.8888888888888888,0.2222222222222222,-0.6666666666666666
fb52e53d-fa72-4383-a89e-313f4af22c24,18,0.5,36,0.2222222222222222,0.8333333333333334,0.6111111111111112
fb71967b-2db5-4fa4-93b5-16bec8ccae28,9,0.18,50,0.0,1.0,1.0
fb71967b-2db5-4fa4-93b5-16bec8ccae28,12,0.24,50,1.0,0.2631578947368421,-0.736842105263158
fb791a13-cffb-4933-aca7-7c486649fbc0,19,0.8636363636363636,22,0.9473684210526315,0.3333333333333333,-0.6140350877192982
fb83fd34-c62d-4503-9b55-83424a631228,7,0.2413793103448276,29,0.8571428571428571,0.3181818181818182,-0.5389610389610389
fb91c682-19e3-4bf7-b1b2-97342c8dd1b0,23,0.46,50,0.13043478260869565,0.8518518518518519,0.7214170692431562
fb9da6d1-dd22-4a5b-a31c-5ae109421cc8,20,0.5,40,0.8,0.23076923076923078,-0.5692307692307692
fb9da6d1-dd22-4a5b-a31c-5ae109421cc8,33,0.825,40,0.23076923076923078,0.7142857142857143,0.4835164835164835
fba4f923-2b9a-48fa-82d6-9a0d73a7e1e4,11,0.3055555555555556,36,0.9090909090909091,0.32,-0.5890909090909091
fbb92422-04b0-40fc-9f37-5ef02d299b94,9,0.375,24,1.0,0.3333333333333333,-0.6666666666666667
fbc48f57-18ac-43b9-97d9-1be337c692a3,11,0.3793103448275862,29,1.0,0.42857142857142855,-0.5714285714285714
fbc48f57-18ac-43b9-97d9-1be337c692a3,18,0.6206896551724138,29,0.42857142857142855,0.0,-0.42857142857142855
fbc9b60e-855b-41b5-870a-416bd3b6ff32,14,0.5833333333333334,24,1.0,0.4,-0.6
fbe96d4f-8811-4b22-837b-a0c0cf564e04,10,0.25,40,1.0,0.0,-1.0
fbe96d4f-8811-4b22-837b-a0c0cf564e04,13,0.325,40,0.0,1.0,1.0
fbe96d4f-8811-4b22-837b-a0c0cf564e04,18,0.45,40,1.0,0.5,-0.5
fc04b5a1-8004-482f-919f-2e16eec851f0,12,0.3157894736842105,38,0.5,1.0,0.5
fc04b5a1-8004-482f-919f-2e16eec851f0,19,0.5,38,1.0,0.3684210526315789,-0.631578947368421
fc22b058-2ce4-4cf7-9a3a-26b40a92f2e3,23,0.5,46,0.782608695652174,0.0,-0.782608695652174
fc22b058-2ce4-4cf7-9a3a-26b40a92f2e3,28,0.6086956521739131,46,0.0,0.7142857142857143,0.7142857142857143
fc22b058-2ce4-4cf7-9a3a-26b40a92f2e3,35,0.7608695652173914,46,0.7142857142857143,0.0,-0.7142857142857143
fc22b058-2ce4-4cf7-9a3a-26b40a92f2e3,39,0.8478260869565217,46,0.0,1.0,1.0
fc2fbb33-7c42-480b-86b8-d150863dd12b,11,0.3055555555555556,36,0.7272727272727273,0.0,-0.7272727272727273
fc2fbb33-7c42-480b-86b8-d150863dd12b,14,0.3888888888888889,36,0.0,1.0,1.0
fc2fbb33-7c42-480b-86b8-d150863dd12b,23,0.6388888888888888,36,1.0,0.2,-0.8
fc2fbb33-7c42-480b-86b8-d150863dd12b,28,0.7777777777777778,36,0.2,0.75,0.55
fc3ffc90-95fb-4659-95a7-f555e6fb1b6a,14,0.6086956521739131,23,0.0,0.6666666666666666,0.6666666666666666
fc422cf4-424a-49e1-a81f-7a444cac01ea,20,0.6896551724137931,29,0.8,0.0,-0.8
fc422cf4-424a-49e1-a81f-7a444cac01ea,26,0.896551724137931,29,0.0,0.6666666666666666,0.6666666666666666
fc4dcead-5e5b-4d38-86d1-3c77f0ae0416,3,0.06521739130434782,46,0.3333333333333333,0.9090909090909091,0.5757575757575757
fc4dcead-5e5b-4d38-86d1-3c77f0ae0416,14,0.30434782608695654,46,0.9090909090909091,0.25,-0.6590909090909091
fc4dcead-5e5b-4d38-86d1-3c77f0ae0416,18,0.391304347826087,46,0.25,0.8928571428571429,0.6428571428571429
fc4f7f07-1f9a-4d95-a8e9-4c07b93222ec,3,0.10344827586206896,29,1.0,0.125,-0.875
fc4f7f07-1f9a-4d95-a8e9-4c07b93222ec,11,0.3793103448275862,29,0.125,0.8,0.675
fc4f7f07-1f9a-4d95-a8e9-4c07b93222ec,16,0.5517241379310345,29,0.8,0.07692307692307693,-0.7230769230769232
fc505a58-7d02-4cd9-884b-7de8fd69114a,3,0.075,40,0.0,0.5675675675675675,0.5675675675675675
fc548d29-eca5-431f-ad0b-979148ba9312,21,0.5,42,1.0,0.3,-0.7
fc548d29-eca5-431f-ad0b-979148ba9312,31,0.7380952380952381,42,0.3,1.0,0.7
fc548d29-eca5-431f-ad0b-979148ba9312,35,0.8333333333333334,42,1.0,0.0,-1.0
fc548d29-eca5-431f-ad0b-979148ba9312,38,0.9047619047619048,42,0.0,0.75,0.75
fc61861e-0017-4adb-bba5-e62dcd7b362e,4,0.08,50,1.0,0.0,-1.0
fc61861e-0017-4adb-bba5-e62dcd7b362e,7,0.14,50,0.0,0.675,0.675
fc61861e-0017-4adb-bba5-e62dcd7b362e,47,0.94,50,0.675,0.0,-0.675
fc76ec25-cee9-4b3c-a006-ac7316565ae0,6,0.35294117647058826,17,0.16666666666666666,0.6363636363636364,0.4696969696969697
fc79dc82-b819-4c91-af8c-dd56d8a1f35c,27,0.5869565217391305,46,0.8888888888888888,0.0,-0.8888888888888888
fc79dc82-b819-4c91-af8c-dd56d8a1f35c,32,0.6956521739130435,46,0.0,0.7857142857142857,0.7857142857142857
fc8961d1-3423-4c47-8474-b2a11d21bd55,11,0.24444444444444444,45,0.2727272727272727,1.0,0.7272727272727273
fc8961d1-3423-4c47-8474-b2a11d21bd55,17,0.37777777777777777,45,1.0,0.3333333333333333,-0.6666666666666667
fc8961d1-3423-4c47-8474-b2a11d21bd55,23,0.5111111111111111,45,0.3333333333333333,1.0,0.6666666666666667
fc8961d1-3423-4c47-8474-b2a11d21bd55,28,0.6222222222222222,45,1.0,0.058823529411764705,-0.9411764705882353
fc9d2679-71af-4eb7-a94e-00d9942003cb,4,0.2222222222222222,18,1.0,0.25,-0.75
fc9d2679-71af-4eb7-a94e-00d9942003cb,8,0.4444444444444444,18,0.25,0.8,0.55
fca444ba-2893-46e5-84ec-d9ac7c1d1e80,3,0.10344827586206896,29,0.3333333333333333,1.0,0.6666666666666667
fca444ba-2893-46e5-84ec-d9ac7c1d1e80,12,0.41379310344827586,29,1.0,0.47058823529411764,-0.5294117647058824
fcb16735-3ba8-4024-a370-80b52bdafba9,6,0.2727272727272727,22,0.6666666666666666,0.0,-0.6666666666666666
fcb16735-3ba8-4024-a370-80b52bdafba9,14,0.6363636363636364,22,0.0,0.5,0.5
fcbb72ba-a8b9-4cad-8984-110764781b1a,5,0.2777777777777778,18,0.8,0.0,-0.8
fcbb72ba-a8b9-4cad-8984-110764781b1a,9,0.5,18,0.0,0.5555555555555556,0.5555555555555556
fcde27b9-2204-4080-8ab9-07b7ed50f86a,12,0.7058823529411765,17,1.0,0.6,-0.4
fd04a299-967c-41c3-bd99-5fd08601d9a3,13,0.7222222222222222,18,0.7692307692307693,0.0,-0.7692307692307693
fd0d8aad-d6f0-460f-981c-8e6f1a93c32c,6,0.2727272727272727,22,1.0,0.625,-0.375
fd2211ab-c996-45eb-8b4f-bf8ba202517a,9,0.25,36,0.0,0.5454545454545454,0.5454545454545454
fd2211ab-c996-45eb-8b4f-bf8ba202517a,20,0.5555555555555556,36,0.5454545454545454,0.125,-0.4204545454545454
fd2a997e-8b1b-45aa-bdf8-37dda86f79e5,6,0.2727272727272727,22,1.0,0.25,-0.75
fd2a997e-8b1b-45aa-bdf8-37dda86f79e5,14,0.6363636363636364,22,0.25,0.875,0.625
fd3374c9-9d9d-41e9-8b7c-d0e80f2353fa,4,0.23529411764705882,17,0.5,0.9230769230769231,0.42307692307692313
fd365494-7c2e-4066-9c35-af63143ba036,8,0.34782608695652173,23,0.875,0.4,-0.475
fd36a4a4-b541-40f4-bb71-63651a10fef6,26,0.6190476190476191,42,0.9615384615384616,0.625,-0.33653846153846156
fd3de5a0-5442-410a-b770-81bc31375d34,8,0.4444444444444444,18,1.0,0.3333333333333333,-0.6666666666666667
fd3de5a0-5442-410a-b770-81bc31375d34,11,0.6111111111111112,18,0.3333333333333333,1.0,0.6666666666666667
fd41249d-1330-4a55-aea5-5336aade77c0,33,0.9166666666666666,36,0.9090909090909091,0.3333333333333333,-0.5757575757575757
fd6a990b-dfef-4d2c-b95e-bbc9a4958cb2,26,0.6190476190476191,42,0.8846153846153846,0.375,-0.5096153846153846
fd6ffe0a-efe5-4279-aecd-2e2e4a402a4a,9,0.25,36,0.8888888888888888,0.45454545454545453,-0.4343434343434343
fd6ffe0a-efe5-4279-aecd-2e2e4a402a4a,20,0.5555555555555556,36,0.45454545454545453,0.875,0.42045454545454547
fd760ee2-7b33-40ee-9b60-155142a91cdb,43,0.86,50,0.9534883720930233,0.0,-0.9534883720930233
fd9442e8-7ad5-4da6-8f7e-9538758d0af9,20,0.5,40,0.5,1.0,0.5
fd9442e8-7ad5-4da6-8f7e-9538758d0af9,24,0.6,40,1.0,0.125,-0.875
fd9442e8-7ad5-4da6-8f7e-9538758d0af9,32,0.8,40,0.125,0.75,0.625
fdadc042-2bfd-490a-a06e-ed6e54015d94,11,0.6470588235294118,17,0.5454545454545454,0.0,-0.5454545454545454
fdd1b4d1-8a67-4933-ae6e-de720a44d4c3,9,0.25,36,0.8888888888888888,0.4074074074074074,-0.48148148148148145
fde9d9ec-9afa-4c0b-9141-8a3109e33570,39,0.9285714285714286,42,0.8974358974358975,0.3333333333333333,-0.5641025641025641
fe00a177-a91f-437b-9569-1fbf4c78e494,23,0.6388888888888888,36,0.30434782608695654,1.0,0.6956521739130435
fe00a177-a91f-437b-9569-1fbf4c78e494,27,0.75,36,1.0,0.2222222222222222,-0.7777777777777778
fe084e58-84db-4079-9506-a8f9cc00deba,30,0.75,40,0.03333333333333333,0.6666666666666666,0.6333333333333333
fe084e58-84db-4079-9506-a8f9cc00deba,36,0.9,40,0.6666666666666666,0.0,-0.6666666666666666
fe245186-db73-4397-9fd1-24e6917edce3,8,0.17777777777777778,45,0.875,0.14285714285714285,-0.7321428571428572
fe245186-db73-4397-9fd1-24e6917edce3,15,0.3333333333333333,45,0.14285714285714285,0.6521739130434783,0.5093167701863355
fe245186-db73-4397-9fd1-24e6917edce3,38,0.8444444444444444,45,0.6521739130434783,0.0,-0.6521739130434783
fe245186-db73-4397-9fd1-24e6917edce3,41,0.9111111111111111,45,0.0,1.0,1.0
fe2c8a3c-7270-4897-8f8f-26aa4d9a5746,23,0.5476190476190477,42,1.0,0.0,-1.0
fe2c8a3c-7270-4897-8f8f-26aa4d9a5746,28,0.6666666666666666,42,0.0,1.0,1.0
fe2c8a3c-7270-4897-8f8f-26aa4d9a5746,33,0.7857142857142857,42,1.0,0.1111111111111111,-0.8888888888888888
fe5c86ef-77ca-4780-baf3-f4e53579014e,9,0.18,50,0.6666666666666666,0.1,-0.5666666666666667
fe5c86ef-77ca-4780-baf3-f4e53579014e,19,0.38,50,0.1,1.0,0.9
fe5c86ef-77ca-4780-baf3-f4e53579014e,22,0.44,50,1.0,0.2857142857142857,-0.7142857142857143
fe5c86ef-77ca-4780-baf3-f4e53579014e,29,0.58,50,0.2857142857142857,1.0,0.7142857142857143
fe5c86ef-77ca-4780-baf3-f4e53579014e,34,0.68,50,1.0,0.3125,-0.6875
fe5ff8c6-4cbd-4b4d-8b84-3a687c8efe9f,10,0.2777777777777778,36,0.9,0.5,-0.4
fe7173f1-a916-4e73-afe5-0cfce650b241,36,0.8571428571428571,42,0.7222222222222222,0.0,-0.7222222222222222
fe72d0f9-75f3-4772-92b3-88cf67312740,34,0.85,40,0.029411764705882353,0.6666666666666666,0.6372549019607843
fe954c97-0ad2-4c5b-a964-4188b0b5cc99,11,0.275,40,1.0,0.25,-0.75
fe954c97-0ad2-4c5b-a964-4188b0b5cc99,15,0.375,40,0.25,0.8,0.55
fea41997-4a4b-4178-86df-e86c6fa4491e,22,0.44,50,0.13636363636363635,0.7,0.5636363636363636
fea41997-4a4b-4178-86df-e86c6fa4491e,42,0.84,50,0.7,0.125,-0.575
fea88bfe-ab70-4c5f-ab58-31fa340736c9,33,0.66,50,0.0,0.6470588235294118,0.6470588235294118
feb19533-38b9-420d-8bfb-650677874ee8,40,0.8,50,0.575,0.0,-0.575
fed4b8a3-007d-4429-8768-065d37703ba6,5,0.20833333333333334,24,1.0,0.25,-0.75
fed4b8a3-007d-4429-8768-065d37703ba6,9,0.375,24,0.25,0.8666666666666667,0.6166666666666667
fee3e649-5476-4a5c-a0ab-4b0ca8a704a0,13,0.2826086956521739,46,0.8461538461538461,0.36363636363636365,-0.4825174825174825
fee3e649-5476-4a5c-a0ab-4b0ca8a704a0,24,0.5217391304347826,46,0.36363636363636365,1.0,0.6363636363636364
fee3e649-5476-4a5c-a0ab-4b0ca8a704a0,29,0.6304347826086957,46,1.0,0.2,-0.8
fee3e649-5476-4a5c-a0ab-4b0ca8a704a0,34,0.7391304347826086,46,0.2,0.8571428571428571,0.657142857142857
fee3e649-5476-4a5c-a0ab-4b0ca8a704a0,41,0.8913043478260869,46,0.8571428571428571,0.2,-0.657142857142857
ff2e0edc-5431-4544-853c-0fd8029fa93d,9,0.391304347826087,23,1.0,0.07142857142857142,-0.9285714285714286
ff3f2f98-a70d-4ed7-9d6b-6b9d95fdcbf7,33,0.825,40,0.030303030303030304,0.7142857142857143,0.683982683982684
ff449dd7-a028-423a-b668-098dba1d2df1,21,0.5833333333333334,36,0.8095238095238095,0.0,-0.8095238095238095
ff449dd7-a028-423a-b668-098dba1d2df1,24,0.6666666666666666,36,0.0,0.9166666666666666,0.9166666666666666
ff47966c-ca9b-46b2-a312-f52929b231d1,4,0.17391304347826086,23,0.25,0.875,0.625
ff47966c-ca9b-46b2-a312-f52929b231d1,12,0.5217391304347826,23,0.875,0.09090909090909091,-0.7840909090909091
ff4edc89-66b0-456f-8128-95c583d044af,27,0.675,40,0.9259259259259259,0.46153846153846156,-0.46438746438746437
ff558c2f-0d00-4663-ba65-9d37d962614b,37,0.925,40,0.8648648648648649,0.3333333333333333,-0.5315315315315317
ff6baecc-2b34-47db-a0ed-3168c91e187f,10,0.23809523809523808,42,0.6,0.0,-0.6
ff6baecc-2b34-47db-a0ed-3168c91e187f,14,0.3333333333333333,42,0.0,1.0,1.0
ff6baecc-2b34-47db-a0ed-3168c91e187f,19,0.4523809523809524,42,1.0,0.13043478260869565,-0.8695652173913043
ff988055-aa3d-4991-b40e-640311beced1,4,0.23529411764705882,17,0.5,0.9230769230769231,0.42307692307692313
ffa95130-a389-4199-a96e-5ceec3f7b528,12,0.3,40,0.8333333333333334,0.3333333333333333,-0.5
ffa95130-a389-4199-a96e-5ceec3f7b528,27,0.675,40,0.3333333333333333,0.8333333333333334,0.5
ffa95130-a389-4199-a96e-5ceec3f7b528,33,0.825,40,0.8333333333333334,0.14285714285714285,-0.6904761904761905
ffe3c597-d505-4bca-8860-7af8c73212ab,19,0.8260869565217391,23,0.8421052631578947,0.25,-0.5921052631578947
fff17141-0dff-4ae7-88be-53470606a294,7,0.14583333333333334,48,0.8571428571428571,0.3333333333333333,-0.5238095238095237
fff17141-0dff-4ae7-88be-53470606a294,16,0.3333333333333333,48,0.3333333333333333,0.84375,0.5104166666666667
